Msg Timestamp,Message,Layer Id,Layer Name,Time,Unit of Measurement,Runtime,Graph Name
77023428082,LOAD,,,2621,us,,
77023428082,DESERIALIZE,,,0,,,
77023428082,CREATE,,,52992,us,,
77023428082,INIT,,,57515,us,,
77023428082,DE-INIT,,,23858,us,,
77023428082,CREATE_NETWORK(S),,,52753,us,,
77023428082,RPC_INIT_TIME,,,14799,us,,
77023428082,SNPE_ACCELERATOR_INIT_TIME,,,13419,us,,
77023428082,ACCELERATOR_INIT_TIME,,,13010,us,,
77023381024,AVG_TOTAL_INFERENCE_TIME,,,49003,us,,yolov8l-simplified-modified
77023381024,AVG_FORWARD_PROPAGATE_TIME,,,48959,us,,yolov8l-simplified-modified
77023381024,AVG_RPC_EXECUTE_TIME,,,34748,us,,yolov8l-simplified-modified
77023381024,AVG_SNPE_ACCELERATOR_TIME,,,34085,us,,yolov8l-simplified-modified
77023381024,AVG_ACCELERATOR_TIME,,,23543,us,,yolov8l-simplified-modified
77023381024,AVG_EXECUTE_TIME_SUBNET_0,,,39266083,cycles,DSP,yolov8l-simplified-modified
77023381024,EXECUTE_TIME_SUBNET_0,,,39372507,cycles,DSP,yolov8l-simplified-modified
77023381024,TOTAL_INFERENCE_TIME,,,53353,us,,yolov8l-simplified-modified
77023381024,FORWARD_PROPAGATE,,,53300,us,,yolov8l-simplified-modified
77023381024,FORWARD_PROPAGATE_LAYER,0,Input OpId_2 (cycles),0,cycles,DSP,yolov8l-simplified-modified
77023381024,FORWARD_PROPAGATE_LAYER,1,/model.0/conv/Conv:OpId_21 (cycles),0,cycles,DSP,yolov8l-simplified-modified
77023381024,FORWARD_PROPAGATE_LAYER,2,/model.0/act/Sigmoid:OpId_24 (cycles),0,cycles,DSP,yolov8l-simplified-modified
77023381024,FORWARD_PROPAGATE_LAYER,3,/model.0/act/Mul:OpId_31 (cycles),1306449,cycles,DSP,yolov8l-simplified-modified
77023381024,FORWARD_PROPAGATE_LAYER,4,/model.1/conv/Conv:OpId_38 (cycles),0,cycles,DSP,yolov8l-simplified-modified
77023381024,FORWARD_PROPAGATE_LAYER,5,/model.1/act/Sigmoid:OpId_41 (cycles),0,cycles,DSP,yolov8l-simplified-modified
77023381024,FORWARD_PROPAGATE_LAYER,6,/model.1/act/Mul:OpId_48 (cycles),2471275,cycles,DSP,yolov8l-simplified-modified
77023381024,FORWARD_PROPAGATE_LAYER,7,/model.2/cv1/conv/Conv:OpId_55 (cycles),0,cycles,DSP,yolov8l-simplified-modified
77023381024,FORWARD_PROPAGATE_LAYER,8,/model.2/cv1/act/Sigmoid:OpId_58 (cycles),0,cycles,DSP,yolov8l-simplified-modified
77023381024,FORWARD_PROPAGATE_LAYER,9,/model.2/cv1/act/Mul:OpId_65 (cycles),342820,cycles,DSP,yolov8l-simplified-modified
77023381024,FORWARD_PROPAGATE_LAYER,10,/model.2/Slice:OpId_68 (cycles),0,cycles,DSP,yolov8l-simplified-modified
77023381024,FORWARD_PROPAGATE_LAYER,11,/model.2/Slice_1:OpId_74 (cycles),0,cycles,DSP,yolov8l-simplified-modified
77023381024,FORWARD_PROPAGATE_LAYER,12,/model.2/m.0/cv1/conv/Conv:OpId_84 (cycles),0,cycles,DSP,yolov8l-simplified-modified
77023381024,FORWARD_PROPAGATE_LAYER,13,/model.2/m.0/cv1/act/Sigmoid:OpId_87 (cycles),0,cycles,DSP,yolov8l-simplified-modified
77023381024,FORWARD_PROPAGATE_LAYER,14,/model.2/m.0/cv1/act/Mul:OpId_94 (cycles),322638,cycles,DSP,yolov8l-simplified-modified
77023381024,FORWARD_PROPAGATE_LAYER,15,/model.2/m.0/cv2/conv/Conv:OpId_101 (cycles),0,cycles,DSP,yolov8l-simplified-modified
77023381024,FORWARD_PROPAGATE_LAYER,16,/model.2/m.0/cv2/act/Sigmoid:OpId_104 (cycles),0,cycles,DSP,yolov8l-simplified-modified
77023381024,FORWARD_PROPAGATE_LAYER,17,/model.2/m.0/cv2/act/Mul:OpId_111 (cycles),321038,cycles,DSP,yolov8l-simplified-modified
77023381024,FORWARD_PROPAGATE_LAYER,18,/model.2/m.0/Add:OpId_113 (cycles),49622,cycles,DSP,yolov8l-simplified-modified
77023381024,FORWARD_PROPAGATE_LAYER,19,/model.2/m.1/cv1/conv/Conv:OpId_120 (cycles),0,cycles,DSP,yolov8l-simplified-modified
77023381024,FORWARD_PROPAGATE_LAYER,20,/model.2/m.1/cv1/act/Sigmoid:OpId_123 (cycles),0,cycles,DSP,yolov8l-simplified-modified
77023381024,FORWARD_PROPAGATE_LAYER,21,/model.2/m.1/cv1/act/Mul:OpId_130 (cycles),321235,cycles,DSP,yolov8l-simplified-modified
77023381024,FORWARD_PROPAGATE_LAYER,22,/model.2/m.1/cv2/conv/Conv:OpId_137 (cycles),0,cycles,DSP,yolov8l-simplified-modified
77023381024,FORWARD_PROPAGATE_LAYER,23,/model.2/m.1/cv2/act/Sigmoid:OpId_140 (cycles),0,cycles,DSP,yolov8l-simplified-modified
77023381024,FORWARD_PROPAGATE_LAYER,24,/model.2/m.1/cv2/act/Mul:OpId_147 (cycles),317078,cycles,DSP,yolov8l-simplified-modified
77023381024,FORWARD_PROPAGATE_LAYER,25,/model.2/m.1/Add:OpId_149 (cycles),31892,cycles,DSP,yolov8l-simplified-modified
77023381024,FORWARD_PROPAGATE_LAYER,26,/model.2/m.2/cv1/conv/Conv:OpId_156 (cycles),0,cycles,DSP,yolov8l-simplified-modified
77023381024,FORWARD_PROPAGATE_LAYER,27,/model.2/m.2/cv1/act/Sigmoid:OpId_159 (cycles),0,cycles,DSP,yolov8l-simplified-modified
77023381024,FORWARD_PROPAGATE_LAYER,28,/model.2/m.2/cv1/act/Mul:OpId_166 (cycles),327904,cycles,DSP,yolov8l-simplified-modified
77023381024,FORWARD_PROPAGATE_LAYER,29,/model.2/m.2/cv2/conv/Conv:OpId_173 (cycles),0,cycles,DSP,yolov8l-simplified-modified
77023381024,FORWARD_PROPAGATE_LAYER,30,/model.2/m.2/cv2/act/Sigmoid:OpId_176 (cycles),0,cycles,DSP,yolov8l-simplified-modified
77023381024,FORWARD_PROPAGATE_LAYER,31,/model.2/m.2/cv2/act/Mul:OpId_183 (cycles),314779,cycles,DSP,yolov8l-simplified-modified
77023381024,FORWARD_PROPAGATE_LAYER,32,/model.2/m.2/Add:OpId_185 (cycles),28598,cycles,DSP,yolov8l-simplified-modified
77023381024,FORWARD_PROPAGATE_LAYER,33,/model.2/Concat:OpId_187 (cycles),0,cycles,DSP,yolov8l-simplified-modified
77023381024,FORWARD_PROPAGATE_LAYER,34,/model.2/cv2/conv/Conv:OpId_194 (cycles),0,cycles,DSP,yolov8l-simplified-modified
77023381024,FORWARD_PROPAGATE_LAYER,35,/model.2/cv2/act/Sigmoid:OpId_197 (cycles),0,cycles,DSP,yolov8l-simplified-modified
77023381024,FORWARD_PROPAGATE_LAYER,36,/model.2/cv2/act/Mul:OpId_204 (cycles),469870,cycles,DSP,yolov8l-simplified-modified
77023381024,FORWARD_PROPAGATE_LAYER,37,/model.3/conv/Conv:OpId_211 (cycles),0,cycles,DSP,yolov8l-simplified-modified
77023381024,FORWARD_PROPAGATE_LAYER,38,/model.3/act/Sigmoid:OpId_214 (cycles),0,cycles,DSP,yolov8l-simplified-modified
77023381024,FORWARD_PROPAGATE_LAYER,39,/model.3/act/Mul:OpId_221 (cycles),1426293,cycles,DSP,yolov8l-simplified-modified
77023381024,FORWARD_PROPAGATE_LAYER,40,/model.4/cv1/conv/Conv:OpId_228 (cycles),0,cycles,DSP,yolov8l-simplified-modified
77023381024,FORWARD_PROPAGATE_LAYER,41,/model.4/cv1/act/Sigmoid:OpId_231 (cycles),0,cycles,DSP,yolov8l-simplified-modified
77023381024,FORWARD_PROPAGATE_LAYER,42,/model.4/cv1/act/Mul:OpId_238 (cycles),208228,cycles,DSP,yolov8l-simplified-modified
77023381024,FORWARD_PROPAGATE_LAYER,43,/model.4/Slice:OpId_241 (cycles),0,cycles,DSP,yolov8l-simplified-modified
77023381024,FORWARD_PROPAGATE_LAYER,44,/model.4/Slice_1:OpId_247 (cycles),0,cycles,DSP,yolov8l-simplified-modified
77023381024,FORWARD_PROPAGATE_LAYER,45,/model.4/m.0/cv1/conv/Conv:OpId_257 (cycles),0,cycles,DSP,yolov8l-simplified-modified
77023381024,FORWARD_PROPAGATE_LAYER,46,/model.4/m.0/cv1/act/Sigmoid:OpId_260 (cycles),0,cycles,DSP,yolov8l-simplified-modified
77023381024,FORWARD_PROPAGATE_LAYER,47,/model.4/m.0/cv1/act/Mul:OpId_267 (cycles),275795,cycles,DSP,yolov8l-simplified-modified
77023381024,FORWARD_PROPAGATE_LAYER,48,/model.4/m.0/cv2/conv/Conv:OpId_274 (cycles),0,cycles,DSP,yolov8l-simplified-modified
77023381024,FORWARD_PROPAGATE_LAYER,49,/model.4/m.0/cv2/act/Sigmoid:OpId_277 (cycles),0,cycles,DSP,yolov8l-simplified-modified
77023381024,FORWARD_PROPAGATE_LAYER,50,/model.4/m.0/cv2/act/Mul:OpId_284 (cycles),275513,cycles,DSP,yolov8l-simplified-modified
77023381024,FORWARD_PROPAGATE_LAYER,51,/model.4/m.0/Add:OpId_286 (cycles),35113,cycles,DSP,yolov8l-simplified-modified
77023381024,FORWARD_PROPAGATE_LAYER,52,/model.4/m.1/cv1/conv/Conv:OpId_293 (cycles),0,cycles,DSP,yolov8l-simplified-modified
77023381024,FORWARD_PROPAGATE_LAYER,53,/model.4/m.1/cv1/act/Sigmoid:OpId_296 (cycles),0,cycles,DSP,yolov8l-simplified-modified
77023381024,FORWARD_PROPAGATE_LAYER,54,/model.4/m.1/cv1/act/Mul:OpId_303 (cycles),276498,cycles,DSP,yolov8l-simplified-modified
77023381024,FORWARD_PROPAGATE_LAYER,55,/model.4/m.1/cv2/conv/Conv:OpId_310 (cycles),0,cycles,DSP,yolov8l-simplified-modified
77023381024,FORWARD_PROPAGATE_LAYER,56,/model.4/m.1/cv2/act/Sigmoid:OpId_313 (cycles),0,cycles,DSP,yolov8l-simplified-modified
77023381024,FORWARD_PROPAGATE_LAYER,57,/model.4/m.1/cv2/act/Mul:OpId_320 (cycles),273827,cycles,DSP,yolov8l-simplified-modified
77023381024,FORWARD_PROPAGATE_LAYER,58,/model.4/m.1/Add:OpId_322 (cycles),31456,cycles,DSP,yolov8l-simplified-modified
77023381024,FORWARD_PROPAGATE_LAYER,59,/model.4/m.2/cv1/conv/Conv:OpId_329 (cycles),0,cycles,DSP,yolov8l-simplified-modified
77023381024,FORWARD_PROPAGATE_LAYER,60,/model.4/m.2/cv1/act/Sigmoid:OpId_332 (cycles),0,cycles,DSP,yolov8l-simplified-modified
77023381024,FORWARD_PROPAGATE_LAYER,61,/model.4/m.2/cv1/act/Mul:OpId_339 (cycles),284286,cycles,DSP,yolov8l-simplified-modified
77023381024,FORWARD_PROPAGATE_LAYER,62,/model.4/m.2/cv2/conv/Conv:OpId_346 (cycles),0,cycles,DSP,yolov8l-simplified-modified
77023381024,FORWARD_PROPAGATE_LAYER,63,/model.4/m.2/cv2/act/Sigmoid:OpId_349 (cycles),0,cycles,DSP,yolov8l-simplified-modified
77023381024,FORWARD_PROPAGATE_LAYER,64,/model.4/m.2/cv2/act/Mul:OpId_356 (cycles),275548,cycles,DSP,yolov8l-simplified-modified
77023381024,FORWARD_PROPAGATE_LAYER,65,/model.4/m.2/Add:OpId_358 (cycles),46308,cycles,DSP,yolov8l-simplified-modified
77023381024,FORWARD_PROPAGATE_LAYER,66,/model.4/m.3/cv1/conv/Conv:OpId_365 (cycles),0,cycles,DSP,yolov8l-simplified-modified
77023381024,FORWARD_PROPAGATE_LAYER,67,/model.4/m.3/cv1/act/Sigmoid:OpId_368 (cycles),0,cycles,DSP,yolov8l-simplified-modified
77023381024,FORWARD_PROPAGATE_LAYER,68,/model.4/m.3/cv1/act/Mul:OpId_375 (cycles),302334,cycles,DSP,yolov8l-simplified-modified
77023381024,FORWARD_PROPAGATE_LAYER,69,/model.4/m.3/cv2/conv/Conv:OpId_382 (cycles),0,cycles,DSP,yolov8l-simplified-modified
77023381024,FORWARD_PROPAGATE_LAYER,70,/model.4/m.3/cv2/act/Sigmoid:OpId_385 (cycles),0,cycles,DSP,yolov8l-simplified-modified
77023381024,FORWARD_PROPAGATE_LAYER,71,/model.4/m.3/cv2/act/Mul:OpId_392 (cycles),274005,cycles,DSP,yolov8l-simplified-modified
77023381024,FORWARD_PROPAGATE_LAYER,72,/model.4/m.3/Add:OpId_394 (cycles),21888,cycles,DSP,yolov8l-simplified-modified
77023381024,FORWARD_PROPAGATE_LAYER,73,/model.4/m.4/cv1/conv/Conv:OpId_401 (cycles),0,cycles,DSP,yolov8l-simplified-modified
77023381024,FORWARD_PROPAGATE_LAYER,74,/model.4/m.4/cv1/act/Sigmoid:OpId_404 (cycles),0,cycles,DSP,yolov8l-simplified-modified
77023381024,FORWARD_PROPAGATE_LAYER,75,/model.4/m.4/cv1/act/Mul:OpId_411 (cycles),303507,cycles,DSP,yolov8l-simplified-modified
77023381024,FORWARD_PROPAGATE_LAYER,76,/model.4/m.4/cv2/conv/Conv:OpId_418 (cycles),0,cycles,DSP,yolov8l-simplified-modified
77023381024,FORWARD_PROPAGATE_LAYER,77,/model.4/m.4/cv2/act/Sigmoid:OpId_421 (cycles),0,cycles,DSP,yolov8l-simplified-modified
77023381024,FORWARD_PROPAGATE_LAYER,78,/model.4/m.4/cv2/act/Mul:OpId_428 (cycles),273469,cycles,DSP,yolov8l-simplified-modified
77023381024,FORWARD_PROPAGATE_LAYER,79,/model.4/m.4/Add:OpId_430 (cycles),15876,cycles,DSP,yolov8l-simplified-modified
77023381024,FORWARD_PROPAGATE_LAYER,80,/model.4/m.5/cv1/conv/Conv:OpId_437 (cycles),0,cycles,DSP,yolov8l-simplified-modified
77023381024,FORWARD_PROPAGATE_LAYER,81,/model.4/m.5/cv1/act/Sigmoid:OpId_440 (cycles),0,cycles,DSP,yolov8l-simplified-modified
77023381024,FORWARD_PROPAGATE_LAYER,82,/model.4/m.5/cv1/act/Mul:OpId_447 (cycles),305705,cycles,DSP,yolov8l-simplified-modified
77023381024,FORWARD_PROPAGATE_LAYER,83,/model.4/m.5/cv2/conv/Conv:OpId_454 (cycles),0,cycles,DSP,yolov8l-simplified-modified
77023381024,FORWARD_PROPAGATE_LAYER,84,/model.4/m.5/cv2/act/Sigmoid:OpId_457 (cycles),0,cycles,DSP,yolov8l-simplified-modified
77023381024,FORWARD_PROPAGATE_LAYER,85,/model.4/m.5/cv2/act/Mul:OpId_464 (cycles),274844,cycles,DSP,yolov8l-simplified-modified
77023381024,FORWARD_PROPAGATE_LAYER,86,/model.4/m.5/Add:OpId_466 (cycles),15688,cycles,DSP,yolov8l-simplified-modified
77023381024,FORWARD_PROPAGATE_LAYER,87,/model.4/Concat:OpId_468 (cycles),0,cycles,DSP,yolov8l-simplified-modified
77023381024,FORWARD_PROPAGATE_LAYER,88,/model.4/cv2/conv/Conv:OpId_475 (cycles),0,cycles,DSP,yolov8l-simplified-modified
77023381024,FORWARD_PROPAGATE_LAYER,89,/model.4/cv2/act/Sigmoid:OpId_478 (cycles),0,cycles,DSP,yolov8l-simplified-modified
77023381024,FORWARD_PROPAGATE_LAYER,90,/model.4/cv2/act/Mul:OpId_485 (cycles),619296,cycles,DSP,yolov8l-simplified-modified
77023381024,FORWARD_PROPAGATE_LAYER,91,/model.5/conv/Conv:OpId_492 (cycles),0,cycles,DSP,yolov8l-simplified-modified
77023381024,FORWARD_PROPAGATE_LAYER,92,/model.5/act/Sigmoid:OpId_495 (cycles),0,cycles,DSP,yolov8l-simplified-modified
77023381024,FORWARD_PROPAGATE_LAYER,93,/model.5/act/Mul:OpId_502 (cycles),1109722,cycles,DSP,yolov8l-simplified-modified
77023381024,FORWARD_PROPAGATE_LAYER,94,/model.6/cv1/conv/Conv:OpId_509 (cycles),0,cycles,DSP,yolov8l-simplified-modified
77023381024,FORWARD_PROPAGATE_LAYER,95,/model.6/cv1/act/Sigmoid:OpId_512 (cycles),0,cycles,DSP,yolov8l-simplified-modified
77023381024,FORWARD_PROPAGATE_LAYER,96,/model.6/cv1/act/Mul:OpId_519 (cycles),163161,cycles,DSP,yolov8l-simplified-modified
77023381024,FORWARD_PROPAGATE_LAYER,97,/model.6/Slice:OpId_522 (cycles),0,cycles,DSP,yolov8l-simplified-modified
77023381024,FORWARD_PROPAGATE_LAYER,98,/model.6/Slice_1:OpId_528 (cycles),0,cycles,DSP,yolov8l-simplified-modified
77023381024,FORWARD_PROPAGATE_LAYER,99,/model.6/m.0/cv1/conv/Conv:OpId_538 (cycles),0,cycles,DSP,yolov8l-simplified-modified
77023381024,FORWARD_PROPAGATE_LAYER,100,/model.6/m.0/cv1/act/Sigmoid:OpId_541 (cycles),0,cycles,DSP,yolov8l-simplified-modified
77023381024,FORWARD_PROPAGATE_LAYER,101,/model.6/m.0/cv1/act/Mul:OpId_548 (cycles),257481,cycles,DSP,yolov8l-simplified-modified
77023381024,FORWARD_PROPAGATE_LAYER,102,/model.6/m.0/cv2/conv/Conv:OpId_555 (cycles),0,cycles,DSP,yolov8l-simplified-modified
77023381024,FORWARD_PROPAGATE_LAYER,103,/model.6/m.0/cv2/act/Sigmoid:OpId_558 (cycles),0,cycles,DSP,yolov8l-simplified-modified
77023381024,FORWARD_PROPAGATE_LAYER,104,/model.6/m.0/cv2/act/Mul:OpId_565 (cycles),287394,cycles,DSP,yolov8l-simplified-modified
77023381024,FORWARD_PROPAGATE_LAYER,105,/model.6/m.0/Add:OpId_567 (cycles),18124,cycles,DSP,yolov8l-simplified-modified
77023381024,FORWARD_PROPAGATE_LAYER,106,/model.6/m.1/cv1/conv/Conv:OpId_574 (cycles),0,cycles,DSP,yolov8l-simplified-modified
77023381024,FORWARD_PROPAGATE_LAYER,107,/model.6/m.1/cv1/act/Sigmoid:OpId_577 (cycles),0,cycles,DSP,yolov8l-simplified-modified
77023381024,FORWARD_PROPAGATE_LAYER,108,/model.6/m.1/cv1/act/Mul:OpId_584 (cycles),255523,cycles,DSP,yolov8l-simplified-modified
77023381024,FORWARD_PROPAGATE_LAYER,109,/model.6/m.1/cv2/conv/Conv:OpId_591 (cycles),0,cycles,DSP,yolov8l-simplified-modified
77023381024,FORWARD_PROPAGATE_LAYER,110,/model.6/m.1/cv2/act/Sigmoid:OpId_594 (cycles),0,cycles,DSP,yolov8l-simplified-modified
77023381024,FORWARD_PROPAGATE_LAYER,111,/model.6/m.1/cv2/act/Mul:OpId_601 (cycles),285913,cycles,DSP,yolov8l-simplified-modified
77023381024,FORWARD_PROPAGATE_LAYER,112,/model.6/m.1/Add:OpId_603 (cycles),17552,cycles,DSP,yolov8l-simplified-modified
77023381024,FORWARD_PROPAGATE_LAYER,113,/model.6/m.2/cv1/conv/Conv:OpId_610 (cycles),0,cycles,DSP,yolov8l-simplified-modified
77023381024,FORWARD_PROPAGATE_LAYER,114,/model.6/m.2/cv1/act/Sigmoid:OpId_613 (cycles),0,cycles,DSP,yolov8l-simplified-modified
77023381024,FORWARD_PROPAGATE_LAYER,115,/model.6/m.2/cv1/act/Mul:OpId_620 (cycles),278378,cycles,DSP,yolov8l-simplified-modified
77023381024,FORWARD_PROPAGATE_LAYER,116,/model.6/m.2/cv2/conv/Conv:OpId_627 (cycles),0,cycles,DSP,yolov8l-simplified-modified
77023381024,FORWARD_PROPAGATE_LAYER,117,/model.6/m.2/cv2/act/Sigmoid:OpId_630 (cycles),0,cycles,DSP,yolov8l-simplified-modified
77023381024,FORWARD_PROPAGATE_LAYER,118,/model.6/m.2/cv2/act/Mul:OpId_637 (cycles),286625,cycles,DSP,yolov8l-simplified-modified
77023381024,FORWARD_PROPAGATE_LAYER,119,/model.6/m.2/Add:OpId_639 (cycles),16685,cycles,DSP,yolov8l-simplified-modified
77023381024,FORWARD_PROPAGATE_LAYER,120,/model.6/m.3/cv1/conv/Conv:OpId_646 (cycles),0,cycles,DSP,yolov8l-simplified-modified
77023381024,FORWARD_PROPAGATE_LAYER,121,/model.6/m.3/cv1/act/Sigmoid:OpId_649 (cycles),0,cycles,DSP,yolov8l-simplified-modified
77023381024,FORWARD_PROPAGATE_LAYER,122,/model.6/m.3/cv1/act/Mul:OpId_656 (cycles),280963,cycles,DSP,yolov8l-simplified-modified
77023381024,FORWARD_PROPAGATE_LAYER,123,/model.6/m.3/cv2/conv/Conv:OpId_663 (cycles),0,cycles,DSP,yolov8l-simplified-modified
77023381024,FORWARD_PROPAGATE_LAYER,124,/model.6/m.3/cv2/act/Sigmoid:OpId_666 (cycles),0,cycles,DSP,yolov8l-simplified-modified
77023381024,FORWARD_PROPAGATE_LAYER,125,/model.6/m.3/cv2/act/Mul:OpId_673 (cycles),286379,cycles,DSP,yolov8l-simplified-modified
77023381024,FORWARD_PROPAGATE_LAYER,126,/model.6/m.3/Add:OpId_675 (cycles),19955,cycles,DSP,yolov8l-simplified-modified
77023381024,FORWARD_PROPAGATE_LAYER,127,/model.6/m.4/cv1/conv/Conv:OpId_682 (cycles),0,cycles,DSP,yolov8l-simplified-modified
77023381024,FORWARD_PROPAGATE_LAYER,128,/model.6/m.4/cv1/act/Sigmoid:OpId_685 (cycles),0,cycles,DSP,yolov8l-simplified-modified
77023381024,FORWARD_PROPAGATE_LAYER,129,/model.6/m.4/cv1/act/Mul:OpId_692 (cycles),287965,cycles,DSP,yolov8l-simplified-modified
77023381024,FORWARD_PROPAGATE_LAYER,130,/model.6/m.4/cv2/conv/Conv:OpId_699 (cycles),0,cycles,DSP,yolov8l-simplified-modified
77023381024,FORWARD_PROPAGATE_LAYER,131,/model.6/m.4/cv2/act/Sigmoid:OpId_702 (cycles),0,cycles,DSP,yolov8l-simplified-modified
77023381024,FORWARD_PROPAGATE_LAYER,132,/model.6/m.4/cv2/act/Mul:OpId_709 (cycles),285119,cycles,DSP,yolov8l-simplified-modified
77023381024,FORWARD_PROPAGATE_LAYER,133,/model.6/m.4/Add:OpId_711 (cycles),16532,cycles,DSP,yolov8l-simplified-modified
77023381024,FORWARD_PROPAGATE_LAYER,134,/model.6/m.5/cv1/conv/Conv:OpId_718 (cycles),0,cycles,DSP,yolov8l-simplified-modified
77023381024,FORWARD_PROPAGATE_LAYER,135,/model.6/m.5/cv1/act/Sigmoid:OpId_721 (cycles),0,cycles,DSP,yolov8l-simplified-modified
77023381024,FORWARD_PROPAGATE_LAYER,136,/model.6/m.5/cv1/act/Mul:OpId_728 (cycles),296446,cycles,DSP,yolov8l-simplified-modified
77023381024,FORWARD_PROPAGATE_LAYER,137,/model.6/m.5/cv2/conv/Conv:OpId_735 (cycles),0,cycles,DSP,yolov8l-simplified-modified
77023381024,FORWARD_PROPAGATE_LAYER,138,/model.6/m.5/cv2/act/Sigmoid:OpId_738 (cycles),0,cycles,DSP,yolov8l-simplified-modified
77023381024,FORWARD_PROPAGATE_LAYER,139,/model.6/m.5/cv2/act/Mul:OpId_745 (cycles),284317,cycles,DSP,yolov8l-simplified-modified
77023381024,FORWARD_PROPAGATE_LAYER,140,/model.6/m.5/Add:OpId_747 (cycles),17319,cycles,DSP,yolov8l-simplified-modified
77023381024,FORWARD_PROPAGATE_LAYER,141,/model.6/Concat:OpId_749 (cycles),0,cycles,DSP,yolov8l-simplified-modified
77023381024,FORWARD_PROPAGATE_LAYER,142,/model.6/cv2/conv/Conv:OpId_756 (cycles),0,cycles,DSP,yolov8l-simplified-modified
77023381024,FORWARD_PROPAGATE_LAYER,143,/model.6/cv2/act/Sigmoid:OpId_759 (cycles),0,cycles,DSP,yolov8l-simplified-modified
77023381024,FORWARD_PROPAGATE_LAYER,144,/model.6/cv2/act/Mul:OpId_766 (cycles),552165,cycles,DSP,yolov8l-simplified-modified
77023381024,FORWARD_PROPAGATE_LAYER,145,/model.7/conv/Conv:OpId_773 (cycles),0,cycles,DSP,yolov8l-simplified-modified
77023381024,FORWARD_PROPAGATE_LAYER,146,/model.7/act/Sigmoid:OpId_776 (cycles),0,cycles,DSP,yolov8l-simplified-modified
77023381024,FORWARD_PROPAGATE_LAYER,147,/model.7/act/Mul:OpId_783 (cycles),1001373,cycles,DSP,yolov8l-simplified-modified
77023381024,FORWARD_PROPAGATE_LAYER,148,/model.8/cv1/conv/Conv:OpId_790 (cycles),0,cycles,DSP,yolov8l-simplified-modified
77023381024,FORWARD_PROPAGATE_LAYER,149,/model.8/cv1/act/Sigmoid:OpId_793 (cycles),0,cycles,DSP,yolov8l-simplified-modified
77023381024,FORWARD_PROPAGATE_LAYER,150,/model.8/cv1/act/Mul:OpId_800 (cycles),51652,cycles,DSP,yolov8l-simplified-modified
77023381024,FORWARD_PROPAGATE_LAYER,151,/model.8/Slice:OpId_803 (cycles),0,cycles,DSP,yolov8l-simplified-modified
77023381024,FORWARD_PROPAGATE_LAYER,152,/model.8/Slice_1:OpId_809 (cycles),0,cycles,DSP,yolov8l-simplified-modified
77023381024,FORWARD_PROPAGATE_LAYER,153,/model.8/m.0/cv1/conv/Conv:OpId_819 (cycles),0,cycles,DSP,yolov8l-simplified-modified
77023381024,FORWARD_PROPAGATE_LAYER,154,/model.8/m.0/cv1/act/Sigmoid:OpId_822 (cycles),0,cycles,DSP,yolov8l-simplified-modified
77023381024,FORWARD_PROPAGATE_LAYER,155,/model.8/m.0/cv1/act/Mul:OpId_829 (cycles),84166,cycles,DSP,yolov8l-simplified-modified
77023381024,FORWARD_PROPAGATE_LAYER,156,/model.8/m.0/cv2/conv/Conv:OpId_836 (cycles),0,cycles,DSP,yolov8l-simplified-modified
77023381024,FORWARD_PROPAGATE_LAYER,157,/model.8/m.0/cv2/act/Sigmoid:OpId_839 (cycles),0,cycles,DSP,yolov8l-simplified-modified
77023381024,FORWARD_PROPAGATE_LAYER,158,/model.8/m.0/cv2/act/Mul:OpId_846 (cycles),79124,cycles,DSP,yolov8l-simplified-modified
77023381024,FORWARD_PROPAGATE_LAYER,159,/model.8/m.0/Add:OpId_848 (cycles),5597,cycles,DSP,yolov8l-simplified-modified
77023381024,FORWARD_PROPAGATE_LAYER,160,/model.8/m.1/cv1/conv/Conv:OpId_855 (cycles),0,cycles,DSP,yolov8l-simplified-modified
77023381024,FORWARD_PROPAGATE_LAYER,161,/model.8/m.1/cv1/act/Sigmoid:OpId_858 (cycles),0,cycles,DSP,yolov8l-simplified-modified
77023381024,FORWARD_PROPAGATE_LAYER,162,/model.8/m.1/cv1/act/Mul:OpId_865 (cycles),82265,cycles,DSP,yolov8l-simplified-modified
77023381024,FORWARD_PROPAGATE_LAYER,163,/model.8/m.1/cv2/conv/Conv:OpId_872 (cycles),0,cycles,DSP,yolov8l-simplified-modified
77023381024,FORWARD_PROPAGATE_LAYER,164,/model.8/m.1/cv2/act/Sigmoid:OpId_875 (cycles),0,cycles,DSP,yolov8l-simplified-modified
77023381024,FORWARD_PROPAGATE_LAYER,165,/model.8/m.1/cv2/act/Mul:OpId_882 (cycles),79362,cycles,DSP,yolov8l-simplified-modified
77023381024,FORWARD_PROPAGATE_LAYER,166,/model.8/m.1/Add:OpId_884 (cycles),6984,cycles,DSP,yolov8l-simplified-modified
77023381024,FORWARD_PROPAGATE_LAYER,167,/model.8/m.2/cv1/conv/Conv:OpId_891 (cycles),0,cycles,DSP,yolov8l-simplified-modified
77023381024,FORWARD_PROPAGATE_LAYER,168,/model.8/m.2/cv1/act/Sigmoid:OpId_894 (cycles),0,cycles,DSP,yolov8l-simplified-modified
77023381024,FORWARD_PROPAGATE_LAYER,169,/model.8/m.2/cv1/act/Mul:OpId_901 (cycles),81350,cycles,DSP,yolov8l-simplified-modified
77023381024,FORWARD_PROPAGATE_LAYER,170,/model.8/m.2/cv2/conv/Conv:OpId_908 (cycles),0,cycles,DSP,yolov8l-simplified-modified
77023381024,FORWARD_PROPAGATE_LAYER,171,/model.8/m.2/cv2/act/Sigmoid:OpId_911 (cycles),0,cycles,DSP,yolov8l-simplified-modified
77023381024,FORWARD_PROPAGATE_LAYER,172,/model.8/m.2/cv2/act/Mul:OpId_918 (cycles),79208,cycles,DSP,yolov8l-simplified-modified
77023381024,FORWARD_PROPAGATE_LAYER,173,/model.8/m.2/Add:OpId_920 (cycles),4815,cycles,DSP,yolov8l-simplified-modified
77023381024,FORWARD_PROPAGATE_LAYER,174,/model.8/Concat:OpId_922 (cycles),0,cycles,DSP,yolov8l-simplified-modified
77023381024,FORWARD_PROPAGATE_LAYER,175,/model.8/cv2/conv/Conv:OpId_929 (cycles),0,cycles,DSP,yolov8l-simplified-modified
77023381024,FORWARD_PROPAGATE_LAYER,176,/model.8/cv2/act/Sigmoid:OpId_932 (cycles),0,cycles,DSP,yolov8l-simplified-modified
77023381024,FORWARD_PROPAGATE_LAYER,177,/model.8/cv2/act/Mul:OpId_939 (cycles),97954,cycles,DSP,yolov8l-simplified-modified
77023381024,FORWARD_PROPAGATE_LAYER,178,/model.9/cv1/conv/Conv:OpId_946 (cycles),0,cycles,DSP,yolov8l-simplified-modified
77023381024,FORWARD_PROPAGATE_LAYER,179,/model.9/cv1/act/Sigmoid:OpId_949 (cycles),0,cycles,DSP,yolov8l-simplified-modified
77023381024,FORWARD_PROPAGATE_LAYER,180,/model.9/cv1/act/Mul:OpId_956 (cycles),22843,cycles,DSP,yolov8l-simplified-modified
77023381024,FORWARD_PROPAGATE_LAYER,181,/model.9/m/MaxPool:OpId_961 (cycles),234372,cycles,DSP,yolov8l-simplified-modified
77023381024,FORWARD_PROPAGATE_LAYER,182,/model.9/m_1/MaxPool:OpId_966 (cycles),193944,cycles,DSP,yolov8l-simplified-modified
77023381024,FORWARD_PROPAGATE_LAYER,183,/model.9/m_2/MaxPool:OpId_971 (cycles),197377,cycles,DSP,yolov8l-simplified-modified
77023381024,FORWARD_PROPAGATE_LAYER,184,/model.9/Concat:OpId_973 (cycles),0,cycles,DSP,yolov8l-simplified-modified
77023381024,FORWARD_PROPAGATE_LAYER,185,/model.9/cv2/conv/Conv:OpId_980 (cycles),0,cycles,DSP,yolov8l-simplified-modified
77023381024,FORWARD_PROPAGATE_LAYER,186,/model.9/cv2/act/Sigmoid:OpId_983 (cycles),0,cycles,DSP,yolov8l-simplified-modified
77023381024,FORWARD_PROPAGATE_LAYER,187,/model.9/cv2/act/Mul:OpId_990 (cycles),107456,cycles,DSP,yolov8l-simplified-modified
77023381024,FORWARD_PROPAGATE_LAYER,188,/model.10/Resize:OpId_992 (cycles),122965,cycles,DSP,yolov8l-simplified-modified
77023381024,FORWARD_PROPAGATE_LAYER,189,/model.11/Concat:OpId_995 (cycles),0,cycles,DSP,yolov8l-simplified-modified
77023381024,FORWARD_PROPAGATE_LAYER,190,/model.12/cv1/conv/Conv:OpId_1002 (cycles),0,cycles,DSP,yolov8l-simplified-modified
77023381024,FORWARD_PROPAGATE_LAYER,191,/model.12/cv1/act/Sigmoid:OpId_1005 (cycles),0,cycles,DSP,yolov8l-simplified-modified
77023381024,FORWARD_PROPAGATE_LAYER,192,/model.12/cv1/act/Mul:OpId_1012 (cycles),265733,cycles,DSP,yolov8l-simplified-modified
77023381024,FORWARD_PROPAGATE_LAYER,193,/model.12/Slice:OpId_1015 (cycles),0,cycles,DSP,yolov8l-simplified-modified
77023381024,FORWARD_PROPAGATE_LAYER,194,/model.12/Slice_1:OpId_1021 (cycles),0,cycles,DSP,yolov8l-simplified-modified
77023381024,FORWARD_PROPAGATE_LAYER,195,/model.12/m.0/cv1/conv/Conv:OpId_1031 (cycles),0,cycles,DSP,yolov8l-simplified-modified
77023381024,FORWARD_PROPAGATE_LAYER,196,/model.12/m.0/cv1/act/Sigmoid:OpId_1034 (cycles),0,cycles,DSP,yolov8l-simplified-modified
77023381024,FORWARD_PROPAGATE_LAYER,197,/model.12/m.0/cv1/act/Mul:OpId_1041 (cycles),255978,cycles,DSP,yolov8l-simplified-modified
77023381024,FORWARD_PROPAGATE_LAYER,198,/model.12/m.0/cv2/conv/Conv:OpId_1048 (cycles),0,cycles,DSP,yolov8l-simplified-modified
77023381024,FORWARD_PROPAGATE_LAYER,199,/model.12/m.0/cv2/act/Sigmoid:OpId_1051 (cycles),0,cycles,DSP,yolov8l-simplified-modified
77023381024,FORWARD_PROPAGATE_LAYER,200,/model.12/m.0/cv2/act/Mul:OpId_1058 (cycles),255878,cycles,DSP,yolov8l-simplified-modified
77023381024,FORWARD_PROPAGATE_LAYER,201,/model.12/m.1/cv1/conv/Conv:OpId_1065 (cycles),0,cycles,DSP,yolov8l-simplified-modified
77023381024,FORWARD_PROPAGATE_LAYER,202,/model.12/m.1/cv1/act/Sigmoid:OpId_1068 (cycles),0,cycles,DSP,yolov8l-simplified-modified
77023381024,FORWARD_PROPAGATE_LAYER,203,/model.12/m.1/cv1/act/Mul:OpId_1075 (cycles),292236,cycles,DSP,yolov8l-simplified-modified
77023381024,FORWARD_PROPAGATE_LAYER,204,/model.12/m.1/cv2/conv/Conv:OpId_1082 (cycles),0,cycles,DSP,yolov8l-simplified-modified
77023381024,FORWARD_PROPAGATE_LAYER,205,/model.12/m.1/cv2/act/Sigmoid:OpId_1085 (cycles),0,cycles,DSP,yolov8l-simplified-modified
77023381024,FORWARD_PROPAGATE_LAYER,206,/model.12/m.1/cv2/act/Mul:OpId_1092 (cycles),257185,cycles,DSP,yolov8l-simplified-modified
77023381024,FORWARD_PROPAGATE_LAYER,207,/model.12/m.2/cv1/conv/Conv:OpId_1099 (cycles),0,cycles,DSP,yolov8l-simplified-modified
77023381024,FORWARD_PROPAGATE_LAYER,208,/model.12/m.2/cv1/act/Sigmoid:OpId_1102 (cycles),0,cycles,DSP,yolov8l-simplified-modified
77023381024,FORWARD_PROPAGATE_LAYER,209,/model.12/m.2/cv1/act/Mul:OpId_1109 (cycles),255132,cycles,DSP,yolov8l-simplified-modified
77023381024,FORWARD_PROPAGATE_LAYER,210,/model.12/m.2/cv2/conv/Conv:OpId_1116 (cycles),0,cycles,DSP,yolov8l-simplified-modified
77023381024,FORWARD_PROPAGATE_LAYER,211,/model.12/m.2/cv2/act/Sigmoid:OpId_1119 (cycles),0,cycles,DSP,yolov8l-simplified-modified
77023381024,FORWARD_PROPAGATE_LAYER,212,/model.12/m.2/cv2/act/Mul:OpId_1126 (cycles),256649,cycles,DSP,yolov8l-simplified-modified
77023381024,FORWARD_PROPAGATE_LAYER,213,/model.12/Concat:OpId_1128 (cycles),0,cycles,DSP,yolov8l-simplified-modified
77023381024,FORWARD_PROPAGATE_LAYER,214,/model.12/cv2/conv/Conv:OpId_1135 (cycles),0,cycles,DSP,yolov8l-simplified-modified
77023381024,FORWARD_PROPAGATE_LAYER,215,/model.12/cv2/act/Sigmoid:OpId_1138 (cycles),0,cycles,DSP,yolov8l-simplified-modified
77023381024,FORWARD_PROPAGATE_LAYER,216,/model.12/cv2/act/Mul:OpId_1145 (cycles),355546,cycles,DSP,yolov8l-simplified-modified
77023381024,FORWARD_PROPAGATE_LAYER,217,/model.13/Resize:OpId_1147 (cycles),396763,cycles,DSP,yolov8l-simplified-modified
77023381024,FORWARD_PROPAGATE_LAYER,218,/model.14/Concat:OpId_1150 (cycles),0,cycles,DSP,yolov8l-simplified-modified
77023381024,FORWARD_PROPAGATE_LAYER,219,/model.15/cv1/conv/Conv:OpId_1157 (cycles),0,cycles,DSP,yolov8l-simplified-modified
77023381024,FORWARD_PROPAGATE_LAYER,220,/model.15/cv1/act/Sigmoid:OpId_1160 (cycles),0,cycles,DSP,yolov8l-simplified-modified
77023381024,FORWARD_PROPAGATE_LAYER,221,/model.15/cv1/act/Mul:OpId_1167 (cycles),410388,cycles,DSP,yolov8l-simplified-modified
77023381024,FORWARD_PROPAGATE_LAYER,222,/model.15/Slice:OpId_1170 (cycles),0,cycles,DSP,yolov8l-simplified-modified
77023381024,FORWARD_PROPAGATE_LAYER,223,/model.15/Slice_1:OpId_1176 (cycles),0,cycles,DSP,yolov8l-simplified-modified
77023381024,FORWARD_PROPAGATE_LAYER,224,/model.15/m.0/cv1/conv/Conv:OpId_1186 (cycles),0,cycles,DSP,yolov8l-simplified-modified
77023381024,FORWARD_PROPAGATE_LAYER,225,/model.15/m.0/cv1/act/Sigmoid:OpId_1189 (cycles),0,cycles,DSP,yolov8l-simplified-modified
77023381024,FORWARD_PROPAGATE_LAYER,226,/model.15/m.0/cv1/act/Mul:OpId_1196 (cycles),277185,cycles,DSP,yolov8l-simplified-modified
77023381024,FORWARD_PROPAGATE_LAYER,227,/model.15/m.0/cv2/conv/Conv:OpId_1203 (cycles),0,cycles,DSP,yolov8l-simplified-modified
77023381024,FORWARD_PROPAGATE_LAYER,228,/model.15/m.0/cv2/act/Sigmoid:OpId_1206 (cycles),0,cycles,DSP,yolov8l-simplified-modified
77023381024,FORWARD_PROPAGATE_LAYER,229,/model.15/m.0/cv2/act/Mul:OpId_1213 (cycles),276647,cycles,DSP,yolov8l-simplified-modified
77023381024,FORWARD_PROPAGATE_LAYER,230,/model.15/m.1/cv1/conv/Conv:OpId_1220 (cycles),0,cycles,DSP,yolov8l-simplified-modified
77023381024,FORWARD_PROPAGATE_LAYER,231,/model.15/m.1/cv1/act/Sigmoid:OpId_1223 (cycles),0,cycles,DSP,yolov8l-simplified-modified
77023381024,FORWARD_PROPAGATE_LAYER,232,/model.15/m.1/cv1/act/Mul:OpId_1230 (cycles),277988,cycles,DSP,yolov8l-simplified-modified
77023381024,FORWARD_PROPAGATE_LAYER,233,/model.15/m.1/cv2/conv/Conv:OpId_1237 (cycles),0,cycles,DSP,yolov8l-simplified-modified
77023381024,FORWARD_PROPAGATE_LAYER,234,/model.15/m.1/cv2/act/Sigmoid:OpId_1240 (cycles),0,cycles,DSP,yolov8l-simplified-modified
77023381024,FORWARD_PROPAGATE_LAYER,235,/model.15/m.1/cv2/act/Mul:OpId_1247 (cycles),275039,cycles,DSP,yolov8l-simplified-modified
77023381024,FORWARD_PROPAGATE_LAYER,236,/model.15/m.2/cv1/conv/Conv:OpId_1254 (cycles),0,cycles,DSP,yolov8l-simplified-modified
77023381024,FORWARD_PROPAGATE_LAYER,237,/model.15/m.2/cv1/act/Sigmoid:OpId_1257 (cycles),0,cycles,DSP,yolov8l-simplified-modified
77023381024,FORWARD_PROPAGATE_LAYER,238,/model.15/m.2/cv1/act/Mul:OpId_1264 (cycles),277807,cycles,DSP,yolov8l-simplified-modified
77023381024,FORWARD_PROPAGATE_LAYER,239,/model.15/m.2/cv2/conv/Conv:OpId_1271 (cycles),0,cycles,DSP,yolov8l-simplified-modified
77023381024,FORWARD_PROPAGATE_LAYER,240,/model.15/m.2/cv2/act/Sigmoid:OpId_1274 (cycles),0,cycles,DSP,yolov8l-simplified-modified
77023381024,FORWARD_PROPAGATE_LAYER,241,/model.15/m.2/cv2/act/Mul:OpId_1281 (cycles),276680,cycles,DSP,yolov8l-simplified-modified
77023381024,FORWARD_PROPAGATE_LAYER,242,/model.15/Concat:OpId_1283 (cycles),0,cycles,DSP,yolov8l-simplified-modified
77023381024,FORWARD_PROPAGATE_LAYER,243,/model.15/cv2/conv/Conv:OpId_1290 (cycles),0,cycles,DSP,yolov8l-simplified-modified
77023381024,FORWARD_PROPAGATE_LAYER,244,/model.15/cv2/act/Sigmoid:OpId_1293 (cycles),0,cycles,DSP,yolov8l-simplified-modified
77023381024,FORWARD_PROPAGATE_LAYER,245,/model.15/cv2/act/Mul:OpId_1300 (cycles),431182,cycles,DSP,yolov8l-simplified-modified
77023381024,FORWARD_PROPAGATE_LAYER,246,/model.16/conv/Conv:OpId_1307 (cycles),0,cycles,DSP,yolov8l-simplified-modified
77023381024,FORWARD_PROPAGATE_LAYER,247,/model.22/cv2.0/cv2.0.0/conv/Conv:OpId_1315 (cycles),0,cycles,DSP,yolov8l-simplified-modified
77023381024,FORWARD_PROPAGATE_LAYER,248,/model.22/cv3.0/cv3.0.0/conv/Conv:OpId_1323 (cycles),0,cycles,DSP,yolov8l-simplified-modified
77023381024,FORWARD_PROPAGATE_LAYER,249,/model.16/act/Sigmoid:OpId_1326 (cycles),0,cycles,DSP,yolov8l-simplified-modified
77023381024,FORWARD_PROPAGATE_LAYER,250,/model.22/cv2.0/cv2.0.0/act/Sigmoid:OpId_1333 (cycles),0,cycles,DSP,yolov8l-simplified-modified
77023381024,FORWARD_PROPAGATE_LAYER,251,/model.22/cv3.0/cv3.0.0/act/Sigmoid:OpId_1340 (cycles),0,cycles,DSP,yolov8l-simplified-modified
77023381024,FORWARD_PROPAGATE_LAYER,252,/model.16/act/Mul:OpId_1347 (cycles),728566,cycles,DSP,yolov8l-simplified-modified
77023381024,FORWARD_PROPAGATE_LAYER,253,/model.22/cv2.0/cv2.0.0/act/Mul:OpId_1349 (cycles),254495,cycles,DSP,yolov8l-simplified-modified
77023381024,FORWARD_PROPAGATE_LAYER,254,/model.22/cv3.0/cv3.0.0/act/Mul:OpId_1351 (cycles),1017562,cycles,DSP,yolov8l-simplified-modified
77023381024,FORWARD_PROPAGATE_LAYER,255,/model.17/Concat:OpId_1353 (cycles),0,cycles,DSP,yolov8l-simplified-modified
77023381024,FORWARD_PROPAGATE_LAYER,256,/model.22/cv2.0/cv2.0.1/conv/Conv:OpId_1360 (cycles),0,cycles,DSP,yolov8l-simplified-modified
77023381024,FORWARD_PROPAGATE_LAYER,257,/model.22/cv3.0/cv3.0.1/conv/Conv:OpId_1368 (cycles),0,cycles,DSP,yolov8l-simplified-modified
77023381024,FORWARD_PROPAGATE_LAYER,258,/model.18/cv1/conv/Conv:OpId_1376 (cycles),0,cycles,DSP,yolov8l-simplified-modified
77023381024,FORWARD_PROPAGATE_LAYER,259,/model.22/cv2.0/cv2.0.1/act/Sigmoid:OpId_1379 (cycles),0,cycles,DSP,yolov8l-simplified-modified
77023381024,FORWARD_PROPAGATE_LAYER,260,/model.22/cv3.0/cv3.0.1/act/Sigmoid:OpId_1386 (cycles),0,cycles,DSP,yolov8l-simplified-modified
77023381024,FORWARD_PROPAGATE_LAYER,261,/model.18/cv1/act/Sigmoid:OpId_1393 (cycles),0,cycles,DSP,yolov8l-simplified-modified
77023381024,FORWARD_PROPAGATE_LAYER,262,/model.22/cv2.0/cv2.0.1/act/Mul:OpId_1400 (cycles),82548,cycles,DSP,yolov8l-simplified-modified
77023381024,FORWARD_PROPAGATE_LAYER,263,/model.22/cv3.0/cv3.0.1/act/Mul:OpId_1402 (cycles),1036784,cycles,DSP,yolov8l-simplified-modified
77023381024,FORWARD_PROPAGATE_LAYER,264,/model.18/cv1/act/Mul:OpId_1404 (cycles),204937,cycles,DSP,yolov8l-simplified-modified
77023381024,FORWARD_PROPAGATE_LAYER,265,/model.22/cv2.0/cv2.0.2/Conv:OpId_1411 (cycles),11296,cycles,DSP,yolov8l-simplified-modified
77023381024,FORWARD_PROPAGATE_LAYER,266,/model.22/cv2.0/cv2.0.2/Conv_output_0.nchw:OpId_1415 (cycles),208619,cycles,DSP,yolov8l-simplified-modified
77023381024,FORWARD_PROPAGATE_LAYER,267,/model.22/cv3.0/cv3.0.2/Conv:OpId_1421 (cycles),0,cycles,DSP,yolov8l-simplified-modified
77023381024,FORWARD_PROPAGATE_LAYER,268,/model.18/Slice:OpId_1425 (cycles),0,cycles,DSP,yolov8l-simplified-modified
77023381024,FORWARD_PROPAGATE_LAYER,269,/model.18/Slice_1:OpId_1431 (cycles),0,cycles,DSP,yolov8l-simplified-modified
77023381024,FORWARD_PROPAGATE_LAYER,270,/model.22/Reshape:OpId_1436 (cycles),371783,cycles,DSP,yolov8l-simplified-modified
77023381024,FORWARD_PROPAGATE_LAYER,271,/model.22/Sigmoid:OpId_1437 (cycles),83038,cycles,DSP,yolov8l-simplified-modified
77023381024,FORWARD_PROPAGATE_LAYER,272,/model.18/m.0/cv1/conv/Conv:OpId_1449 (cycles),0,cycles,DSP,yolov8l-simplified-modified
77023381024,FORWARD_PROPAGATE_LAYER,273,/model.22/Transpose:OpId_1453 (cycles),321627,cycles,DSP,yolov8l-simplified-modified
77023381024,FORWARD_PROPAGATE_LAYER,274,/model.22/ReduceMax:OpId_1455 (cycles),438465,cycles,DSP,yolov8l-simplified-modified
77023381024,FORWARD_PROPAGATE_LAYER,275,/model.18/m.0/cv1/act/Sigmoid:OpId_1457 (cycles),0,cycles,DSP,yolov8l-simplified-modified
77023381024,FORWARD_PROPAGATE_LAYER,276,/model.22/Softmax:OpId_1464 (cycles),1812648,cycles,DSP,yolov8l-simplified-modified
77023381024,FORWARD_PROPAGATE_LAYER,277,/model.18/m.0/cv1/act/Mul:OpId_1467 (cycles),261909,cycles,DSP,yolov8l-simplified-modified
77023381024,FORWARD_PROPAGATE_LAYER,278,/model.22/Transpose_1:OpId_1470 (cycles),121814,cycles,DSP,yolov8l-simplified-modified
77023381024,FORWARD_PROPAGATE_LAYER,279,/model.18/m.0/cv2/conv/Conv:OpId_1476 (cycles),0,cycles,DSP,yolov8l-simplified-modified
77023381024,FORWARD_PROPAGATE_LAYER,280,/model.22/proj_conv/Conv:OpId_1484 (cycles),179582,cycles,DSP,yolov8l-simplified-modified
77023381024,FORWARD_PROPAGATE_LAYER,281,/model.18/m.0/cv2/act/Sigmoid:OpId_1487 (cycles),0,cycles,DSP,yolov8l-simplified-modified
77023381024,FORWARD_PROPAGATE_LAYER,282,/model.22/Gather_output_0_pre_reshape.nchw:OpId_1495 (cycles),0,cycles,DSP,yolov8l-simplified-modified
77023381024,FORWARD_PROPAGATE_LAYER,283,Reshape_post_/model.22/Gather:OpId_1496 (cycles),154627,cycles,DSP,yolov8l-simplified-modified
77023381024,FORWARD_PROPAGATE_LAYER,284,/model.22/Reshape_1_output_0.nhwc:OpId_1498 (cycles),30527,cycles,DSP,yolov8l-simplified-modified
77023381024,FORWARD_PROPAGATE_LAYER,285,/model.18/m.0/cv2/act/Mul:OpId_1499 (cycles),256490,cycles,DSP,yolov8l-simplified-modified
77023381024,FORWARD_PROPAGATE_LAYER,286,/model.18/m.1/cv1/conv/Conv:OpId_1506 (cycles),0,cycles,DSP,yolov8l-simplified-modified
77023381024,FORWARD_PROPAGATE_LAYER,287,/model.22/Concat:OpId_1509 (cycles),89878,cycles,DSP,yolov8l-simplified-modified
77023381024,FORWARD_PROPAGATE_LAYER,288,/model.18/m.1/cv1/act/Sigmoid:OpId_1511 (cycles),0,cycles,DSP,yolov8l-simplified-modified
77023381024,FORWARD_PROPAGATE_LAYER,289,/model.18/m.1/cv1/act/Mul:OpId_1518 (cycles),257028,cycles,DSP,yolov8l-simplified-modified
77023381024,FORWARD_PROPAGATE_LAYER,290,/model.18/m.1/cv2/conv/Conv:OpId_1525 (cycles),0,cycles,DSP,yolov8l-simplified-modified
77023381024,FORWARD_PROPAGATE_LAYER,291,/model.18/m.1/cv2/act/Sigmoid:OpId_1528 (cycles),0,cycles,DSP,yolov8l-simplified-modified
77023381024,FORWARD_PROPAGATE_LAYER,292,/model.18/m.1/cv2/act/Mul:OpId_1535 (cycles),256320,cycles,DSP,yolov8l-simplified-modified
77023381024,FORWARD_PROPAGATE_LAYER,293,/model.18/m.2/cv1/conv/Conv:OpId_1542 (cycles),0,cycles,DSP,yolov8l-simplified-modified
77023381024,FORWARD_PROPAGATE_LAYER,294,/model.18/m.2/cv1/act/Sigmoid:OpId_1545 (cycles),0,cycles,DSP,yolov8l-simplified-modified
77023381024,FORWARD_PROPAGATE_LAYER,295,/model.18/m.2/cv1/act/Mul:OpId_1552 (cycles),254594,cycles,DSP,yolov8l-simplified-modified
77023381024,FORWARD_PROPAGATE_LAYER,296,/model.18/m.2/cv2/conv/Conv:OpId_1559 (cycles),0,cycles,DSP,yolov8l-simplified-modified
77023381024,FORWARD_PROPAGATE_LAYER,297,/model.18/m.2/cv2/act/Sigmoid:OpId_1562 (cycles),0,cycles,DSP,yolov8l-simplified-modified
77023381024,FORWARD_PROPAGATE_LAYER,298,/model.18/m.2/cv2/act/Mul:OpId_1569 (cycles),256479,cycles,DSP,yolov8l-simplified-modified
77023381024,FORWARD_PROPAGATE_LAYER,299,/model.18/Concat:OpId_1571 (cycles),0,cycles,DSP,yolov8l-simplified-modified
77023381024,FORWARD_PROPAGATE_LAYER,300,/model.18/cv2/conv/Conv:OpId_1578 (cycles),0,cycles,DSP,yolov8l-simplified-modified
77023381024,FORWARD_PROPAGATE_LAYER,301,/model.18/cv2/act/Sigmoid:OpId_1581 (cycles),0,cycles,DSP,yolov8l-simplified-modified
77023381024,FORWARD_PROPAGATE_LAYER,302,/model.18/cv2/act/Mul:OpId_1588 (cycles),319068,cycles,DSP,yolov8l-simplified-modified
77023381024,FORWARD_PROPAGATE_LAYER,303,/model.19/conv/Conv:OpId_1595 (cycles),0,cycles,DSP,yolov8l-simplified-modified
77023381024,FORWARD_PROPAGATE_LAYER,304,/model.22/cv2.1/cv2.1.0/conv/Conv:OpId_1603 (cycles),0,cycles,DSP,yolov8l-simplified-modified
77023381024,FORWARD_PROPAGATE_LAYER,305,/model.22/cv3.1/cv3.1.0/conv/Conv:OpId_1611 (cycles),0,cycles,DSP,yolov8l-simplified-modified
77023381024,FORWARD_PROPAGATE_LAYER,306,/model.19/act/Sigmoid:OpId_1614 (cycles),0,cycles,DSP,yolov8l-simplified-modified
77023381024,FORWARD_PROPAGATE_LAYER,307,/model.22/cv2.1/cv2.1.0/act/Sigmoid:OpId_1621 (cycles),0,cycles,DSP,yolov8l-simplified-modified
77023381024,FORWARD_PROPAGATE_LAYER,308,/model.22/cv3.1/cv3.1.0/act/Sigmoid:OpId_1628 (cycles),0,cycles,DSP,yolov8l-simplified-modified
77023381024,FORWARD_PROPAGATE_LAYER,309,/model.19/act/Mul:OpId_1635 (cycles),984689,cycles,DSP,yolov8l-simplified-modified
77023381024,FORWARD_PROPAGATE_LAYER,310,/model.22/cv2.1/cv2.1.0/act/Mul:OpId_1637 (cycles),123189,cycles,DSP,yolov8l-simplified-modified
77023381024,FORWARD_PROPAGATE_LAYER,311,/model.22/cv3.1/cv3.1.0/act/Mul:OpId_1639 (cycles),490217,cycles,DSP,yolov8l-simplified-modified
77023381024,FORWARD_PROPAGATE_LAYER,312,/model.20/Concat:OpId_1641 (cycles),0,cycles,DSP,yolov8l-simplified-modified
77023381024,FORWARD_PROPAGATE_LAYER,313,/model.22/cv2.1/cv2.1.1/conv/Conv:OpId_1648 (cycles),0,cycles,DSP,yolov8l-simplified-modified
77023381024,FORWARD_PROPAGATE_LAYER,314,/model.22/cv3.1/cv3.1.1/conv/Conv:OpId_1656 (cycles),0,cycles,DSP,yolov8l-simplified-modified
77023381024,FORWARD_PROPAGATE_LAYER,315,/model.21/cv1/conv/Conv:OpId_1664 (cycles),0,cycles,DSP,yolov8l-simplified-modified
77023381024,FORWARD_PROPAGATE_LAYER,316,/model.22/cv2.1/cv2.1.1/act/Sigmoid:OpId_1667 (cycles),0,cycles,DSP,yolov8l-simplified-modified
77023381024,FORWARD_PROPAGATE_LAYER,317,/model.22/cv3.1/cv3.1.1/act/Sigmoid:OpId_1674 (cycles),0,cycles,DSP,yolov8l-simplified-modified
77023381024,FORWARD_PROPAGATE_LAYER,318,/model.21/cv1/act/Sigmoid:OpId_1681 (cycles),0,cycles,DSP,yolov8l-simplified-modified
77023381024,FORWARD_PROPAGATE_LAYER,319,/model.22/cv2.1/cv2.1.1/act/Mul:OpId_1688 (cycles),22013,cycles,DSP,yolov8l-simplified-modified
77023381024,FORWARD_PROPAGATE_LAYER,320,/model.22/cv3.1/cv3.1.1/act/Mul:OpId_1690 (cycles),258497,cycles,DSP,yolov8l-simplified-modified
77023381024,FORWARD_PROPAGATE_LAYER,321,/model.21/cv1/act/Mul:OpId_1692 (cycles),89802,cycles,DSP,yolov8l-simplified-modified
77023381024,FORWARD_PROPAGATE_LAYER,322,/model.22/cv2.1/cv2.1.2/Conv:OpId_1699 (cycles),3813,cycles,DSP,yolov8l-simplified-modified
77023381024,FORWARD_PROPAGATE_LAYER,323,/model.22/cv2.1/cv2.1.2/Conv_output_0.nchw:OpId_1703 (cycles),238899,cycles,DSP,yolov8l-simplified-modified
77023381024,FORWARD_PROPAGATE_LAYER,324,/model.22/cv3.1/cv3.1.2/Conv:OpId_1709 (cycles),0,cycles,DSP,yolov8l-simplified-modified
77023381024,FORWARD_PROPAGATE_LAYER,325,/model.21/Slice:OpId_1713 (cycles),0,cycles,DSP,yolov8l-simplified-modified
77023381024,FORWARD_PROPAGATE_LAYER,326,/model.21/Slice_1:OpId_1719 (cycles),0,cycles,DSP,yolov8l-simplified-modified
77023381024,FORWARD_PROPAGATE_LAYER,327,/model.22/Reshape_2:OpId_1724 (cycles),3794,cycles,DSP,yolov8l-simplified-modified
77023381024,FORWARD_PROPAGATE_LAYER,328,/model.22/Sigmoid_1:OpId_1725 (cycles),87549,cycles,DSP,yolov8l-simplified-modified
77023381024,FORWARD_PROPAGATE_LAYER,329,/model.21/m.0/cv1/conv/Conv:OpId_1737 (cycles),0,cycles,DSP,yolov8l-simplified-modified
77023381024,FORWARD_PROPAGATE_LAYER,330,/model.22/Transpose_2:OpId_1741 (cycles),101462,cycles,DSP,yolov8l-simplified-modified
77023381024,FORWARD_PROPAGATE_LAYER,331,/model.22/ReduceMax_1:OpId_1743 (cycles),103298,cycles,DSP,yolov8l-simplified-modified
77023381024,FORWARD_PROPAGATE_LAYER,332,/model.21/m.0/cv1/act/Sigmoid:OpId_1745 (cycles),0,cycles,DSP,yolov8l-simplified-modified
77023381024,FORWARD_PROPAGATE_LAYER,333,/model.22/Softmax_1:OpId_1752 (cycles),514240,cycles,DSP,yolov8l-simplified-modified
77023381024,FORWARD_PROPAGATE_LAYER,334,/model.21/m.0/cv1/act/Mul:OpId_1755 (cycles),81445,cycles,DSP,yolov8l-simplified-modified
77023381024,FORWARD_PROPAGATE_LAYER,335,/model.22/Transpose_3:OpId_1758 (cycles),34632,cycles,DSP,yolov8l-simplified-modified
77023381024,FORWARD_PROPAGATE_LAYER,336,/model.21/m.0/cv2/conv/Conv:OpId_1764 (cycles),0,cycles,DSP,yolov8l-simplified-modified
77023381024,FORWARD_PROPAGATE_LAYER,337,/model.22/proj_conv_1/Conv:OpId_1771 (cycles),6273,cycles,DSP,yolov8l-simplified-modified
77023381024,FORWARD_PROPAGATE_LAYER,338,/model.21/m.0/cv2/act/Sigmoid:OpId_1774 (cycles),0,cycles,DSP,yolov8l-simplified-modified
77023381024,FORWARD_PROPAGATE_LAYER,339,/model.22/Gather_1_output_0_pre_reshape.nchw:OpId_1782 (cycles),0,cycles,DSP,yolov8l-simplified-modified
77023381024,FORWARD_PROPAGATE_LAYER,340,Reshape_post_/model.22/Gather_1:OpId_1783 (cycles),31780,cycles,DSP,yolov8l-simplified-modified
77023381024,FORWARD_PROPAGATE_LAYER,341,/model.22/Reshape_3_output_0.nhwc:OpId_1785 (cycles),5553,cycles,DSP,yolov8l-simplified-modified
77023381024,FORWARD_PROPAGATE_LAYER,342,/model.21/m.0/cv2/act/Mul:OpId_1786 (cycles),80045,cycles,DSP,yolov8l-simplified-modified
77023381024,FORWARD_PROPAGATE_LAYER,343,/model.21/m.1/cv1/conv/Conv:OpId_1793 (cycles),0,cycles,DSP,yolov8l-simplified-modified
77023381024,FORWARD_PROPAGATE_LAYER,344,/model.22/Concat_1:OpId_1796 (cycles),24450,cycles,DSP,yolov8l-simplified-modified
77023381024,FORWARD_PROPAGATE_LAYER,345,/model.21/m.1/cv1/act/Sigmoid:OpId_1798 (cycles),0,cycles,DSP,yolov8l-simplified-modified
77023381024,FORWARD_PROPAGATE_LAYER,346,/model.21/m.1/cv1/act/Mul:OpId_1805 (cycles),82399,cycles,DSP,yolov8l-simplified-modified
77023381024,FORWARD_PROPAGATE_LAYER,347,/model.21/m.1/cv2/conv/Conv:OpId_1812 (cycles),0,cycles,DSP,yolov8l-simplified-modified
77023381024,FORWARD_PROPAGATE_LAYER,348,/model.21/m.1/cv2/act/Sigmoid:OpId_1815 (cycles),0,cycles,DSP,yolov8l-simplified-modified
77023381024,FORWARD_PROPAGATE_LAYER,349,/model.21/m.1/cv2/act/Mul:OpId_1822 (cycles),79572,cycles,DSP,yolov8l-simplified-modified
77023381024,FORWARD_PROPAGATE_LAYER,350,/model.21/m.2/cv1/conv/Conv:OpId_1829 (cycles),0,cycles,DSP,yolov8l-simplified-modified
77023381024,FORWARD_PROPAGATE_LAYER,351,/model.21/m.2/cv1/act/Sigmoid:OpId_1832 (cycles),0,cycles,DSP,yolov8l-simplified-modified
77023381024,FORWARD_PROPAGATE_LAYER,352,/model.21/m.2/cv1/act/Mul:OpId_1839 (cycles),80479,cycles,DSP,yolov8l-simplified-modified
77023381024,FORWARD_PROPAGATE_LAYER,353,/model.21/m.2/cv2/conv/Conv:OpId_1846 (cycles),0,cycles,DSP,yolov8l-simplified-modified
77023381024,FORWARD_PROPAGATE_LAYER,354,/model.21/m.2/cv2/act/Sigmoid:OpId_1849 (cycles),0,cycles,DSP,yolov8l-simplified-modified
77023381024,FORWARD_PROPAGATE_LAYER,355,/model.21/m.2/cv2/act/Mul:OpId_1856 (cycles),78982,cycles,DSP,yolov8l-simplified-modified
77023381024,FORWARD_PROPAGATE_LAYER,356,/model.21/Concat:OpId_1858 (cycles),0,cycles,DSP,yolov8l-simplified-modified
77023381024,FORWARD_PROPAGATE_LAYER,357,/model.21/cv2/conv/Conv:OpId_1865 (cycles),0,cycles,DSP,yolov8l-simplified-modified
77023381024,FORWARD_PROPAGATE_LAYER,358,/model.21/cv2/act/Sigmoid:OpId_1868 (cycles),0,cycles,DSP,yolov8l-simplified-modified
77023381024,FORWARD_PROPAGATE_LAYER,359,/model.21/cv2/act/Mul:OpId_1875 (cycles),99391,cycles,DSP,yolov8l-simplified-modified
77023381024,FORWARD_PROPAGATE_LAYER,360,/model.22/cv2.2/cv2.2.0/conv/Conv:OpId_1882 (cycles),0,cycles,DSP,yolov8l-simplified-modified
77023381024,FORWARD_PROPAGATE_LAYER,361,/model.22/cv3.2/cv3.2.0/conv/Conv:OpId_1890 (cycles),0,cycles,DSP,yolov8l-simplified-modified
77023381024,FORWARD_PROPAGATE_LAYER,362,/model.22/cv2.2/cv2.2.0/act/Sigmoid:OpId_1893 (cycles),0,cycles,DSP,yolov8l-simplified-modified
77023381024,FORWARD_PROPAGATE_LAYER,363,/model.22/cv3.2/cv3.2.0/act/Sigmoid:OpId_1900 (cycles),0,cycles,DSP,yolov8l-simplified-modified
77023381024,FORWARD_PROPAGATE_LAYER,364,/model.22/cv2.2/cv2.2.0/act/Mul:OpId_1907 (cycles),39890,cycles,DSP,yolov8l-simplified-modified
77023381024,FORWARD_PROPAGATE_LAYER,365,/model.22/cv3.2/cv3.2.0/act/Mul:OpId_1909 (cycles),146661,cycles,DSP,yolov8l-simplified-modified
77023381024,FORWARD_PROPAGATE_LAYER,366,/model.22/cv2.2/cv2.2.1/conv/Conv:OpId_1916 (cycles),0,cycles,DSP,yolov8l-simplified-modified
77023381024,FORWARD_PROPAGATE_LAYER,367,/model.22/cv3.2/cv3.2.1/conv/Conv:OpId_1924 (cycles),0,cycles,DSP,yolov8l-simplified-modified
77023381024,FORWARD_PROPAGATE_LAYER,368,/model.22/cv2.2/cv2.2.1/act/Sigmoid:OpId_1927 (cycles),0,cycles,DSP,yolov8l-simplified-modified
77023381024,FORWARD_PROPAGATE_LAYER,369,/model.22/cv3.2/cv3.2.1/act/Sigmoid:OpId_1934 (cycles),0,cycles,DSP,yolov8l-simplified-modified
77023381024,FORWARD_PROPAGATE_LAYER,370,/model.22/cv2.2/cv2.2.1/act/Mul:OpId_1941 (cycles),7164,cycles,DSP,yolov8l-simplified-modified
77023381024,FORWARD_PROPAGATE_LAYER,371,/model.22/cv3.2/cv3.2.1/act/Mul:OpId_1943 (cycles),79049,cycles,DSP,yolov8l-simplified-modified
77023381024,FORWARD_PROPAGATE_LAYER,372,/model.22/cv2.2/cv2.2.2/Conv:OpId_1950 (cycles),2375,cycles,DSP,yolov8l-simplified-modified
77023381024,FORWARD_PROPAGATE_LAYER,373,/model.22/cv2.2/cv2.2.2/Conv_output_0.nchw:OpId_1954 (cycles),12717,cycles,DSP,yolov8l-simplified-modified
77023381024,FORWARD_PROPAGATE_LAYER,374,/model.22/cv3.2/cv3.2.2/Conv:OpId_1960 (cycles),0,cycles,DSP,yolov8l-simplified-modified
77023381024,FORWARD_PROPAGATE_LAYER,375,/model.22/Reshape_4:OpId_1963 (cycles),16626,cycles,DSP,yolov8l-simplified-modified
77023381024,FORWARD_PROPAGATE_LAYER,376,/model.22/Sigmoid_2:OpId_1964 (cycles),5889,cycles,DSP,yolov8l-simplified-modified
77023381024,FORWARD_PROPAGATE_LAYER,377,/model.22/Transpose_4:OpId_1972 (cycles),19108,cycles,DSP,yolov8l-simplified-modified
77023381024,FORWARD_PROPAGATE_LAYER,378,/model.22/ReduceMax_2:OpId_1974 (cycles),26885,cycles,DSP,yolov8l-simplified-modified
77023381024,FORWARD_PROPAGATE_LAYER,379,/model.22/Softmax_2:OpId_1976 (cycles),128994,cycles,DSP,yolov8l-simplified-modified
77023381024,FORWARD_PROPAGATE_LAYER,380,/model.22/Transpose_5:OpId_1980 (cycles),5805,cycles,DSP,yolov8l-simplified-modified
77023381024,FORWARD_PROPAGATE_LAYER,381,/model.22/proj_conv_2/Conv:OpId_1985 (cycles),1320,cycles,DSP,yolov8l-simplified-modified
77023381024,FORWARD_PROPAGATE_LAYER,382,/model.22/Gather_2_output_0_pre_reshape.nchw:OpId_1989 (cycles),0,cycles,DSP,yolov8l-simplified-modified
77023381024,FORWARD_PROPAGATE_LAYER,383,Reshape_post_/model.22/Gather_2:OpId_1990 (cycles),8273,cycles,DSP,yolov8l-simplified-modified
77023381024,FORWARD_PROPAGATE_LAYER,384,/model.22/Reshape_5_output_0.nhwc:OpId_1992 (cycles),4006,cycles,DSP,yolov8l-simplified-modified
77023381024,FORWARD_PROPAGATE_LAYER,385,/model.22/Concat_2:OpId_1993 (cycles),7216,cycles,DSP,yolov8l-simplified-modified
77023381024,FORWARD_PROPAGATE_LAYER,386,Output OpId_3 (cycles),772166,cycles,DSP,yolov8l-simplified-modified
77023381024,EXECUTE_TIME_SUBNET_0,,,39650182,cycles,DSP,yolov8l-simplified-modified
77023381024,TOTAL_INFERENCE_TIME,,,48587,us,,yolov8l-simplified-modified
77023381024,FORWARD_PROPAGATE,,,48539,us,,yolov8l-simplified-modified
77023381024,FORWARD_PROPAGATE_LAYER,0,Input OpId_2 (cycles),0,cycles,DSP,yolov8l-simplified-modified
77023381024,FORWARD_PROPAGATE_LAYER,1,/model.0/conv/Conv:OpId_21 (cycles),0,cycles,DSP,yolov8l-simplified-modified
77023381024,FORWARD_PROPAGATE_LAYER,2,/model.0/act/Sigmoid:OpId_24 (cycles),0,cycles,DSP,yolov8l-simplified-modified
77023381024,FORWARD_PROPAGATE_LAYER,3,/model.0/act/Mul:OpId_31 (cycles),1340480,cycles,DSP,yolov8l-simplified-modified
77023381024,FORWARD_PROPAGATE_LAYER,4,/model.1/conv/Conv:OpId_38 (cycles),0,cycles,DSP,yolov8l-simplified-modified
77023381024,FORWARD_PROPAGATE_LAYER,5,/model.1/act/Sigmoid:OpId_41 (cycles),0,cycles,DSP,yolov8l-simplified-modified
77023381024,FORWARD_PROPAGATE_LAYER,6,/model.1/act/Mul:OpId_48 (cycles),2474197,cycles,DSP,yolov8l-simplified-modified
77023381024,FORWARD_PROPAGATE_LAYER,7,/model.2/cv1/conv/Conv:OpId_55 (cycles),0,cycles,DSP,yolov8l-simplified-modified
77023381024,FORWARD_PROPAGATE_LAYER,8,/model.2/cv1/act/Sigmoid:OpId_58 (cycles),0,cycles,DSP,yolov8l-simplified-modified
77023381024,FORWARD_PROPAGATE_LAYER,9,/model.2/cv1/act/Mul:OpId_65 (cycles),364028,cycles,DSP,yolov8l-simplified-modified
77023381024,FORWARD_PROPAGATE_LAYER,10,/model.2/Slice:OpId_68 (cycles),0,cycles,DSP,yolov8l-simplified-modified
77023381024,FORWARD_PROPAGATE_LAYER,11,/model.2/Slice_1:OpId_74 (cycles),0,cycles,DSP,yolov8l-simplified-modified
77023381024,FORWARD_PROPAGATE_LAYER,12,/model.2/m.0/cv1/conv/Conv:OpId_84 (cycles),0,cycles,DSP,yolov8l-simplified-modified
77023381024,FORWARD_PROPAGATE_LAYER,13,/model.2/m.0/cv1/act/Sigmoid:OpId_87 (cycles),0,cycles,DSP,yolov8l-simplified-modified
77023381024,FORWARD_PROPAGATE_LAYER,14,/model.2/m.0/cv1/act/Mul:OpId_94 (cycles),324055,cycles,DSP,yolov8l-simplified-modified
77023381024,FORWARD_PROPAGATE_LAYER,15,/model.2/m.0/cv2/conv/Conv:OpId_101 (cycles),0,cycles,DSP,yolov8l-simplified-modified
77023381024,FORWARD_PROPAGATE_LAYER,16,/model.2/m.0/cv2/act/Sigmoid:OpId_104 (cycles),0,cycles,DSP,yolov8l-simplified-modified
77023381024,FORWARD_PROPAGATE_LAYER,17,/model.2/m.0/cv2/act/Mul:OpId_111 (cycles),322712,cycles,DSP,yolov8l-simplified-modified
77023381024,FORWARD_PROPAGATE_LAYER,18,/model.2/m.0/Add:OpId_113 (cycles),54378,cycles,DSP,yolov8l-simplified-modified
77023381024,FORWARD_PROPAGATE_LAYER,19,/model.2/m.1/cv1/conv/Conv:OpId_120 (cycles),0,cycles,DSP,yolov8l-simplified-modified
77023381024,FORWARD_PROPAGATE_LAYER,20,/model.2/m.1/cv1/act/Sigmoid:OpId_123 (cycles),0,cycles,DSP,yolov8l-simplified-modified
77023381024,FORWARD_PROPAGATE_LAYER,21,/model.2/m.1/cv1/act/Mul:OpId_130 (cycles),323854,cycles,DSP,yolov8l-simplified-modified
77023381024,FORWARD_PROPAGATE_LAYER,22,/model.2/m.1/cv2/conv/Conv:OpId_137 (cycles),0,cycles,DSP,yolov8l-simplified-modified
77023381024,FORWARD_PROPAGATE_LAYER,23,/model.2/m.1/cv2/act/Sigmoid:OpId_140 (cycles),0,cycles,DSP,yolov8l-simplified-modified
77023381024,FORWARD_PROPAGATE_LAYER,24,/model.2/m.1/cv2/act/Mul:OpId_147 (cycles),318516,cycles,DSP,yolov8l-simplified-modified
77023381024,FORWARD_PROPAGATE_LAYER,25,/model.2/m.1/Add:OpId_149 (cycles),32054,cycles,DSP,yolov8l-simplified-modified
77023381024,FORWARD_PROPAGATE_LAYER,26,/model.2/m.2/cv1/conv/Conv:OpId_156 (cycles),0,cycles,DSP,yolov8l-simplified-modified
77023381024,FORWARD_PROPAGATE_LAYER,27,/model.2/m.2/cv1/act/Sigmoid:OpId_159 (cycles),0,cycles,DSP,yolov8l-simplified-modified
77023381024,FORWARD_PROPAGATE_LAYER,28,/model.2/m.2/cv1/act/Mul:OpId_166 (cycles),328867,cycles,DSP,yolov8l-simplified-modified
77023381024,FORWARD_PROPAGATE_LAYER,29,/model.2/m.2/cv2/conv/Conv:OpId_173 (cycles),0,cycles,DSP,yolov8l-simplified-modified
77023381024,FORWARD_PROPAGATE_LAYER,30,/model.2/m.2/cv2/act/Sigmoid:OpId_176 (cycles),0,cycles,DSP,yolov8l-simplified-modified
77023381024,FORWARD_PROPAGATE_LAYER,31,/model.2/m.2/cv2/act/Mul:OpId_183 (cycles),317439,cycles,DSP,yolov8l-simplified-modified
77023381024,FORWARD_PROPAGATE_LAYER,32,/model.2/m.2/Add:OpId_185 (cycles),28723,cycles,DSP,yolov8l-simplified-modified
77023381024,FORWARD_PROPAGATE_LAYER,33,/model.2/Concat:OpId_187 (cycles),0,cycles,DSP,yolov8l-simplified-modified
77023381024,FORWARD_PROPAGATE_LAYER,34,/model.2/cv2/conv/Conv:OpId_194 (cycles),0,cycles,DSP,yolov8l-simplified-modified
77023381024,FORWARD_PROPAGATE_LAYER,35,/model.2/cv2/act/Sigmoid:OpId_197 (cycles),0,cycles,DSP,yolov8l-simplified-modified
77023381024,FORWARD_PROPAGATE_LAYER,36,/model.2/cv2/act/Mul:OpId_204 (cycles),475836,cycles,DSP,yolov8l-simplified-modified
77023381024,FORWARD_PROPAGATE_LAYER,37,/model.3/conv/Conv:OpId_211 (cycles),0,cycles,DSP,yolov8l-simplified-modified
77023381024,FORWARD_PROPAGATE_LAYER,38,/model.3/act/Sigmoid:OpId_214 (cycles),0,cycles,DSP,yolov8l-simplified-modified
77023381024,FORWARD_PROPAGATE_LAYER,39,/model.3/act/Mul:OpId_221 (cycles),1440375,cycles,DSP,yolov8l-simplified-modified
77023381024,FORWARD_PROPAGATE_LAYER,40,/model.4/cv1/conv/Conv:OpId_228 (cycles),0,cycles,DSP,yolov8l-simplified-modified
77023381024,FORWARD_PROPAGATE_LAYER,41,/model.4/cv1/act/Sigmoid:OpId_231 (cycles),0,cycles,DSP,yolov8l-simplified-modified
77023381024,FORWARD_PROPAGATE_LAYER,42,/model.4/cv1/act/Mul:OpId_238 (cycles),209238,cycles,DSP,yolov8l-simplified-modified
77023381024,FORWARD_PROPAGATE_LAYER,43,/model.4/Slice:OpId_241 (cycles),0,cycles,DSP,yolov8l-simplified-modified
77023381024,FORWARD_PROPAGATE_LAYER,44,/model.4/Slice_1:OpId_247 (cycles),0,cycles,DSP,yolov8l-simplified-modified
77023381024,FORWARD_PROPAGATE_LAYER,45,/model.4/m.0/cv1/conv/Conv:OpId_257 (cycles),0,cycles,DSP,yolov8l-simplified-modified
77023381024,FORWARD_PROPAGATE_LAYER,46,/model.4/m.0/cv1/act/Sigmoid:OpId_260 (cycles),0,cycles,DSP,yolov8l-simplified-modified
77023381024,FORWARD_PROPAGATE_LAYER,47,/model.4/m.0/cv1/act/Mul:OpId_267 (cycles),282153,cycles,DSP,yolov8l-simplified-modified
77023381024,FORWARD_PROPAGATE_LAYER,48,/model.4/m.0/cv2/conv/Conv:OpId_274 (cycles),0,cycles,DSP,yolov8l-simplified-modified
77023381024,FORWARD_PROPAGATE_LAYER,49,/model.4/m.0/cv2/act/Sigmoid:OpId_277 (cycles),0,cycles,DSP,yolov8l-simplified-modified
77023381024,FORWARD_PROPAGATE_LAYER,50,/model.4/m.0/cv2/act/Mul:OpId_284 (cycles),291153,cycles,DSP,yolov8l-simplified-modified
77023381024,FORWARD_PROPAGATE_LAYER,51,/model.4/m.0/Add:OpId_286 (cycles),40874,cycles,DSP,yolov8l-simplified-modified
77023381024,FORWARD_PROPAGATE_LAYER,52,/model.4/m.1/cv1/conv/Conv:OpId_293 (cycles),0,cycles,DSP,yolov8l-simplified-modified
77023381024,FORWARD_PROPAGATE_LAYER,53,/model.4/m.1/cv1/act/Sigmoid:OpId_296 (cycles),0,cycles,DSP,yolov8l-simplified-modified
77023381024,FORWARD_PROPAGATE_LAYER,54,/model.4/m.1/cv1/act/Mul:OpId_303 (cycles),282525,cycles,DSP,yolov8l-simplified-modified
77023381024,FORWARD_PROPAGATE_LAYER,55,/model.4/m.1/cv2/conv/Conv:OpId_310 (cycles),0,cycles,DSP,yolov8l-simplified-modified
77023381024,FORWARD_PROPAGATE_LAYER,56,/model.4/m.1/cv2/act/Sigmoid:OpId_313 (cycles),0,cycles,DSP,yolov8l-simplified-modified
77023381024,FORWARD_PROPAGATE_LAYER,57,/model.4/m.1/cv2/act/Mul:OpId_320 (cycles),276169,cycles,DSP,yolov8l-simplified-modified
77023381024,FORWARD_PROPAGATE_LAYER,58,/model.4/m.1/Add:OpId_322 (cycles),31182,cycles,DSP,yolov8l-simplified-modified
77023381024,FORWARD_PROPAGATE_LAYER,59,/model.4/m.2/cv1/conv/Conv:OpId_329 (cycles),0,cycles,DSP,yolov8l-simplified-modified
77023381024,FORWARD_PROPAGATE_LAYER,60,/model.4/m.2/cv1/act/Sigmoid:OpId_332 (cycles),0,cycles,DSP,yolov8l-simplified-modified
77023381024,FORWARD_PROPAGATE_LAYER,61,/model.4/m.2/cv1/act/Mul:OpId_339 (cycles),292761,cycles,DSP,yolov8l-simplified-modified
77023381024,FORWARD_PROPAGATE_LAYER,62,/model.4/m.2/cv2/conv/Conv:OpId_346 (cycles),0,cycles,DSP,yolov8l-simplified-modified
77023381024,FORWARD_PROPAGATE_LAYER,63,/model.4/m.2/cv2/act/Sigmoid:OpId_349 (cycles),0,cycles,DSP,yolov8l-simplified-modified
77023381024,FORWARD_PROPAGATE_LAYER,64,/model.4/m.2/cv2/act/Mul:OpId_356 (cycles),277965,cycles,DSP,yolov8l-simplified-modified
77023381024,FORWARD_PROPAGATE_LAYER,65,/model.4/m.2/Add:OpId_358 (cycles),45327,cycles,DSP,yolov8l-simplified-modified
77023381024,FORWARD_PROPAGATE_LAYER,66,/model.4/m.3/cv1/conv/Conv:OpId_365 (cycles),0,cycles,DSP,yolov8l-simplified-modified
77023381024,FORWARD_PROPAGATE_LAYER,67,/model.4/m.3/cv1/act/Sigmoid:OpId_368 (cycles),0,cycles,DSP,yolov8l-simplified-modified
77023381024,FORWARD_PROPAGATE_LAYER,68,/model.4/m.3/cv1/act/Mul:OpId_375 (cycles),303084,cycles,DSP,yolov8l-simplified-modified
77023381024,FORWARD_PROPAGATE_LAYER,69,/model.4/m.3/cv2/conv/Conv:OpId_382 (cycles),0,cycles,DSP,yolov8l-simplified-modified
77023381024,FORWARD_PROPAGATE_LAYER,70,/model.4/m.3/cv2/act/Sigmoid:OpId_385 (cycles),0,cycles,DSP,yolov8l-simplified-modified
77023381024,FORWARD_PROPAGATE_LAYER,71,/model.4/m.3/cv2/act/Mul:OpId_392 (cycles),274950,cycles,DSP,yolov8l-simplified-modified
77023381024,FORWARD_PROPAGATE_LAYER,72,/model.4/m.3/Add:OpId_394 (cycles),21485,cycles,DSP,yolov8l-simplified-modified
77023381024,FORWARD_PROPAGATE_LAYER,73,/model.4/m.4/cv1/conv/Conv:OpId_401 (cycles),0,cycles,DSP,yolov8l-simplified-modified
77023381024,FORWARD_PROPAGATE_LAYER,74,/model.4/m.4/cv1/act/Sigmoid:OpId_404 (cycles),0,cycles,DSP,yolov8l-simplified-modified
77023381024,FORWARD_PROPAGATE_LAYER,75,/model.4/m.4/cv1/act/Mul:OpId_411 (cycles),305381,cycles,DSP,yolov8l-simplified-modified
77023381024,FORWARD_PROPAGATE_LAYER,76,/model.4/m.4/cv2/conv/Conv:OpId_418 (cycles),0,cycles,DSP,yolov8l-simplified-modified
77023381024,FORWARD_PROPAGATE_LAYER,77,/model.4/m.4/cv2/act/Sigmoid:OpId_421 (cycles),0,cycles,DSP,yolov8l-simplified-modified
77023381024,FORWARD_PROPAGATE_LAYER,78,/model.4/m.4/cv2/act/Mul:OpId_428 (cycles),274772,cycles,DSP,yolov8l-simplified-modified
77023381024,FORWARD_PROPAGATE_LAYER,79,/model.4/m.4/Add:OpId_430 (cycles),15665,cycles,DSP,yolov8l-simplified-modified
77023381024,FORWARD_PROPAGATE_LAYER,80,/model.4/m.5/cv1/conv/Conv:OpId_437 (cycles),0,cycles,DSP,yolov8l-simplified-modified
77023381024,FORWARD_PROPAGATE_LAYER,81,/model.4/m.5/cv1/act/Sigmoid:OpId_440 (cycles),0,cycles,DSP,yolov8l-simplified-modified
77023381024,FORWARD_PROPAGATE_LAYER,82,/model.4/m.5/cv1/act/Mul:OpId_447 (cycles),306103,cycles,DSP,yolov8l-simplified-modified
77023381024,FORWARD_PROPAGATE_LAYER,83,/model.4/m.5/cv2/conv/Conv:OpId_454 (cycles),0,cycles,DSP,yolov8l-simplified-modified
77023381024,FORWARD_PROPAGATE_LAYER,84,/model.4/m.5/cv2/act/Sigmoid:OpId_457 (cycles),0,cycles,DSP,yolov8l-simplified-modified
77023381024,FORWARD_PROPAGATE_LAYER,85,/model.4/m.5/cv2/act/Mul:OpId_464 (cycles),275399,cycles,DSP,yolov8l-simplified-modified
77023381024,FORWARD_PROPAGATE_LAYER,86,/model.4/m.5/Add:OpId_466 (cycles),15596,cycles,DSP,yolov8l-simplified-modified
77023381024,FORWARD_PROPAGATE_LAYER,87,/model.4/Concat:OpId_468 (cycles),0,cycles,DSP,yolov8l-simplified-modified
77023381024,FORWARD_PROPAGATE_LAYER,88,/model.4/cv2/conv/Conv:OpId_475 (cycles),0,cycles,DSP,yolov8l-simplified-modified
77023381024,FORWARD_PROPAGATE_LAYER,89,/model.4/cv2/act/Sigmoid:OpId_478 (cycles),0,cycles,DSP,yolov8l-simplified-modified
77023381024,FORWARD_PROPAGATE_LAYER,90,/model.4/cv2/act/Mul:OpId_485 (cycles),622374,cycles,DSP,yolov8l-simplified-modified
77023381024,FORWARD_PROPAGATE_LAYER,91,/model.5/conv/Conv:OpId_492 (cycles),0,cycles,DSP,yolov8l-simplified-modified
77023381024,FORWARD_PROPAGATE_LAYER,92,/model.5/act/Sigmoid:OpId_495 (cycles),0,cycles,DSP,yolov8l-simplified-modified
77023381024,FORWARD_PROPAGATE_LAYER,93,/model.5/act/Mul:OpId_502 (cycles),1094931,cycles,DSP,yolov8l-simplified-modified
77023381024,FORWARD_PROPAGATE_LAYER,94,/model.6/cv1/conv/Conv:OpId_509 (cycles),0,cycles,DSP,yolov8l-simplified-modified
77023381024,FORWARD_PROPAGATE_LAYER,95,/model.6/cv1/act/Sigmoid:OpId_512 (cycles),0,cycles,DSP,yolov8l-simplified-modified
77023381024,FORWARD_PROPAGATE_LAYER,96,/model.6/cv1/act/Mul:OpId_519 (cycles),162648,cycles,DSP,yolov8l-simplified-modified
77023381024,FORWARD_PROPAGATE_LAYER,97,/model.6/Slice:OpId_522 (cycles),0,cycles,DSP,yolov8l-simplified-modified
77023381024,FORWARD_PROPAGATE_LAYER,98,/model.6/Slice_1:OpId_528 (cycles),0,cycles,DSP,yolov8l-simplified-modified
77023381024,FORWARD_PROPAGATE_LAYER,99,/model.6/m.0/cv1/conv/Conv:OpId_538 (cycles),0,cycles,DSP,yolov8l-simplified-modified
77023381024,FORWARD_PROPAGATE_LAYER,100,/model.6/m.0/cv1/act/Sigmoid:OpId_541 (cycles),0,cycles,DSP,yolov8l-simplified-modified
77023381024,FORWARD_PROPAGATE_LAYER,101,/model.6/m.0/cv1/act/Mul:OpId_548 (cycles),256422,cycles,DSP,yolov8l-simplified-modified
77023381024,FORWARD_PROPAGATE_LAYER,102,/model.6/m.0/cv2/conv/Conv:OpId_555 (cycles),0,cycles,DSP,yolov8l-simplified-modified
77023381024,FORWARD_PROPAGATE_LAYER,103,/model.6/m.0/cv2/act/Sigmoid:OpId_558 (cycles),0,cycles,DSP,yolov8l-simplified-modified
77023381024,FORWARD_PROPAGATE_LAYER,104,/model.6/m.0/cv2/act/Mul:OpId_565 (cycles),286765,cycles,DSP,yolov8l-simplified-modified
77023381024,FORWARD_PROPAGATE_LAYER,105,/model.6/m.0/Add:OpId_567 (cycles),18809,cycles,DSP,yolov8l-simplified-modified
77023381024,FORWARD_PROPAGATE_LAYER,106,/model.6/m.1/cv1/conv/Conv:OpId_574 (cycles),0,cycles,DSP,yolov8l-simplified-modified
77023381024,FORWARD_PROPAGATE_LAYER,107,/model.6/m.1/cv1/act/Sigmoid:OpId_577 (cycles),0,cycles,DSP,yolov8l-simplified-modified
77023381024,FORWARD_PROPAGATE_LAYER,108,/model.6/m.1/cv1/act/Mul:OpId_584 (cycles),255575,cycles,DSP,yolov8l-simplified-modified
77023381024,FORWARD_PROPAGATE_LAYER,109,/model.6/m.1/cv2/conv/Conv:OpId_591 (cycles),0,cycles,DSP,yolov8l-simplified-modified
77023381024,FORWARD_PROPAGATE_LAYER,110,/model.6/m.1/cv2/act/Sigmoid:OpId_594 (cycles),0,cycles,DSP,yolov8l-simplified-modified
77023381024,FORWARD_PROPAGATE_LAYER,111,/model.6/m.1/cv2/act/Mul:OpId_601 (cycles),285938,cycles,DSP,yolov8l-simplified-modified
77023381024,FORWARD_PROPAGATE_LAYER,112,/model.6/m.1/Add:OpId_603 (cycles),17070,cycles,DSP,yolov8l-simplified-modified
77023381024,FORWARD_PROPAGATE_LAYER,113,/model.6/m.2/cv1/conv/Conv:OpId_610 (cycles),0,cycles,DSP,yolov8l-simplified-modified
77023381024,FORWARD_PROPAGATE_LAYER,114,/model.6/m.2/cv1/act/Sigmoid:OpId_613 (cycles),0,cycles,DSP,yolov8l-simplified-modified
77023381024,FORWARD_PROPAGATE_LAYER,115,/model.6/m.2/cv1/act/Mul:OpId_620 (cycles),281205,cycles,DSP,yolov8l-simplified-modified
77023381024,FORWARD_PROPAGATE_LAYER,116,/model.6/m.2/cv2/conv/Conv:OpId_627 (cycles),0,cycles,DSP,yolov8l-simplified-modified
77023381024,FORWARD_PROPAGATE_LAYER,117,/model.6/m.2/cv2/act/Sigmoid:OpId_630 (cycles),0,cycles,DSP,yolov8l-simplified-modified
77023381024,FORWARD_PROPAGATE_LAYER,118,/model.6/m.2/cv2/act/Mul:OpId_637 (cycles),285202,cycles,DSP,yolov8l-simplified-modified
77023381024,FORWARD_PROPAGATE_LAYER,119,/model.6/m.2/Add:OpId_639 (cycles),18495,cycles,DSP,yolov8l-simplified-modified
77023381024,FORWARD_PROPAGATE_LAYER,120,/model.6/m.3/cv1/conv/Conv:OpId_646 (cycles),0,cycles,DSP,yolov8l-simplified-modified
77023381024,FORWARD_PROPAGATE_LAYER,121,/model.6/m.3/cv1/act/Sigmoid:OpId_649 (cycles),0,cycles,DSP,yolov8l-simplified-modified
77023381024,FORWARD_PROPAGATE_LAYER,122,/model.6/m.3/cv1/act/Mul:OpId_656 (cycles),285938,cycles,DSP,yolov8l-simplified-modified
77023381024,FORWARD_PROPAGATE_LAYER,123,/model.6/m.3/cv2/conv/Conv:OpId_663 (cycles),0,cycles,DSP,yolov8l-simplified-modified
77023381024,FORWARD_PROPAGATE_LAYER,124,/model.6/m.3/cv2/act/Sigmoid:OpId_666 (cycles),0,cycles,DSP,yolov8l-simplified-modified
77023381024,FORWARD_PROPAGATE_LAYER,125,/model.6/m.3/cv2/act/Mul:OpId_673 (cycles),286966,cycles,DSP,yolov8l-simplified-modified
77023381024,FORWARD_PROPAGATE_LAYER,126,/model.6/m.3/Add:OpId_675 (cycles),18719,cycles,DSP,yolov8l-simplified-modified
77023381024,FORWARD_PROPAGATE_LAYER,127,/model.6/m.4/cv1/conv/Conv:OpId_682 (cycles),0,cycles,DSP,yolov8l-simplified-modified
77023381024,FORWARD_PROPAGATE_LAYER,128,/model.6/m.4/cv1/act/Sigmoid:OpId_685 (cycles),0,cycles,DSP,yolov8l-simplified-modified
77023381024,FORWARD_PROPAGATE_LAYER,129,/model.6/m.4/cv1/act/Mul:OpId_692 (cycles),291029,cycles,DSP,yolov8l-simplified-modified
77023381024,FORWARD_PROPAGATE_LAYER,130,/model.6/m.4/cv2/conv/Conv:OpId_699 (cycles),0,cycles,DSP,yolov8l-simplified-modified
77023381024,FORWARD_PROPAGATE_LAYER,131,/model.6/m.4/cv2/act/Sigmoid:OpId_702 (cycles),0,cycles,DSP,yolov8l-simplified-modified
77023381024,FORWARD_PROPAGATE_LAYER,132,/model.6/m.4/cv2/act/Mul:OpId_709 (cycles),285793,cycles,DSP,yolov8l-simplified-modified
77023381024,FORWARD_PROPAGATE_LAYER,133,/model.6/m.4/Add:OpId_711 (cycles),16826,cycles,DSP,yolov8l-simplified-modified
77023381024,FORWARD_PROPAGATE_LAYER,134,/model.6/m.5/cv1/conv/Conv:OpId_718 (cycles),0,cycles,DSP,yolov8l-simplified-modified
77023381024,FORWARD_PROPAGATE_LAYER,135,/model.6/m.5/cv1/act/Sigmoid:OpId_721 (cycles),0,cycles,DSP,yolov8l-simplified-modified
77023381024,FORWARD_PROPAGATE_LAYER,136,/model.6/m.5/cv1/act/Mul:OpId_728 (cycles),299812,cycles,DSP,yolov8l-simplified-modified
77023381024,FORWARD_PROPAGATE_LAYER,137,/model.6/m.5/cv2/conv/Conv:OpId_735 (cycles),0,cycles,DSP,yolov8l-simplified-modified
77023381024,FORWARD_PROPAGATE_LAYER,138,/model.6/m.5/cv2/act/Sigmoid:OpId_738 (cycles),0,cycles,DSP,yolov8l-simplified-modified
77023381024,FORWARD_PROPAGATE_LAYER,139,/model.6/m.5/cv2/act/Mul:OpId_745 (cycles),284041,cycles,DSP,yolov8l-simplified-modified
77023381024,FORWARD_PROPAGATE_LAYER,140,/model.6/m.5/Add:OpId_747 (cycles),18353,cycles,DSP,yolov8l-simplified-modified
77023381024,FORWARD_PROPAGATE_LAYER,141,/model.6/Concat:OpId_749 (cycles),0,cycles,DSP,yolov8l-simplified-modified
77023381024,FORWARD_PROPAGATE_LAYER,142,/model.6/cv2/conv/Conv:OpId_756 (cycles),0,cycles,DSP,yolov8l-simplified-modified
77023381024,FORWARD_PROPAGATE_LAYER,143,/model.6/cv2/act/Sigmoid:OpId_759 (cycles),0,cycles,DSP,yolov8l-simplified-modified
77023381024,FORWARD_PROPAGATE_LAYER,144,/model.6/cv2/act/Mul:OpId_766 (cycles),568580,cycles,DSP,yolov8l-simplified-modified
77023381024,FORWARD_PROPAGATE_LAYER,145,/model.7/conv/Conv:OpId_773 (cycles),0,cycles,DSP,yolov8l-simplified-modified
77023381024,FORWARD_PROPAGATE_LAYER,146,/model.7/act/Sigmoid:OpId_776 (cycles),0,cycles,DSP,yolov8l-simplified-modified
77023381024,FORWARD_PROPAGATE_LAYER,147,/model.7/act/Mul:OpId_783 (cycles),996432,cycles,DSP,yolov8l-simplified-modified
77023381024,FORWARD_PROPAGATE_LAYER,148,/model.8/cv1/conv/Conv:OpId_790 (cycles),0,cycles,DSP,yolov8l-simplified-modified
77023381024,FORWARD_PROPAGATE_LAYER,149,/model.8/cv1/act/Sigmoid:OpId_793 (cycles),0,cycles,DSP,yolov8l-simplified-modified
77023381024,FORWARD_PROPAGATE_LAYER,150,/model.8/cv1/act/Mul:OpId_800 (cycles),51490,cycles,DSP,yolov8l-simplified-modified
77023381024,FORWARD_PROPAGATE_LAYER,151,/model.8/Slice:OpId_803 (cycles),0,cycles,DSP,yolov8l-simplified-modified
77023381024,FORWARD_PROPAGATE_LAYER,152,/model.8/Slice_1:OpId_809 (cycles),0,cycles,DSP,yolov8l-simplified-modified
77023381024,FORWARD_PROPAGATE_LAYER,153,/model.8/m.0/cv1/conv/Conv:OpId_819 (cycles),0,cycles,DSP,yolov8l-simplified-modified
77023381024,FORWARD_PROPAGATE_LAYER,154,/model.8/m.0/cv1/act/Sigmoid:OpId_822 (cycles),0,cycles,DSP,yolov8l-simplified-modified
77023381024,FORWARD_PROPAGATE_LAYER,155,/model.8/m.0/cv1/act/Mul:OpId_829 (cycles),84272,cycles,DSP,yolov8l-simplified-modified
77023381024,FORWARD_PROPAGATE_LAYER,156,/model.8/m.0/cv2/conv/Conv:OpId_836 (cycles),0,cycles,DSP,yolov8l-simplified-modified
77023381024,FORWARD_PROPAGATE_LAYER,157,/model.8/m.0/cv2/act/Sigmoid:OpId_839 (cycles),0,cycles,DSP,yolov8l-simplified-modified
77023381024,FORWARD_PROPAGATE_LAYER,158,/model.8/m.0/cv2/act/Mul:OpId_846 (cycles),79084,cycles,DSP,yolov8l-simplified-modified
77023381024,FORWARD_PROPAGATE_LAYER,159,/model.8/m.0/Add:OpId_848 (cycles),5820,cycles,DSP,yolov8l-simplified-modified
77023381024,FORWARD_PROPAGATE_LAYER,160,/model.8/m.1/cv1/conv/Conv:OpId_855 (cycles),0,cycles,DSP,yolov8l-simplified-modified
77023381024,FORWARD_PROPAGATE_LAYER,161,/model.8/m.1/cv1/act/Sigmoid:OpId_858 (cycles),0,cycles,DSP,yolov8l-simplified-modified
77023381024,FORWARD_PROPAGATE_LAYER,162,/model.8/m.1/cv1/act/Mul:OpId_865 (cycles),81169,cycles,DSP,yolov8l-simplified-modified
77023381024,FORWARD_PROPAGATE_LAYER,163,/model.8/m.1/cv2/conv/Conv:OpId_872 (cycles),0,cycles,DSP,yolov8l-simplified-modified
77023381024,FORWARD_PROPAGATE_LAYER,164,/model.8/m.1/cv2/act/Sigmoid:OpId_875 (cycles),0,cycles,DSP,yolov8l-simplified-modified
77023381024,FORWARD_PROPAGATE_LAYER,165,/model.8/m.1/cv2/act/Mul:OpId_882 (cycles),79083,cycles,DSP,yolov8l-simplified-modified
77023381024,FORWARD_PROPAGATE_LAYER,166,/model.8/m.1/Add:OpId_884 (cycles),7173,cycles,DSP,yolov8l-simplified-modified
77023381024,FORWARD_PROPAGATE_LAYER,167,/model.8/m.2/cv1/conv/Conv:OpId_891 (cycles),0,cycles,DSP,yolov8l-simplified-modified
77023381024,FORWARD_PROPAGATE_LAYER,168,/model.8/m.2/cv1/act/Sigmoid:OpId_894 (cycles),0,cycles,DSP,yolov8l-simplified-modified
77023381024,FORWARD_PROPAGATE_LAYER,169,/model.8/m.2/cv1/act/Mul:OpId_901 (cycles),80963,cycles,DSP,yolov8l-simplified-modified
77023381024,FORWARD_PROPAGATE_LAYER,170,/model.8/m.2/cv2/conv/Conv:OpId_908 (cycles),0,cycles,DSP,yolov8l-simplified-modified
77023381024,FORWARD_PROPAGATE_LAYER,171,/model.8/m.2/cv2/act/Sigmoid:OpId_911 (cycles),0,cycles,DSP,yolov8l-simplified-modified
77023381024,FORWARD_PROPAGATE_LAYER,172,/model.8/m.2/cv2/act/Mul:OpId_918 (cycles),78967,cycles,DSP,yolov8l-simplified-modified
77023381024,FORWARD_PROPAGATE_LAYER,173,/model.8/m.2/Add:OpId_920 (cycles),4461,cycles,DSP,yolov8l-simplified-modified
77023381024,FORWARD_PROPAGATE_LAYER,174,/model.8/Concat:OpId_922 (cycles),0,cycles,DSP,yolov8l-simplified-modified
77023381024,FORWARD_PROPAGATE_LAYER,175,/model.8/cv2/conv/Conv:OpId_929 (cycles),0,cycles,DSP,yolov8l-simplified-modified
77023381024,FORWARD_PROPAGATE_LAYER,176,/model.8/cv2/act/Sigmoid:OpId_932 (cycles),0,cycles,DSP,yolov8l-simplified-modified
77023381024,FORWARD_PROPAGATE_LAYER,177,/model.8/cv2/act/Mul:OpId_939 (cycles),97951,cycles,DSP,yolov8l-simplified-modified
77023381024,FORWARD_PROPAGATE_LAYER,178,/model.9/cv1/conv/Conv:OpId_946 (cycles),0,cycles,DSP,yolov8l-simplified-modified
77023381024,FORWARD_PROPAGATE_LAYER,179,/model.9/cv1/act/Sigmoid:OpId_949 (cycles),0,cycles,DSP,yolov8l-simplified-modified
77023381024,FORWARD_PROPAGATE_LAYER,180,/model.9/cv1/act/Mul:OpId_956 (cycles),22742,cycles,DSP,yolov8l-simplified-modified
77023381024,FORWARD_PROPAGATE_LAYER,181,/model.9/m/MaxPool:OpId_961 (cycles),223417,cycles,DSP,yolov8l-simplified-modified
77023381024,FORWARD_PROPAGATE_LAYER,182,/model.9/m_1/MaxPool:OpId_966 (cycles),191923,cycles,DSP,yolov8l-simplified-modified
77023381024,FORWARD_PROPAGATE_LAYER,183,/model.9/m_2/MaxPool:OpId_971 (cycles),197435,cycles,DSP,yolov8l-simplified-modified
77023381024,FORWARD_PROPAGATE_LAYER,184,/model.9/Concat:OpId_973 (cycles),0,cycles,DSP,yolov8l-simplified-modified
77023381024,FORWARD_PROPAGATE_LAYER,185,/model.9/cv2/conv/Conv:OpId_980 (cycles),0,cycles,DSP,yolov8l-simplified-modified
77023381024,FORWARD_PROPAGATE_LAYER,186,/model.9/cv2/act/Sigmoid:OpId_983 (cycles),0,cycles,DSP,yolov8l-simplified-modified
77023381024,FORWARD_PROPAGATE_LAYER,187,/model.9/cv2/act/Mul:OpId_990 (cycles),106878,cycles,DSP,yolov8l-simplified-modified
77023381024,FORWARD_PROPAGATE_LAYER,188,/model.10/Resize:OpId_992 (cycles),110960,cycles,DSP,yolov8l-simplified-modified
77023381024,FORWARD_PROPAGATE_LAYER,189,/model.11/Concat:OpId_995 (cycles),0,cycles,DSP,yolov8l-simplified-modified
77023381024,FORWARD_PROPAGATE_LAYER,190,/model.12/cv1/conv/Conv:OpId_1002 (cycles),0,cycles,DSP,yolov8l-simplified-modified
77023381024,FORWARD_PROPAGATE_LAYER,191,/model.12/cv1/act/Sigmoid:OpId_1005 (cycles),0,cycles,DSP,yolov8l-simplified-modified
77023381024,FORWARD_PROPAGATE_LAYER,192,/model.12/cv1/act/Mul:OpId_1012 (cycles),268326,cycles,DSP,yolov8l-simplified-modified
77023381024,FORWARD_PROPAGATE_LAYER,193,/model.12/Slice:OpId_1015 (cycles),0,cycles,DSP,yolov8l-simplified-modified
77023381024,FORWARD_PROPAGATE_LAYER,194,/model.12/Slice_1:OpId_1021 (cycles),0,cycles,DSP,yolov8l-simplified-modified
77023381024,FORWARD_PROPAGATE_LAYER,195,/model.12/m.0/cv1/conv/Conv:OpId_1031 (cycles),0,cycles,DSP,yolov8l-simplified-modified
77023381024,FORWARD_PROPAGATE_LAYER,196,/model.12/m.0/cv1/act/Sigmoid:OpId_1034 (cycles),0,cycles,DSP,yolov8l-simplified-modified
77023381024,FORWARD_PROPAGATE_LAYER,197,/model.12/m.0/cv1/act/Mul:OpId_1041 (cycles),255920,cycles,DSP,yolov8l-simplified-modified
77023381024,FORWARD_PROPAGATE_LAYER,198,/model.12/m.0/cv2/conv/Conv:OpId_1048 (cycles),0,cycles,DSP,yolov8l-simplified-modified
77023381024,FORWARD_PROPAGATE_LAYER,199,/model.12/m.0/cv2/act/Sigmoid:OpId_1051 (cycles),0,cycles,DSP,yolov8l-simplified-modified
77023381024,FORWARD_PROPAGATE_LAYER,200,/model.12/m.0/cv2/act/Mul:OpId_1058 (cycles),255895,cycles,DSP,yolov8l-simplified-modified
77023381024,FORWARD_PROPAGATE_LAYER,201,/model.12/m.1/cv1/conv/Conv:OpId_1065 (cycles),0,cycles,DSP,yolov8l-simplified-modified
77023381024,FORWARD_PROPAGATE_LAYER,202,/model.12/m.1/cv1/act/Sigmoid:OpId_1068 (cycles),0,cycles,DSP,yolov8l-simplified-modified
77023381024,FORWARD_PROPAGATE_LAYER,203,/model.12/m.1/cv1/act/Mul:OpId_1075 (cycles),289545,cycles,DSP,yolov8l-simplified-modified
77023381024,FORWARD_PROPAGATE_LAYER,204,/model.12/m.1/cv2/conv/Conv:OpId_1082 (cycles),0,cycles,DSP,yolov8l-simplified-modified
77023381024,FORWARD_PROPAGATE_LAYER,205,/model.12/m.1/cv2/act/Sigmoid:OpId_1085 (cycles),0,cycles,DSP,yolov8l-simplified-modified
77023381024,FORWARD_PROPAGATE_LAYER,206,/model.12/m.1/cv2/act/Mul:OpId_1092 (cycles),255712,cycles,DSP,yolov8l-simplified-modified
77023381024,FORWARD_PROPAGATE_LAYER,207,/model.12/m.2/cv1/conv/Conv:OpId_1099 (cycles),0,cycles,DSP,yolov8l-simplified-modified
77023381024,FORWARD_PROPAGATE_LAYER,208,/model.12/m.2/cv1/act/Sigmoid:OpId_1102 (cycles),0,cycles,DSP,yolov8l-simplified-modified
77023381024,FORWARD_PROPAGATE_LAYER,209,/model.12/m.2/cv1/act/Mul:OpId_1109 (cycles),255624,cycles,DSP,yolov8l-simplified-modified
77023381024,FORWARD_PROPAGATE_LAYER,210,/model.12/m.2/cv2/conv/Conv:OpId_1116 (cycles),0,cycles,DSP,yolov8l-simplified-modified
77023381024,FORWARD_PROPAGATE_LAYER,211,/model.12/m.2/cv2/act/Sigmoid:OpId_1119 (cycles),0,cycles,DSP,yolov8l-simplified-modified
77023381024,FORWARD_PROPAGATE_LAYER,212,/model.12/m.2/cv2/act/Mul:OpId_1126 (cycles),257050,cycles,DSP,yolov8l-simplified-modified
77023381024,FORWARD_PROPAGATE_LAYER,213,/model.12/Concat:OpId_1128 (cycles),0,cycles,DSP,yolov8l-simplified-modified
77023381024,FORWARD_PROPAGATE_LAYER,214,/model.12/cv2/conv/Conv:OpId_1135 (cycles),0,cycles,DSP,yolov8l-simplified-modified
77023381024,FORWARD_PROPAGATE_LAYER,215,/model.12/cv2/act/Sigmoid:OpId_1138 (cycles),0,cycles,DSP,yolov8l-simplified-modified
77023381024,FORWARD_PROPAGATE_LAYER,216,/model.12/cv2/act/Mul:OpId_1145 (cycles),359732,cycles,DSP,yolov8l-simplified-modified
77023381024,FORWARD_PROPAGATE_LAYER,217,/model.13/Resize:OpId_1147 (cycles),401685,cycles,DSP,yolov8l-simplified-modified
77023381024,FORWARD_PROPAGATE_LAYER,218,/model.14/Concat:OpId_1150 (cycles),0,cycles,DSP,yolov8l-simplified-modified
77023381024,FORWARD_PROPAGATE_LAYER,219,/model.15/cv1/conv/Conv:OpId_1157 (cycles),0,cycles,DSP,yolov8l-simplified-modified
77023381024,FORWARD_PROPAGATE_LAYER,220,/model.15/cv1/act/Sigmoid:OpId_1160 (cycles),0,cycles,DSP,yolov8l-simplified-modified
77023381024,FORWARD_PROPAGATE_LAYER,221,/model.15/cv1/act/Mul:OpId_1167 (cycles),414386,cycles,DSP,yolov8l-simplified-modified
77023381024,FORWARD_PROPAGATE_LAYER,222,/model.15/Slice:OpId_1170 (cycles),0,cycles,DSP,yolov8l-simplified-modified
77023381024,FORWARD_PROPAGATE_LAYER,223,/model.15/Slice_1:OpId_1176 (cycles),0,cycles,DSP,yolov8l-simplified-modified
77023381024,FORWARD_PROPAGATE_LAYER,224,/model.15/m.0/cv1/conv/Conv:OpId_1186 (cycles),0,cycles,DSP,yolov8l-simplified-modified
77023381024,FORWARD_PROPAGATE_LAYER,225,/model.15/m.0/cv1/act/Sigmoid:OpId_1189 (cycles),0,cycles,DSP,yolov8l-simplified-modified
77023381024,FORWARD_PROPAGATE_LAYER,226,/model.15/m.0/cv1/act/Mul:OpId_1196 (cycles),279767,cycles,DSP,yolov8l-simplified-modified
77023381024,FORWARD_PROPAGATE_LAYER,227,/model.15/m.0/cv2/conv/Conv:OpId_1203 (cycles),0,cycles,DSP,yolov8l-simplified-modified
77023381024,FORWARD_PROPAGATE_LAYER,228,/model.15/m.0/cv2/act/Sigmoid:OpId_1206 (cycles),0,cycles,DSP,yolov8l-simplified-modified
77023381024,FORWARD_PROPAGATE_LAYER,229,/model.15/m.0/cv2/act/Mul:OpId_1213 (cycles),278302,cycles,DSP,yolov8l-simplified-modified
77023381024,FORWARD_PROPAGATE_LAYER,230,/model.15/m.1/cv1/conv/Conv:OpId_1220 (cycles),0,cycles,DSP,yolov8l-simplified-modified
77023381024,FORWARD_PROPAGATE_LAYER,231,/model.15/m.1/cv1/act/Sigmoid:OpId_1223 (cycles),0,cycles,DSP,yolov8l-simplified-modified
77023381024,FORWARD_PROPAGATE_LAYER,232,/model.15/m.1/cv1/act/Mul:OpId_1230 (cycles),279476,cycles,DSP,yolov8l-simplified-modified
77023381024,FORWARD_PROPAGATE_LAYER,233,/model.15/m.1/cv2/conv/Conv:OpId_1237 (cycles),0,cycles,DSP,yolov8l-simplified-modified
77023381024,FORWARD_PROPAGATE_LAYER,234,/model.15/m.1/cv2/act/Sigmoid:OpId_1240 (cycles),0,cycles,DSP,yolov8l-simplified-modified
77023381024,FORWARD_PROPAGATE_LAYER,235,/model.15/m.1/cv2/act/Mul:OpId_1247 (cycles),278885,cycles,DSP,yolov8l-simplified-modified
77023381024,FORWARD_PROPAGATE_LAYER,236,/model.15/m.2/cv1/conv/Conv:OpId_1254 (cycles),0,cycles,DSP,yolov8l-simplified-modified
77023381024,FORWARD_PROPAGATE_LAYER,237,/model.15/m.2/cv1/act/Sigmoid:OpId_1257 (cycles),0,cycles,DSP,yolov8l-simplified-modified
77023381024,FORWARD_PROPAGATE_LAYER,238,/model.15/m.2/cv1/act/Mul:OpId_1264 (cycles),284883,cycles,DSP,yolov8l-simplified-modified
77023381024,FORWARD_PROPAGATE_LAYER,239,/model.15/m.2/cv2/conv/Conv:OpId_1271 (cycles),0,cycles,DSP,yolov8l-simplified-modified
77023381024,FORWARD_PROPAGATE_LAYER,240,/model.15/m.2/cv2/act/Sigmoid:OpId_1274 (cycles),0,cycles,DSP,yolov8l-simplified-modified
77023381024,FORWARD_PROPAGATE_LAYER,241,/model.15/m.2/cv2/act/Mul:OpId_1281 (cycles),287819,cycles,DSP,yolov8l-simplified-modified
77023381024,FORWARD_PROPAGATE_LAYER,242,/model.15/Concat:OpId_1283 (cycles),0,cycles,DSP,yolov8l-simplified-modified
77023381024,FORWARD_PROPAGATE_LAYER,243,/model.15/cv2/conv/Conv:OpId_1290 (cycles),0,cycles,DSP,yolov8l-simplified-modified
77023381024,FORWARD_PROPAGATE_LAYER,244,/model.15/cv2/act/Sigmoid:OpId_1293 (cycles),0,cycles,DSP,yolov8l-simplified-modified
77023381024,FORWARD_PROPAGATE_LAYER,245,/model.15/cv2/act/Mul:OpId_1300 (cycles),437440,cycles,DSP,yolov8l-simplified-modified
77023381024,FORWARD_PROPAGATE_LAYER,246,/model.16/conv/Conv:OpId_1307 (cycles),0,cycles,DSP,yolov8l-simplified-modified
77023381024,FORWARD_PROPAGATE_LAYER,247,/model.22/cv2.0/cv2.0.0/conv/Conv:OpId_1315 (cycles),0,cycles,DSP,yolov8l-simplified-modified
77023381024,FORWARD_PROPAGATE_LAYER,248,/model.22/cv3.0/cv3.0.0/conv/Conv:OpId_1323 (cycles),0,cycles,DSP,yolov8l-simplified-modified
77023381024,FORWARD_PROPAGATE_LAYER,249,/model.16/act/Sigmoid:OpId_1326 (cycles),0,cycles,DSP,yolov8l-simplified-modified
77023381024,FORWARD_PROPAGATE_LAYER,250,/model.22/cv2.0/cv2.0.0/act/Sigmoid:OpId_1333 (cycles),0,cycles,DSP,yolov8l-simplified-modified
77023381024,FORWARD_PROPAGATE_LAYER,251,/model.22/cv3.0/cv3.0.0/act/Sigmoid:OpId_1340 (cycles),0,cycles,DSP,yolov8l-simplified-modified
77023381024,FORWARD_PROPAGATE_LAYER,252,/model.16/act/Mul:OpId_1347 (cycles),730376,cycles,DSP,yolov8l-simplified-modified
77023381024,FORWARD_PROPAGATE_LAYER,253,/model.22/cv2.0/cv2.0.0/act/Mul:OpId_1349 (cycles),260737,cycles,DSP,yolov8l-simplified-modified
77023381024,FORWARD_PROPAGATE_LAYER,254,/model.22/cv3.0/cv3.0.0/act/Mul:OpId_1351 (cycles),1037104,cycles,DSP,yolov8l-simplified-modified
77023381024,FORWARD_PROPAGATE_LAYER,255,/model.17/Concat:OpId_1353 (cycles),0,cycles,DSP,yolov8l-simplified-modified
77023381024,FORWARD_PROPAGATE_LAYER,256,/model.22/cv2.0/cv2.0.1/conv/Conv:OpId_1360 (cycles),0,cycles,DSP,yolov8l-simplified-modified
77023381024,FORWARD_PROPAGATE_LAYER,257,/model.22/cv3.0/cv3.0.1/conv/Conv:OpId_1368 (cycles),0,cycles,DSP,yolov8l-simplified-modified
77023381024,FORWARD_PROPAGATE_LAYER,258,/model.18/cv1/conv/Conv:OpId_1376 (cycles),0,cycles,DSP,yolov8l-simplified-modified
77023381024,FORWARD_PROPAGATE_LAYER,259,/model.22/cv2.0/cv2.0.1/act/Sigmoid:OpId_1379 (cycles),0,cycles,DSP,yolov8l-simplified-modified
77023381024,FORWARD_PROPAGATE_LAYER,260,/model.22/cv3.0/cv3.0.1/act/Sigmoid:OpId_1386 (cycles),0,cycles,DSP,yolov8l-simplified-modified
77023381024,FORWARD_PROPAGATE_LAYER,261,/model.18/cv1/act/Sigmoid:OpId_1393 (cycles),0,cycles,DSP,yolov8l-simplified-modified
77023381024,FORWARD_PROPAGATE_LAYER,262,/model.22/cv2.0/cv2.0.1/act/Mul:OpId_1400 (cycles),82951,cycles,DSP,yolov8l-simplified-modified
77023381024,FORWARD_PROPAGATE_LAYER,263,/model.22/cv3.0/cv3.0.1/act/Mul:OpId_1402 (cycles),1041896,cycles,DSP,yolov8l-simplified-modified
77023381024,FORWARD_PROPAGATE_LAYER,264,/model.18/cv1/act/Mul:OpId_1404 (cycles),207539,cycles,DSP,yolov8l-simplified-modified
77023381024,FORWARD_PROPAGATE_LAYER,265,/model.22/cv2.0/cv2.0.2/Conv:OpId_1411 (cycles),10718,cycles,DSP,yolov8l-simplified-modified
77023381024,FORWARD_PROPAGATE_LAYER,266,/model.22/cv2.0/cv2.0.2/Conv_output_0.nchw:OpId_1415 (cycles),203632,cycles,DSP,yolov8l-simplified-modified
77023381024,FORWARD_PROPAGATE_LAYER,267,/model.22/cv3.0/cv3.0.2/Conv:OpId_1421 (cycles),0,cycles,DSP,yolov8l-simplified-modified
77023381024,FORWARD_PROPAGATE_LAYER,268,/model.18/Slice:OpId_1425 (cycles),0,cycles,DSP,yolov8l-simplified-modified
77023381024,FORWARD_PROPAGATE_LAYER,269,/model.18/Slice_1:OpId_1431 (cycles),0,cycles,DSP,yolov8l-simplified-modified
77023381024,FORWARD_PROPAGATE_LAYER,270,/model.22/Reshape:OpId_1436 (cycles),364032,cycles,DSP,yolov8l-simplified-modified
77023381024,FORWARD_PROPAGATE_LAYER,271,/model.22/Sigmoid:OpId_1437 (cycles),72554,cycles,DSP,yolov8l-simplified-modified
77023381024,FORWARD_PROPAGATE_LAYER,272,/model.18/m.0/cv1/conv/Conv:OpId_1449 (cycles),0,cycles,DSP,yolov8l-simplified-modified
77023381024,FORWARD_PROPAGATE_LAYER,273,/model.22/Transpose:OpId_1453 (cycles),322088,cycles,DSP,yolov8l-simplified-modified
77023381024,FORWARD_PROPAGATE_LAYER,274,/model.22/ReduceMax:OpId_1455 (cycles),439453,cycles,DSP,yolov8l-simplified-modified
77023381024,FORWARD_PROPAGATE_LAYER,275,/model.18/m.0/cv1/act/Sigmoid:OpId_1457 (cycles),0,cycles,DSP,yolov8l-simplified-modified
77023381024,FORWARD_PROPAGATE_LAYER,276,/model.22/Softmax:OpId_1464 (cycles),1810724,cycles,DSP,yolov8l-simplified-modified
77023381024,FORWARD_PROPAGATE_LAYER,277,/model.18/m.0/cv1/act/Mul:OpId_1467 (cycles),262119,cycles,DSP,yolov8l-simplified-modified
77023381024,FORWARD_PROPAGATE_LAYER,278,/model.22/Transpose_1:OpId_1470 (cycles),121885,cycles,DSP,yolov8l-simplified-modified
77023381024,FORWARD_PROPAGATE_LAYER,279,/model.18/m.0/cv2/conv/Conv:OpId_1476 (cycles),0,cycles,DSP,yolov8l-simplified-modified
77023381024,FORWARD_PROPAGATE_LAYER,280,/model.22/proj_conv/Conv:OpId_1484 (cycles),182677,cycles,DSP,yolov8l-simplified-modified
77023381024,FORWARD_PROPAGATE_LAYER,281,/model.18/m.0/cv2/act/Sigmoid:OpId_1487 (cycles),0,cycles,DSP,yolov8l-simplified-modified
77023381024,FORWARD_PROPAGATE_LAYER,282,/model.22/Gather_output_0_pre_reshape.nchw:OpId_1495 (cycles),0,cycles,DSP,yolov8l-simplified-modified
77023381024,FORWARD_PROPAGATE_LAYER,283,Reshape_post_/model.22/Gather:OpId_1496 (cycles),154269,cycles,DSP,yolov8l-simplified-modified
77023381024,FORWARD_PROPAGATE_LAYER,284,/model.22/Reshape_1_output_0.nhwc:OpId_1498 (cycles),30182,cycles,DSP,yolov8l-simplified-modified
77023381024,FORWARD_PROPAGATE_LAYER,285,/model.18/m.0/cv2/act/Mul:OpId_1499 (cycles),256053,cycles,DSP,yolov8l-simplified-modified
77023381024,FORWARD_PROPAGATE_LAYER,286,/model.18/m.1/cv1/conv/Conv:OpId_1506 (cycles),0,cycles,DSP,yolov8l-simplified-modified
77023381024,FORWARD_PROPAGATE_LAYER,287,/model.22/Concat:OpId_1509 (cycles),90606,cycles,DSP,yolov8l-simplified-modified
77023381024,FORWARD_PROPAGATE_LAYER,288,/model.18/m.1/cv1/act/Sigmoid:OpId_1511 (cycles),0,cycles,DSP,yolov8l-simplified-modified
77023381024,FORWARD_PROPAGATE_LAYER,289,/model.18/m.1/cv1/act/Mul:OpId_1518 (cycles),257574,cycles,DSP,yolov8l-simplified-modified
77023381024,FORWARD_PROPAGATE_LAYER,290,/model.18/m.1/cv2/conv/Conv:OpId_1525 (cycles),0,cycles,DSP,yolov8l-simplified-modified
77023381024,FORWARD_PROPAGATE_LAYER,291,/model.18/m.1/cv2/act/Sigmoid:OpId_1528 (cycles),0,cycles,DSP,yolov8l-simplified-modified
77023381024,FORWARD_PROPAGATE_LAYER,292,/model.18/m.1/cv2/act/Mul:OpId_1535 (cycles),256885,cycles,DSP,yolov8l-simplified-modified
77023381024,FORWARD_PROPAGATE_LAYER,293,/model.18/m.2/cv1/conv/Conv:OpId_1542 (cycles),0,cycles,DSP,yolov8l-simplified-modified
77023381024,FORWARD_PROPAGATE_LAYER,294,/model.18/m.2/cv1/act/Sigmoid:OpId_1545 (cycles),0,cycles,DSP,yolov8l-simplified-modified
77023381024,FORWARD_PROPAGATE_LAYER,295,/model.18/m.2/cv1/act/Mul:OpId_1552 (cycles),255186,cycles,DSP,yolov8l-simplified-modified
77023381024,FORWARD_PROPAGATE_LAYER,296,/model.18/m.2/cv2/conv/Conv:OpId_1559 (cycles),0,cycles,DSP,yolov8l-simplified-modified
77023381024,FORWARD_PROPAGATE_LAYER,297,/model.18/m.2/cv2/act/Sigmoid:OpId_1562 (cycles),0,cycles,DSP,yolov8l-simplified-modified
77023381024,FORWARD_PROPAGATE_LAYER,298,/model.18/m.2/cv2/act/Mul:OpId_1569 (cycles),256566,cycles,DSP,yolov8l-simplified-modified
77023381024,FORWARD_PROPAGATE_LAYER,299,/model.18/Concat:OpId_1571 (cycles),0,cycles,DSP,yolov8l-simplified-modified
77023381024,FORWARD_PROPAGATE_LAYER,300,/model.18/cv2/conv/Conv:OpId_1578 (cycles),0,cycles,DSP,yolov8l-simplified-modified
77023381024,FORWARD_PROPAGATE_LAYER,301,/model.18/cv2/act/Sigmoid:OpId_1581 (cycles),0,cycles,DSP,yolov8l-simplified-modified
77023381024,FORWARD_PROPAGATE_LAYER,302,/model.18/cv2/act/Mul:OpId_1588 (cycles),326289,cycles,DSP,yolov8l-simplified-modified
77023381024,FORWARD_PROPAGATE_LAYER,303,/model.19/conv/Conv:OpId_1595 (cycles),0,cycles,DSP,yolov8l-simplified-modified
77023381024,FORWARD_PROPAGATE_LAYER,304,/model.22/cv2.1/cv2.1.0/conv/Conv:OpId_1603 (cycles),0,cycles,DSP,yolov8l-simplified-modified
77023381024,FORWARD_PROPAGATE_LAYER,305,/model.22/cv3.1/cv3.1.0/conv/Conv:OpId_1611 (cycles),0,cycles,DSP,yolov8l-simplified-modified
77023381024,FORWARD_PROPAGATE_LAYER,306,/model.19/act/Sigmoid:OpId_1614 (cycles),0,cycles,DSP,yolov8l-simplified-modified
77023381024,FORWARD_PROPAGATE_LAYER,307,/model.22/cv2.1/cv2.1.0/act/Sigmoid:OpId_1621 (cycles),0,cycles,DSP,yolov8l-simplified-modified
77023381024,FORWARD_PROPAGATE_LAYER,308,/model.22/cv3.1/cv3.1.0/act/Sigmoid:OpId_1628 (cycles),0,cycles,DSP,yolov8l-simplified-modified
77023381024,FORWARD_PROPAGATE_LAYER,309,/model.19/act/Mul:OpId_1635 (cycles),998960,cycles,DSP,yolov8l-simplified-modified
77023381024,FORWARD_PROPAGATE_LAYER,310,/model.22/cv2.1/cv2.1.0/act/Mul:OpId_1637 (cycles),129051,cycles,DSP,yolov8l-simplified-modified
77023381024,FORWARD_PROPAGATE_LAYER,311,/model.22/cv3.1/cv3.1.0/act/Mul:OpId_1639 (cycles),489429,cycles,DSP,yolov8l-simplified-modified
77023381024,FORWARD_PROPAGATE_LAYER,312,/model.20/Concat:OpId_1641 (cycles),0,cycles,DSP,yolov8l-simplified-modified
77023381024,FORWARD_PROPAGATE_LAYER,313,/model.22/cv2.1/cv2.1.1/conv/Conv:OpId_1648 (cycles),0,cycles,DSP,yolov8l-simplified-modified
77023381024,FORWARD_PROPAGATE_LAYER,314,/model.22/cv3.1/cv3.1.1/conv/Conv:OpId_1656 (cycles),0,cycles,DSP,yolov8l-simplified-modified
77023381024,FORWARD_PROPAGATE_LAYER,315,/model.21/cv1/conv/Conv:OpId_1664 (cycles),0,cycles,DSP,yolov8l-simplified-modified
77023381024,FORWARD_PROPAGATE_LAYER,316,/model.22/cv2.1/cv2.1.1/act/Sigmoid:OpId_1667 (cycles),0,cycles,DSP,yolov8l-simplified-modified
77023381024,FORWARD_PROPAGATE_LAYER,317,/model.22/cv3.1/cv3.1.1/act/Sigmoid:OpId_1674 (cycles),0,cycles,DSP,yolov8l-simplified-modified
77023381024,FORWARD_PROPAGATE_LAYER,318,/model.21/cv1/act/Sigmoid:OpId_1681 (cycles),0,cycles,DSP,yolov8l-simplified-modified
77023381024,FORWARD_PROPAGATE_LAYER,319,/model.22/cv2.1/cv2.1.1/act/Mul:OpId_1688 (cycles),21859,cycles,DSP,yolov8l-simplified-modified
77023381024,FORWARD_PROPAGATE_LAYER,320,/model.22/cv3.1/cv3.1.1/act/Mul:OpId_1690 (cycles),258223,cycles,DSP,yolov8l-simplified-modified
77023381024,FORWARD_PROPAGATE_LAYER,321,/model.21/cv1/act/Mul:OpId_1692 (cycles),93543,cycles,DSP,yolov8l-simplified-modified
77023381024,FORWARD_PROPAGATE_LAYER,322,/model.22/cv2.1/cv2.1.2/Conv:OpId_1699 (cycles),3381,cycles,DSP,yolov8l-simplified-modified
77023381024,FORWARD_PROPAGATE_LAYER,323,/model.22/cv2.1/cv2.1.2/Conv_output_0.nchw:OpId_1703 (cycles),260143,cycles,DSP,yolov8l-simplified-modified
77023381024,FORWARD_PROPAGATE_LAYER,324,/model.22/cv3.1/cv3.1.2/Conv:OpId_1709 (cycles),0,cycles,DSP,yolov8l-simplified-modified
77023381024,FORWARD_PROPAGATE_LAYER,325,/model.21/Slice:OpId_1713 (cycles),0,cycles,DSP,yolov8l-simplified-modified
77023381024,FORWARD_PROPAGATE_LAYER,326,/model.21/Slice_1:OpId_1719 (cycles),0,cycles,DSP,yolov8l-simplified-modified
77023381024,FORWARD_PROPAGATE_LAYER,327,/model.22/Reshape_2:OpId_1724 (cycles),3871,cycles,DSP,yolov8l-simplified-modified
77023381024,FORWARD_PROPAGATE_LAYER,328,/model.22/Sigmoid_1:OpId_1725 (cycles),86849,cycles,DSP,yolov8l-simplified-modified
77023381024,FORWARD_PROPAGATE_LAYER,329,/model.21/m.0/cv1/conv/Conv:OpId_1737 (cycles),0,cycles,DSP,yolov8l-simplified-modified
77023381024,FORWARD_PROPAGATE_LAYER,330,/model.22/Transpose_2:OpId_1741 (cycles),102355,cycles,DSP,yolov8l-simplified-modified
77023381024,FORWARD_PROPAGATE_LAYER,331,/model.22/ReduceMax_1:OpId_1743 (cycles),103891,cycles,DSP,yolov8l-simplified-modified
77023381024,FORWARD_PROPAGATE_LAYER,332,/model.21/m.0/cv1/act/Sigmoid:OpId_1745 (cycles),0,cycles,DSP,yolov8l-simplified-modified
77023381024,FORWARD_PROPAGATE_LAYER,333,/model.22/Softmax_1:OpId_1752 (cycles),521248,cycles,DSP,yolov8l-simplified-modified
77023381024,FORWARD_PROPAGATE_LAYER,334,/model.21/m.0/cv1/act/Mul:OpId_1755 (cycles),81712,cycles,DSP,yolov8l-simplified-modified
77023381024,FORWARD_PROPAGATE_LAYER,335,/model.22/Transpose_3:OpId_1758 (cycles),35281,cycles,DSP,yolov8l-simplified-modified
77023381024,FORWARD_PROPAGATE_LAYER,336,/model.21/m.0/cv2/conv/Conv:OpId_1764 (cycles),0,cycles,DSP,yolov8l-simplified-modified
77023381024,FORWARD_PROPAGATE_LAYER,337,/model.22/proj_conv_1/Conv:OpId_1771 (cycles),6289,cycles,DSP,yolov8l-simplified-modified
77023381024,FORWARD_PROPAGATE_LAYER,338,/model.21/m.0/cv2/act/Sigmoid:OpId_1774 (cycles),0,cycles,DSP,yolov8l-simplified-modified
77023381024,FORWARD_PROPAGATE_LAYER,339,/model.22/Gather_1_output_0_pre_reshape.nchw:OpId_1782 (cycles),0,cycles,DSP,yolov8l-simplified-modified
77023381024,FORWARD_PROPAGATE_LAYER,340,Reshape_post_/model.22/Gather_1:OpId_1783 (cycles),31759,cycles,DSP,yolov8l-simplified-modified
77023381024,FORWARD_PROPAGATE_LAYER,341,/model.22/Reshape_3_output_0.nhwc:OpId_1785 (cycles),5492,cycles,DSP,yolov8l-simplified-modified
77023381024,FORWARD_PROPAGATE_LAYER,342,/model.21/m.0/cv2/act/Mul:OpId_1786 (cycles),79620,cycles,DSP,yolov8l-simplified-modified
77023381024,FORWARD_PROPAGATE_LAYER,343,/model.21/m.1/cv1/conv/Conv:OpId_1793 (cycles),0,cycles,DSP,yolov8l-simplified-modified
77023381024,FORWARD_PROPAGATE_LAYER,344,/model.22/Concat_1:OpId_1796 (cycles),28127,cycles,DSP,yolov8l-simplified-modified
77023381024,FORWARD_PROPAGATE_LAYER,345,/model.21/m.1/cv1/act/Sigmoid:OpId_1798 (cycles),0,cycles,DSP,yolov8l-simplified-modified
77023381024,FORWARD_PROPAGATE_LAYER,346,/model.21/m.1/cv1/act/Mul:OpId_1805 (cycles),82605,cycles,DSP,yolov8l-simplified-modified
77023381024,FORWARD_PROPAGATE_LAYER,347,/model.21/m.1/cv2/conv/Conv:OpId_1812 (cycles),0,cycles,DSP,yolov8l-simplified-modified
77023381024,FORWARD_PROPAGATE_LAYER,348,/model.21/m.1/cv2/act/Sigmoid:OpId_1815 (cycles),0,cycles,DSP,yolov8l-simplified-modified
77023381024,FORWARD_PROPAGATE_LAYER,349,/model.21/m.1/cv2/act/Mul:OpId_1822 (cycles),79987,cycles,DSP,yolov8l-simplified-modified
77023381024,FORWARD_PROPAGATE_LAYER,350,/model.21/m.2/cv1/conv/Conv:OpId_1829 (cycles),0,cycles,DSP,yolov8l-simplified-modified
77023381024,FORWARD_PROPAGATE_LAYER,351,/model.21/m.2/cv1/act/Sigmoid:OpId_1832 (cycles),0,cycles,DSP,yolov8l-simplified-modified
77023381024,FORWARD_PROPAGATE_LAYER,352,/model.21/m.2/cv1/act/Mul:OpId_1839 (cycles),83603,cycles,DSP,yolov8l-simplified-modified
77023381024,FORWARD_PROPAGATE_LAYER,353,/model.21/m.2/cv2/conv/Conv:OpId_1846 (cycles),0,cycles,DSP,yolov8l-simplified-modified
77023381024,FORWARD_PROPAGATE_LAYER,354,/model.21/m.2/cv2/act/Sigmoid:OpId_1849 (cycles),0,cycles,DSP,yolov8l-simplified-modified
77023381024,FORWARD_PROPAGATE_LAYER,355,/model.21/m.2/cv2/act/Mul:OpId_1856 (cycles),82395,cycles,DSP,yolov8l-simplified-modified
77023381024,FORWARD_PROPAGATE_LAYER,356,/model.21/Concat:OpId_1858 (cycles),0,cycles,DSP,yolov8l-simplified-modified
77023381024,FORWARD_PROPAGATE_LAYER,357,/model.21/cv2/conv/Conv:OpId_1865 (cycles),0,cycles,DSP,yolov8l-simplified-modified
77023381024,FORWARD_PROPAGATE_LAYER,358,/model.21/cv2/act/Sigmoid:OpId_1868 (cycles),0,cycles,DSP,yolov8l-simplified-modified
77023381024,FORWARD_PROPAGATE_LAYER,359,/model.21/cv2/act/Mul:OpId_1875 (cycles),107920,cycles,DSP,yolov8l-simplified-modified
77023381024,FORWARD_PROPAGATE_LAYER,360,/model.22/cv2.2/cv2.2.0/conv/Conv:OpId_1882 (cycles),0,cycles,DSP,yolov8l-simplified-modified
77023381024,FORWARD_PROPAGATE_LAYER,361,/model.22/cv3.2/cv3.2.0/conv/Conv:OpId_1890 (cycles),0,cycles,DSP,yolov8l-simplified-modified
77023381024,FORWARD_PROPAGATE_LAYER,362,/model.22/cv2.2/cv2.2.0/act/Sigmoid:OpId_1893 (cycles),0,cycles,DSP,yolov8l-simplified-modified
77023381024,FORWARD_PROPAGATE_LAYER,363,/model.22/cv3.2/cv3.2.0/act/Sigmoid:OpId_1900 (cycles),0,cycles,DSP,yolov8l-simplified-modified
77023381024,FORWARD_PROPAGATE_LAYER,364,/model.22/cv2.2/cv2.2.0/act/Mul:OpId_1907 (cycles),40977,cycles,DSP,yolov8l-simplified-modified
77023381024,FORWARD_PROPAGATE_LAYER,365,/model.22/cv3.2/cv3.2.0/act/Mul:OpId_1909 (cycles),148643,cycles,DSP,yolov8l-simplified-modified
77023381024,FORWARD_PROPAGATE_LAYER,366,/model.22/cv2.2/cv2.2.1/conv/Conv:OpId_1916 (cycles),0,cycles,DSP,yolov8l-simplified-modified
77023381024,FORWARD_PROPAGATE_LAYER,367,/model.22/cv3.2/cv3.2.1/conv/Conv:OpId_1924 (cycles),0,cycles,DSP,yolov8l-simplified-modified
77023381024,FORWARD_PROPAGATE_LAYER,368,/model.22/cv2.2/cv2.2.1/act/Sigmoid:OpId_1927 (cycles),0,cycles,DSP,yolov8l-simplified-modified
77023381024,FORWARD_PROPAGATE_LAYER,369,/model.22/cv3.2/cv3.2.1/act/Sigmoid:OpId_1934 (cycles),0,cycles,DSP,yolov8l-simplified-modified
77023381024,FORWARD_PROPAGATE_LAYER,370,/model.22/cv2.2/cv2.2.1/act/Mul:OpId_1941 (cycles),7210,cycles,DSP,yolov8l-simplified-modified
77023381024,FORWARD_PROPAGATE_LAYER,371,/model.22/cv3.2/cv3.2.1/act/Mul:OpId_1943 (cycles),79442,cycles,DSP,yolov8l-simplified-modified
77023381024,FORWARD_PROPAGATE_LAYER,372,/model.22/cv2.2/cv2.2.2/Conv:OpId_1950 (cycles),2585,cycles,DSP,yolov8l-simplified-modified
77023381024,FORWARD_PROPAGATE_LAYER,373,/model.22/cv2.2/cv2.2.2/Conv_output_0.nchw:OpId_1954 (cycles),12594,cycles,DSP,yolov8l-simplified-modified
77023381024,FORWARD_PROPAGATE_LAYER,374,/model.22/cv3.2/cv3.2.2/Conv:OpId_1960 (cycles),0,cycles,DSP,yolov8l-simplified-modified
77023381024,FORWARD_PROPAGATE_LAYER,375,/model.22/Reshape_4:OpId_1963 (cycles),18057,cycles,DSP,yolov8l-simplified-modified
77023381024,FORWARD_PROPAGATE_LAYER,376,/model.22/Sigmoid_2:OpId_1964 (cycles),5956,cycles,DSP,yolov8l-simplified-modified
77023381024,FORWARD_PROPAGATE_LAYER,377,/model.22/Transpose_4:OpId_1972 (cycles),18776,cycles,DSP,yolov8l-simplified-modified
77023381024,FORWARD_PROPAGATE_LAYER,378,/model.22/ReduceMax_2:OpId_1974 (cycles),26518,cycles,DSP,yolov8l-simplified-modified
77023381024,FORWARD_PROPAGATE_LAYER,379,/model.22/Softmax_2:OpId_1976 (cycles),121490,cycles,DSP,yolov8l-simplified-modified
77023381024,FORWARD_PROPAGATE_LAYER,380,/model.22/Transpose_5:OpId_1980 (cycles),5602,cycles,DSP,yolov8l-simplified-modified
77023381024,FORWARD_PROPAGATE_LAYER,381,/model.22/proj_conv_2/Conv:OpId_1985 (cycles),1342,cycles,DSP,yolov8l-simplified-modified
77023381024,FORWARD_PROPAGATE_LAYER,382,/model.22/Gather_2_output_0_pre_reshape.nchw:OpId_1989 (cycles),0,cycles,DSP,yolov8l-simplified-modified
77023381024,FORWARD_PROPAGATE_LAYER,383,Reshape_post_/model.22/Gather_2:OpId_1990 (cycles),8124,cycles,DSP,yolov8l-simplified-modified
77023381024,FORWARD_PROPAGATE_LAYER,384,/model.22/Reshape_5_output_0.nhwc:OpId_1992 (cycles),3997,cycles,DSP,yolov8l-simplified-modified
77023381024,FORWARD_PROPAGATE_LAYER,385,/model.22/Concat_2:OpId_1993 (cycles),6272,cycles,DSP,yolov8l-simplified-modified
77023381024,FORWARD_PROPAGATE_LAYER,386,Output OpId_3 (cycles),781455,cycles,DSP,yolov8l-simplified-modified
77023381024,EXECUTE_TIME_SUBNET_0,,,39185497,cycles,DSP,yolov8l-simplified-modified
77023381024,TOTAL_INFERENCE_TIME,,,49347,us,,yolov8l-simplified-modified
77023381024,FORWARD_PROPAGATE,,,49306,us,,yolov8l-simplified-modified
77023381024,FORWARD_PROPAGATE_LAYER,0,Input OpId_2 (cycles),0,cycles,DSP,yolov8l-simplified-modified
77023381024,FORWARD_PROPAGATE_LAYER,1,/model.0/conv/Conv:OpId_21 (cycles),0,cycles,DSP,yolov8l-simplified-modified
77023381024,FORWARD_PROPAGATE_LAYER,2,/model.0/act/Sigmoid:OpId_24 (cycles),0,cycles,DSP,yolov8l-simplified-modified
77023381024,FORWARD_PROPAGATE_LAYER,3,/model.0/act/Mul:OpId_31 (cycles),1220438,cycles,DSP,yolov8l-simplified-modified
77023381024,FORWARD_PROPAGATE_LAYER,4,/model.1/conv/Conv:OpId_38 (cycles),0,cycles,DSP,yolov8l-simplified-modified
77023381024,FORWARD_PROPAGATE_LAYER,5,/model.1/act/Sigmoid:OpId_41 (cycles),0,cycles,DSP,yolov8l-simplified-modified
77023381024,FORWARD_PROPAGATE_LAYER,6,/model.1/act/Mul:OpId_48 (cycles),2273400,cycles,DSP,yolov8l-simplified-modified
77023381024,FORWARD_PROPAGATE_LAYER,7,/model.2/cv1/conv/Conv:OpId_55 (cycles),0,cycles,DSP,yolov8l-simplified-modified
77023381024,FORWARD_PROPAGATE_LAYER,8,/model.2/cv1/act/Sigmoid:OpId_58 (cycles),0,cycles,DSP,yolov8l-simplified-modified
77023381024,FORWARD_PROPAGATE_LAYER,9,/model.2/cv1/act/Mul:OpId_65 (cycles),356470,cycles,DSP,yolov8l-simplified-modified
77023381024,FORWARD_PROPAGATE_LAYER,10,/model.2/Slice:OpId_68 (cycles),0,cycles,DSP,yolov8l-simplified-modified
77023381024,FORWARD_PROPAGATE_LAYER,11,/model.2/Slice_1:OpId_74 (cycles),0,cycles,DSP,yolov8l-simplified-modified
77023381024,FORWARD_PROPAGATE_LAYER,12,/model.2/m.0/cv1/conv/Conv:OpId_84 (cycles),0,cycles,DSP,yolov8l-simplified-modified
77023381024,FORWARD_PROPAGATE_LAYER,13,/model.2/m.0/cv1/act/Sigmoid:OpId_87 (cycles),0,cycles,DSP,yolov8l-simplified-modified
77023381024,FORWARD_PROPAGATE_LAYER,14,/model.2/m.0/cv1/act/Mul:OpId_94 (cycles),326875,cycles,DSP,yolov8l-simplified-modified
77023381024,FORWARD_PROPAGATE_LAYER,15,/model.2/m.0/cv2/conv/Conv:OpId_101 (cycles),0,cycles,DSP,yolov8l-simplified-modified
77023381024,FORWARD_PROPAGATE_LAYER,16,/model.2/m.0/cv2/act/Sigmoid:OpId_104 (cycles),0,cycles,DSP,yolov8l-simplified-modified
77023381024,FORWARD_PROPAGATE_LAYER,17,/model.2/m.0/cv2/act/Mul:OpId_111 (cycles),320436,cycles,DSP,yolov8l-simplified-modified
77023381024,FORWARD_PROPAGATE_LAYER,18,/model.2/m.0/Add:OpId_113 (cycles),53623,cycles,DSP,yolov8l-simplified-modified
77023381024,FORWARD_PROPAGATE_LAYER,19,/model.2/m.1/cv1/conv/Conv:OpId_120 (cycles),0,cycles,DSP,yolov8l-simplified-modified
77023381024,FORWARD_PROPAGATE_LAYER,20,/model.2/m.1/cv1/act/Sigmoid:OpId_123 (cycles),0,cycles,DSP,yolov8l-simplified-modified
77023381024,FORWARD_PROPAGATE_LAYER,21,/model.2/m.1/cv1/act/Mul:OpId_130 (cycles),324906,cycles,DSP,yolov8l-simplified-modified
77023381024,FORWARD_PROPAGATE_LAYER,22,/model.2/m.1/cv2/conv/Conv:OpId_137 (cycles),0,cycles,DSP,yolov8l-simplified-modified
77023381024,FORWARD_PROPAGATE_LAYER,23,/model.2/m.1/cv2/act/Sigmoid:OpId_140 (cycles),0,cycles,DSP,yolov8l-simplified-modified
77023381024,FORWARD_PROPAGATE_LAYER,24,/model.2/m.1/cv2/act/Mul:OpId_147 (cycles),319873,cycles,DSP,yolov8l-simplified-modified
77023381024,FORWARD_PROPAGATE_LAYER,25,/model.2/m.1/Add:OpId_149 (cycles),31947,cycles,DSP,yolov8l-simplified-modified
77023381024,FORWARD_PROPAGATE_LAYER,26,/model.2/m.2/cv1/conv/Conv:OpId_156 (cycles),0,cycles,DSP,yolov8l-simplified-modified
77023381024,FORWARD_PROPAGATE_LAYER,27,/model.2/m.2/cv1/act/Sigmoid:OpId_159 (cycles),0,cycles,DSP,yolov8l-simplified-modified
77023381024,FORWARD_PROPAGATE_LAYER,28,/model.2/m.2/cv1/act/Mul:OpId_166 (cycles),324640,cycles,DSP,yolov8l-simplified-modified
77023381024,FORWARD_PROPAGATE_LAYER,29,/model.2/m.2/cv2/conv/Conv:OpId_173 (cycles),0,cycles,DSP,yolov8l-simplified-modified
77023381024,FORWARD_PROPAGATE_LAYER,30,/model.2/m.2/cv2/act/Sigmoid:OpId_176 (cycles),0,cycles,DSP,yolov8l-simplified-modified
77023381024,FORWARD_PROPAGATE_LAYER,31,/model.2/m.2/cv2/act/Mul:OpId_183 (cycles),318346,cycles,DSP,yolov8l-simplified-modified
77023381024,FORWARD_PROPAGATE_LAYER,32,/model.2/m.2/Add:OpId_185 (cycles),28986,cycles,DSP,yolov8l-simplified-modified
77023381024,FORWARD_PROPAGATE_LAYER,33,/model.2/Concat:OpId_187 (cycles),0,cycles,DSP,yolov8l-simplified-modified
77023381024,FORWARD_PROPAGATE_LAYER,34,/model.2/cv2/conv/Conv:OpId_194 (cycles),0,cycles,DSP,yolov8l-simplified-modified
77023381024,FORWARD_PROPAGATE_LAYER,35,/model.2/cv2/act/Sigmoid:OpId_197 (cycles),0,cycles,DSP,yolov8l-simplified-modified
77023381024,FORWARD_PROPAGATE_LAYER,36,/model.2/cv2/act/Mul:OpId_204 (cycles),478491,cycles,DSP,yolov8l-simplified-modified
77023381024,FORWARD_PROPAGATE_LAYER,37,/model.3/conv/Conv:OpId_211 (cycles),0,cycles,DSP,yolov8l-simplified-modified
77023381024,FORWARD_PROPAGATE_LAYER,38,/model.3/act/Sigmoid:OpId_214 (cycles),0,cycles,DSP,yolov8l-simplified-modified
77023381024,FORWARD_PROPAGATE_LAYER,39,/model.3/act/Mul:OpId_221 (cycles),1453854,cycles,DSP,yolov8l-simplified-modified
77023381024,FORWARD_PROPAGATE_LAYER,40,/model.4/cv1/conv/Conv:OpId_228 (cycles),0,cycles,DSP,yolov8l-simplified-modified
77023381024,FORWARD_PROPAGATE_LAYER,41,/model.4/cv1/act/Sigmoid:OpId_231 (cycles),0,cycles,DSP,yolov8l-simplified-modified
77023381024,FORWARD_PROPAGATE_LAYER,42,/model.4/cv1/act/Mul:OpId_238 (cycles),209125,cycles,DSP,yolov8l-simplified-modified
77023381024,FORWARD_PROPAGATE_LAYER,43,/model.4/Slice:OpId_241 (cycles),0,cycles,DSP,yolov8l-simplified-modified
77023381024,FORWARD_PROPAGATE_LAYER,44,/model.4/Slice_1:OpId_247 (cycles),0,cycles,DSP,yolov8l-simplified-modified
77023381024,FORWARD_PROPAGATE_LAYER,45,/model.4/m.0/cv1/conv/Conv:OpId_257 (cycles),0,cycles,DSP,yolov8l-simplified-modified
77023381024,FORWARD_PROPAGATE_LAYER,46,/model.4/m.0/cv1/act/Sigmoid:OpId_260 (cycles),0,cycles,DSP,yolov8l-simplified-modified
77023381024,FORWARD_PROPAGATE_LAYER,47,/model.4/m.0/cv1/act/Mul:OpId_267 (cycles),280649,cycles,DSP,yolov8l-simplified-modified
77023381024,FORWARD_PROPAGATE_LAYER,48,/model.4/m.0/cv2/conv/Conv:OpId_274 (cycles),0,cycles,DSP,yolov8l-simplified-modified
77023381024,FORWARD_PROPAGATE_LAYER,49,/model.4/m.0/cv2/act/Sigmoid:OpId_277 (cycles),0,cycles,DSP,yolov8l-simplified-modified
77023381024,FORWARD_PROPAGATE_LAYER,50,/model.4/m.0/cv2/act/Mul:OpId_284 (cycles),278674,cycles,DSP,yolov8l-simplified-modified
77023381024,FORWARD_PROPAGATE_LAYER,51,/model.4/m.0/Add:OpId_286 (cycles),36430,cycles,DSP,yolov8l-simplified-modified
77023381024,FORWARD_PROPAGATE_LAYER,52,/model.4/m.1/cv1/conv/Conv:OpId_293 (cycles),0,cycles,DSP,yolov8l-simplified-modified
77023381024,FORWARD_PROPAGATE_LAYER,53,/model.4/m.1/cv1/act/Sigmoid:OpId_296 (cycles),0,cycles,DSP,yolov8l-simplified-modified
77023381024,FORWARD_PROPAGATE_LAYER,54,/model.4/m.1/cv1/act/Mul:OpId_303 (cycles),283564,cycles,DSP,yolov8l-simplified-modified
77023381024,FORWARD_PROPAGATE_LAYER,55,/model.4/m.1/cv2/conv/Conv:OpId_310 (cycles),0,cycles,DSP,yolov8l-simplified-modified
77023381024,FORWARD_PROPAGATE_LAYER,56,/model.4/m.1/cv2/act/Sigmoid:OpId_313 (cycles),0,cycles,DSP,yolov8l-simplified-modified
77023381024,FORWARD_PROPAGATE_LAYER,57,/model.4/m.1/cv2/act/Mul:OpId_320 (cycles),276180,cycles,DSP,yolov8l-simplified-modified
77023381024,FORWARD_PROPAGATE_LAYER,58,/model.4/m.1/Add:OpId_322 (cycles),32640,cycles,DSP,yolov8l-simplified-modified
77023381024,FORWARD_PROPAGATE_LAYER,59,/model.4/m.2/cv1/conv/Conv:OpId_329 (cycles),0,cycles,DSP,yolov8l-simplified-modified
77023381024,FORWARD_PROPAGATE_LAYER,60,/model.4/m.2/cv1/act/Sigmoid:OpId_332 (cycles),0,cycles,DSP,yolov8l-simplified-modified
77023381024,FORWARD_PROPAGATE_LAYER,61,/model.4/m.2/cv1/act/Mul:OpId_339 (cycles),292911,cycles,DSP,yolov8l-simplified-modified
77023381024,FORWARD_PROPAGATE_LAYER,62,/model.4/m.2/cv2/conv/Conv:OpId_346 (cycles),0,cycles,DSP,yolov8l-simplified-modified
77023381024,FORWARD_PROPAGATE_LAYER,63,/model.4/m.2/cv2/act/Sigmoid:OpId_349 (cycles),0,cycles,DSP,yolov8l-simplified-modified
77023381024,FORWARD_PROPAGATE_LAYER,64,/model.4/m.2/cv2/act/Mul:OpId_356 (cycles),275892,cycles,DSP,yolov8l-simplified-modified
77023381024,FORWARD_PROPAGATE_LAYER,65,/model.4/m.2/Add:OpId_358 (cycles),45427,cycles,DSP,yolov8l-simplified-modified
77023381024,FORWARD_PROPAGATE_LAYER,66,/model.4/m.3/cv1/conv/Conv:OpId_365 (cycles),0,cycles,DSP,yolov8l-simplified-modified
77023381024,FORWARD_PROPAGATE_LAYER,67,/model.4/m.3/cv1/act/Sigmoid:OpId_368 (cycles),0,cycles,DSP,yolov8l-simplified-modified
77023381024,FORWARD_PROPAGATE_LAYER,68,/model.4/m.3/cv1/act/Mul:OpId_375 (cycles),303395,cycles,DSP,yolov8l-simplified-modified
77023381024,FORWARD_PROPAGATE_LAYER,69,/model.4/m.3/cv2/conv/Conv:OpId_382 (cycles),0,cycles,DSP,yolov8l-simplified-modified
77023381024,FORWARD_PROPAGATE_LAYER,70,/model.4/m.3/cv2/act/Sigmoid:OpId_385 (cycles),0,cycles,DSP,yolov8l-simplified-modified
77023381024,FORWARD_PROPAGATE_LAYER,71,/model.4/m.3/cv2/act/Mul:OpId_392 (cycles),274839,cycles,DSP,yolov8l-simplified-modified
77023381024,FORWARD_PROPAGATE_LAYER,72,/model.4/m.3/Add:OpId_394 (cycles),22592,cycles,DSP,yolov8l-simplified-modified
77023381024,FORWARD_PROPAGATE_LAYER,73,/model.4/m.4/cv1/conv/Conv:OpId_401 (cycles),0,cycles,DSP,yolov8l-simplified-modified
77023381024,FORWARD_PROPAGATE_LAYER,74,/model.4/m.4/cv1/act/Sigmoid:OpId_404 (cycles),0,cycles,DSP,yolov8l-simplified-modified
77023381024,FORWARD_PROPAGATE_LAYER,75,/model.4/m.4/cv1/act/Mul:OpId_411 (cycles),304013,cycles,DSP,yolov8l-simplified-modified
77023381024,FORWARD_PROPAGATE_LAYER,76,/model.4/m.4/cv2/conv/Conv:OpId_418 (cycles),0,cycles,DSP,yolov8l-simplified-modified
77023381024,FORWARD_PROPAGATE_LAYER,77,/model.4/m.4/cv2/act/Sigmoid:OpId_421 (cycles),0,cycles,DSP,yolov8l-simplified-modified
77023381024,FORWARD_PROPAGATE_LAYER,78,/model.4/m.4/cv2/act/Mul:OpId_428 (cycles),273951,cycles,DSP,yolov8l-simplified-modified
77023381024,FORWARD_PROPAGATE_LAYER,79,/model.4/m.4/Add:OpId_430 (cycles),15676,cycles,DSP,yolov8l-simplified-modified
77023381024,FORWARD_PROPAGATE_LAYER,80,/model.4/m.5/cv1/conv/Conv:OpId_437 (cycles),0,cycles,DSP,yolov8l-simplified-modified
77023381024,FORWARD_PROPAGATE_LAYER,81,/model.4/m.5/cv1/act/Sigmoid:OpId_440 (cycles),0,cycles,DSP,yolov8l-simplified-modified
77023381024,FORWARD_PROPAGATE_LAYER,82,/model.4/m.5/cv1/act/Mul:OpId_447 (cycles),306015,cycles,DSP,yolov8l-simplified-modified
77023381024,FORWARD_PROPAGATE_LAYER,83,/model.4/m.5/cv2/conv/Conv:OpId_454 (cycles),0,cycles,DSP,yolov8l-simplified-modified
77023381024,FORWARD_PROPAGATE_LAYER,84,/model.4/m.5/cv2/act/Sigmoid:OpId_457 (cycles),0,cycles,DSP,yolov8l-simplified-modified
77023381024,FORWARD_PROPAGATE_LAYER,85,/model.4/m.5/cv2/act/Mul:OpId_464 (cycles),275511,cycles,DSP,yolov8l-simplified-modified
77023381024,FORWARD_PROPAGATE_LAYER,86,/model.4/m.5/Add:OpId_466 (cycles),15653,cycles,DSP,yolov8l-simplified-modified
77023381024,FORWARD_PROPAGATE_LAYER,87,/model.4/Concat:OpId_468 (cycles),0,cycles,DSP,yolov8l-simplified-modified
77023381024,FORWARD_PROPAGATE_LAYER,88,/model.4/cv2/conv/Conv:OpId_475 (cycles),0,cycles,DSP,yolov8l-simplified-modified
77023381024,FORWARD_PROPAGATE_LAYER,89,/model.4/cv2/act/Sigmoid:OpId_478 (cycles),0,cycles,DSP,yolov8l-simplified-modified
77023381024,FORWARD_PROPAGATE_LAYER,90,/model.4/cv2/act/Mul:OpId_485 (cycles),615112,cycles,DSP,yolov8l-simplified-modified
77023381024,FORWARD_PROPAGATE_LAYER,91,/model.5/conv/Conv:OpId_492 (cycles),0,cycles,DSP,yolov8l-simplified-modified
77023381024,FORWARD_PROPAGATE_LAYER,92,/model.5/act/Sigmoid:OpId_495 (cycles),0,cycles,DSP,yolov8l-simplified-modified
77023381024,FORWARD_PROPAGATE_LAYER,93,/model.5/act/Mul:OpId_502 (cycles),1097004,cycles,DSP,yolov8l-simplified-modified
77023381024,FORWARD_PROPAGATE_LAYER,94,/model.6/cv1/conv/Conv:OpId_509 (cycles),0,cycles,DSP,yolov8l-simplified-modified
77023381024,FORWARD_PROPAGATE_LAYER,95,/model.6/cv1/act/Sigmoid:OpId_512 (cycles),0,cycles,DSP,yolov8l-simplified-modified
77023381024,FORWARD_PROPAGATE_LAYER,96,/model.6/cv1/act/Mul:OpId_519 (cycles),155194,cycles,DSP,yolov8l-simplified-modified
77023381024,FORWARD_PROPAGATE_LAYER,97,/model.6/Slice:OpId_522 (cycles),0,cycles,DSP,yolov8l-simplified-modified
77023381024,FORWARD_PROPAGATE_LAYER,98,/model.6/Slice_1:OpId_528 (cycles),0,cycles,DSP,yolov8l-simplified-modified
77023381024,FORWARD_PROPAGATE_LAYER,99,/model.6/m.0/cv1/conv/Conv:OpId_538 (cycles),0,cycles,DSP,yolov8l-simplified-modified
77023381024,FORWARD_PROPAGATE_LAYER,100,/model.6/m.0/cv1/act/Sigmoid:OpId_541 (cycles),0,cycles,DSP,yolov8l-simplified-modified
77023381024,FORWARD_PROPAGATE_LAYER,101,/model.6/m.0/cv1/act/Mul:OpId_548 (cycles),257110,cycles,DSP,yolov8l-simplified-modified
77023381024,FORWARD_PROPAGATE_LAYER,102,/model.6/m.0/cv2/conv/Conv:OpId_555 (cycles),0,cycles,DSP,yolov8l-simplified-modified
77023381024,FORWARD_PROPAGATE_LAYER,103,/model.6/m.0/cv2/act/Sigmoid:OpId_558 (cycles),0,cycles,DSP,yolov8l-simplified-modified
77023381024,FORWARD_PROPAGATE_LAYER,104,/model.6/m.0/cv2/act/Mul:OpId_565 (cycles),286280,cycles,DSP,yolov8l-simplified-modified
77023381024,FORWARD_PROPAGATE_LAYER,105,/model.6/m.0/Add:OpId_567 (cycles),18221,cycles,DSP,yolov8l-simplified-modified
77023381024,FORWARD_PROPAGATE_LAYER,106,/model.6/m.1/cv1/conv/Conv:OpId_574 (cycles),0,cycles,DSP,yolov8l-simplified-modified
77023381024,FORWARD_PROPAGATE_LAYER,107,/model.6/m.1/cv1/act/Sigmoid:OpId_577 (cycles),0,cycles,DSP,yolov8l-simplified-modified
77023381024,FORWARD_PROPAGATE_LAYER,108,/model.6/m.1/cv1/act/Mul:OpId_584 (cycles),255474,cycles,DSP,yolov8l-simplified-modified
77023381024,FORWARD_PROPAGATE_LAYER,109,/model.6/m.1/cv2/conv/Conv:OpId_591 (cycles),0,cycles,DSP,yolov8l-simplified-modified
77023381024,FORWARD_PROPAGATE_LAYER,110,/model.6/m.1/cv2/act/Sigmoid:OpId_594 (cycles),0,cycles,DSP,yolov8l-simplified-modified
77023381024,FORWARD_PROPAGATE_LAYER,111,/model.6/m.1/cv2/act/Mul:OpId_601 (cycles),285422,cycles,DSP,yolov8l-simplified-modified
77023381024,FORWARD_PROPAGATE_LAYER,112,/model.6/m.1/Add:OpId_603 (cycles),17227,cycles,DSP,yolov8l-simplified-modified
77023381024,FORWARD_PROPAGATE_LAYER,113,/model.6/m.2/cv1/conv/Conv:OpId_610 (cycles),0,cycles,DSP,yolov8l-simplified-modified
77023381024,FORWARD_PROPAGATE_LAYER,114,/model.6/m.2/cv1/act/Sigmoid:OpId_613 (cycles),0,cycles,DSP,yolov8l-simplified-modified
77023381024,FORWARD_PROPAGATE_LAYER,115,/model.6/m.2/cv1/act/Mul:OpId_620 (cycles),281802,cycles,DSP,yolov8l-simplified-modified
77023381024,FORWARD_PROPAGATE_LAYER,116,/model.6/m.2/cv2/conv/Conv:OpId_627 (cycles),0,cycles,DSP,yolov8l-simplified-modified
77023381024,FORWARD_PROPAGATE_LAYER,117,/model.6/m.2/cv2/act/Sigmoid:OpId_630 (cycles),0,cycles,DSP,yolov8l-simplified-modified
77023381024,FORWARD_PROPAGATE_LAYER,118,/model.6/m.2/cv2/act/Mul:OpId_637 (cycles),285236,cycles,DSP,yolov8l-simplified-modified
77023381024,FORWARD_PROPAGATE_LAYER,119,/model.6/m.2/Add:OpId_639 (cycles),17357,cycles,DSP,yolov8l-simplified-modified
77023381024,FORWARD_PROPAGATE_LAYER,120,/model.6/m.3/cv1/conv/Conv:OpId_646 (cycles),0,cycles,DSP,yolov8l-simplified-modified
77023381024,FORWARD_PROPAGATE_LAYER,121,/model.6/m.3/cv1/act/Sigmoid:OpId_649 (cycles),0,cycles,DSP,yolov8l-simplified-modified
77023381024,FORWARD_PROPAGATE_LAYER,122,/model.6/m.3/cv1/act/Mul:OpId_656 (cycles),289489,cycles,DSP,yolov8l-simplified-modified
77023381024,FORWARD_PROPAGATE_LAYER,123,/model.6/m.3/cv2/conv/Conv:OpId_663 (cycles),0,cycles,DSP,yolov8l-simplified-modified
77023381024,FORWARD_PROPAGATE_LAYER,124,/model.6/m.3/cv2/act/Sigmoid:OpId_666 (cycles),0,cycles,DSP,yolov8l-simplified-modified
77023381024,FORWARD_PROPAGATE_LAYER,125,/model.6/m.3/cv2/act/Mul:OpId_673 (cycles),286995,cycles,DSP,yolov8l-simplified-modified
77023381024,FORWARD_PROPAGATE_LAYER,126,/model.6/m.3/Add:OpId_675 (cycles),18000,cycles,DSP,yolov8l-simplified-modified
77023381024,FORWARD_PROPAGATE_LAYER,127,/model.6/m.4/cv1/conv/Conv:OpId_682 (cycles),0,cycles,DSP,yolov8l-simplified-modified
77023381024,FORWARD_PROPAGATE_LAYER,128,/model.6/m.4/cv1/act/Sigmoid:OpId_685 (cycles),0,cycles,DSP,yolov8l-simplified-modified
77023381024,FORWARD_PROPAGATE_LAYER,129,/model.6/m.4/cv1/act/Mul:OpId_692 (cycles),292985,cycles,DSP,yolov8l-simplified-modified
77023381024,FORWARD_PROPAGATE_LAYER,130,/model.6/m.4/cv2/conv/Conv:OpId_699 (cycles),0,cycles,DSP,yolov8l-simplified-modified
77023381024,FORWARD_PROPAGATE_LAYER,131,/model.6/m.4/cv2/act/Sigmoid:OpId_702 (cycles),0,cycles,DSP,yolov8l-simplified-modified
77023381024,FORWARD_PROPAGATE_LAYER,132,/model.6/m.4/cv2/act/Mul:OpId_709 (cycles),285157,cycles,DSP,yolov8l-simplified-modified
77023381024,FORWARD_PROPAGATE_LAYER,133,/model.6/m.4/Add:OpId_711 (cycles),16826,cycles,DSP,yolov8l-simplified-modified
77023381024,FORWARD_PROPAGATE_LAYER,134,/model.6/m.5/cv1/conv/Conv:OpId_718 (cycles),0,cycles,DSP,yolov8l-simplified-modified
77023381024,FORWARD_PROPAGATE_LAYER,135,/model.6/m.5/cv1/act/Sigmoid:OpId_721 (cycles),0,cycles,DSP,yolov8l-simplified-modified
77023381024,FORWARD_PROPAGATE_LAYER,136,/model.6/m.5/cv1/act/Mul:OpId_728 (cycles),300663,cycles,DSP,yolov8l-simplified-modified
77023381024,FORWARD_PROPAGATE_LAYER,137,/model.6/m.5/cv2/conv/Conv:OpId_735 (cycles),0,cycles,DSP,yolov8l-simplified-modified
77023381024,FORWARD_PROPAGATE_LAYER,138,/model.6/m.5/cv2/act/Sigmoid:OpId_738 (cycles),0,cycles,DSP,yolov8l-simplified-modified
77023381024,FORWARD_PROPAGATE_LAYER,139,/model.6/m.5/cv2/act/Mul:OpId_745 (cycles),283730,cycles,DSP,yolov8l-simplified-modified
77023381024,FORWARD_PROPAGATE_LAYER,140,/model.6/m.5/Add:OpId_747 (cycles),16802,cycles,DSP,yolov8l-simplified-modified
77023381024,FORWARD_PROPAGATE_LAYER,141,/model.6/Concat:OpId_749 (cycles),0,cycles,DSP,yolov8l-simplified-modified
77023381024,FORWARD_PROPAGATE_LAYER,142,/model.6/cv2/conv/Conv:OpId_756 (cycles),0,cycles,DSP,yolov8l-simplified-modified
77023381024,FORWARD_PROPAGATE_LAYER,143,/model.6/cv2/act/Sigmoid:OpId_759 (cycles),0,cycles,DSP,yolov8l-simplified-modified
77023381024,FORWARD_PROPAGATE_LAYER,144,/model.6/cv2/act/Mul:OpId_766 (cycles),566777,cycles,DSP,yolov8l-simplified-modified
77023381024,FORWARD_PROPAGATE_LAYER,145,/model.7/conv/Conv:OpId_773 (cycles),0,cycles,DSP,yolov8l-simplified-modified
77023381024,FORWARD_PROPAGATE_LAYER,146,/model.7/act/Sigmoid:OpId_776 (cycles),0,cycles,DSP,yolov8l-simplified-modified
77023381024,FORWARD_PROPAGATE_LAYER,147,/model.7/act/Mul:OpId_783 (cycles),997392,cycles,DSP,yolov8l-simplified-modified
77023381024,FORWARD_PROPAGATE_LAYER,148,/model.8/cv1/conv/Conv:OpId_790 (cycles),0,cycles,DSP,yolov8l-simplified-modified
77023381024,FORWARD_PROPAGATE_LAYER,149,/model.8/cv1/act/Sigmoid:OpId_793 (cycles),0,cycles,DSP,yolov8l-simplified-modified
77023381024,FORWARD_PROPAGATE_LAYER,150,/model.8/cv1/act/Mul:OpId_800 (cycles),51549,cycles,DSP,yolov8l-simplified-modified
77023381024,FORWARD_PROPAGATE_LAYER,151,/model.8/Slice:OpId_803 (cycles),0,cycles,DSP,yolov8l-simplified-modified
77023381024,FORWARD_PROPAGATE_LAYER,152,/model.8/Slice_1:OpId_809 (cycles),0,cycles,DSP,yolov8l-simplified-modified
77023381024,FORWARD_PROPAGATE_LAYER,153,/model.8/m.0/cv1/conv/Conv:OpId_819 (cycles),0,cycles,DSP,yolov8l-simplified-modified
77023381024,FORWARD_PROPAGATE_LAYER,154,/model.8/m.0/cv1/act/Sigmoid:OpId_822 (cycles),0,cycles,DSP,yolov8l-simplified-modified
77023381024,FORWARD_PROPAGATE_LAYER,155,/model.8/m.0/cv1/act/Mul:OpId_829 (cycles),84317,cycles,DSP,yolov8l-simplified-modified
77023381024,FORWARD_PROPAGATE_LAYER,156,/model.8/m.0/cv2/conv/Conv:OpId_836 (cycles),0,cycles,DSP,yolov8l-simplified-modified
77023381024,FORWARD_PROPAGATE_LAYER,157,/model.8/m.0/cv2/act/Sigmoid:OpId_839 (cycles),0,cycles,DSP,yolov8l-simplified-modified
77023381024,FORWARD_PROPAGATE_LAYER,158,/model.8/m.0/cv2/act/Mul:OpId_846 (cycles),79086,cycles,DSP,yolov8l-simplified-modified
77023381024,FORWARD_PROPAGATE_LAYER,159,/model.8/m.0/Add:OpId_848 (cycles),4961,cycles,DSP,yolov8l-simplified-modified
77023381024,FORWARD_PROPAGATE_LAYER,160,/model.8/m.1/cv1/conv/Conv:OpId_855 (cycles),0,cycles,DSP,yolov8l-simplified-modified
77023381024,FORWARD_PROPAGATE_LAYER,161,/model.8/m.1/cv1/act/Sigmoid:OpId_858 (cycles),0,cycles,DSP,yolov8l-simplified-modified
77023381024,FORWARD_PROPAGATE_LAYER,162,/model.8/m.1/cv1/act/Mul:OpId_865 (cycles),81525,cycles,DSP,yolov8l-simplified-modified
77023381024,FORWARD_PROPAGATE_LAYER,163,/model.8/m.1/cv2/conv/Conv:OpId_872 (cycles),0,cycles,DSP,yolov8l-simplified-modified
77023381024,FORWARD_PROPAGATE_LAYER,164,/model.8/m.1/cv2/act/Sigmoid:OpId_875 (cycles),0,cycles,DSP,yolov8l-simplified-modified
77023381024,FORWARD_PROPAGATE_LAYER,165,/model.8/m.1/cv2/act/Mul:OpId_882 (cycles),79229,cycles,DSP,yolov8l-simplified-modified
77023381024,FORWARD_PROPAGATE_LAYER,166,/model.8/m.1/Add:OpId_884 (cycles),7511,cycles,DSP,yolov8l-simplified-modified
77023381024,FORWARD_PROPAGATE_LAYER,167,/model.8/m.2/cv1/conv/Conv:OpId_891 (cycles),0,cycles,DSP,yolov8l-simplified-modified
77023381024,FORWARD_PROPAGATE_LAYER,168,/model.8/m.2/cv1/act/Sigmoid:OpId_894 (cycles),0,cycles,DSP,yolov8l-simplified-modified
77023381024,FORWARD_PROPAGATE_LAYER,169,/model.8/m.2/cv1/act/Mul:OpId_901 (cycles),81260,cycles,DSP,yolov8l-simplified-modified
77023381024,FORWARD_PROPAGATE_LAYER,170,/model.8/m.2/cv2/conv/Conv:OpId_908 (cycles),0,cycles,DSP,yolov8l-simplified-modified
77023381024,FORWARD_PROPAGATE_LAYER,171,/model.8/m.2/cv2/act/Sigmoid:OpId_911 (cycles),0,cycles,DSP,yolov8l-simplified-modified
77023381024,FORWARD_PROPAGATE_LAYER,172,/model.8/m.2/cv2/act/Mul:OpId_918 (cycles),79149,cycles,DSP,yolov8l-simplified-modified
77023381024,FORWARD_PROPAGATE_LAYER,173,/model.8/m.2/Add:OpId_920 (cycles),4934,cycles,DSP,yolov8l-simplified-modified
77023381024,FORWARD_PROPAGATE_LAYER,174,/model.8/Concat:OpId_922 (cycles),0,cycles,DSP,yolov8l-simplified-modified
77023381024,FORWARD_PROPAGATE_LAYER,175,/model.8/cv2/conv/Conv:OpId_929 (cycles),0,cycles,DSP,yolov8l-simplified-modified
77023381024,FORWARD_PROPAGATE_LAYER,176,/model.8/cv2/act/Sigmoid:OpId_932 (cycles),0,cycles,DSP,yolov8l-simplified-modified
77023381024,FORWARD_PROPAGATE_LAYER,177,/model.8/cv2/act/Mul:OpId_939 (cycles),97546,cycles,DSP,yolov8l-simplified-modified
77023381024,FORWARD_PROPAGATE_LAYER,178,/model.9/cv1/conv/Conv:OpId_946 (cycles),0,cycles,DSP,yolov8l-simplified-modified
77023381024,FORWARD_PROPAGATE_LAYER,179,/model.9/cv1/act/Sigmoid:OpId_949 (cycles),0,cycles,DSP,yolov8l-simplified-modified
77023381024,FORWARD_PROPAGATE_LAYER,180,/model.9/cv1/act/Mul:OpId_956 (cycles),22741,cycles,DSP,yolov8l-simplified-modified
77023381024,FORWARD_PROPAGATE_LAYER,181,/model.9/m/MaxPool:OpId_961 (cycles),235082,cycles,DSP,yolov8l-simplified-modified
77023381024,FORWARD_PROPAGATE_LAYER,182,/model.9/m_1/MaxPool:OpId_966 (cycles),194952,cycles,DSP,yolov8l-simplified-modified
77023381024,FORWARD_PROPAGATE_LAYER,183,/model.9/m_2/MaxPool:OpId_971 (cycles),195909,cycles,DSP,yolov8l-simplified-modified
77023381024,FORWARD_PROPAGATE_LAYER,184,/model.9/Concat:OpId_973 (cycles),0,cycles,DSP,yolov8l-simplified-modified
77023381024,FORWARD_PROPAGATE_LAYER,185,/model.9/cv2/conv/Conv:OpId_980 (cycles),0,cycles,DSP,yolov8l-simplified-modified
77023381024,FORWARD_PROPAGATE_LAYER,186,/model.9/cv2/act/Sigmoid:OpId_983 (cycles),0,cycles,DSP,yolov8l-simplified-modified
77023381024,FORWARD_PROPAGATE_LAYER,187,/model.9/cv2/act/Mul:OpId_990 (cycles),96620,cycles,DSP,yolov8l-simplified-modified
77023381024,FORWARD_PROPAGATE_LAYER,188,/model.10/Resize:OpId_992 (cycles),113449,cycles,DSP,yolov8l-simplified-modified
77023381024,FORWARD_PROPAGATE_LAYER,189,/model.11/Concat:OpId_995 (cycles),0,cycles,DSP,yolov8l-simplified-modified
77023381024,FORWARD_PROPAGATE_LAYER,190,/model.12/cv1/conv/Conv:OpId_1002 (cycles),0,cycles,DSP,yolov8l-simplified-modified
77023381024,FORWARD_PROPAGATE_LAYER,191,/model.12/cv1/act/Sigmoid:OpId_1005 (cycles),0,cycles,DSP,yolov8l-simplified-modified
77023381024,FORWARD_PROPAGATE_LAYER,192,/model.12/cv1/act/Mul:OpId_1012 (cycles),266054,cycles,DSP,yolov8l-simplified-modified
77023381024,FORWARD_PROPAGATE_LAYER,193,/model.12/Slice:OpId_1015 (cycles),0,cycles,DSP,yolov8l-simplified-modified
77023381024,FORWARD_PROPAGATE_LAYER,194,/model.12/Slice_1:OpId_1021 (cycles),0,cycles,DSP,yolov8l-simplified-modified
77023381024,FORWARD_PROPAGATE_LAYER,195,/model.12/m.0/cv1/conv/Conv:OpId_1031 (cycles),0,cycles,DSP,yolov8l-simplified-modified
77023381024,FORWARD_PROPAGATE_LAYER,196,/model.12/m.0/cv1/act/Sigmoid:OpId_1034 (cycles),0,cycles,DSP,yolov8l-simplified-modified
77023381024,FORWARD_PROPAGATE_LAYER,197,/model.12/m.0/cv1/act/Mul:OpId_1041 (cycles),255707,cycles,DSP,yolov8l-simplified-modified
77023381024,FORWARD_PROPAGATE_LAYER,198,/model.12/m.0/cv2/conv/Conv:OpId_1048 (cycles),0,cycles,DSP,yolov8l-simplified-modified
77023381024,FORWARD_PROPAGATE_LAYER,199,/model.12/m.0/cv2/act/Sigmoid:OpId_1051 (cycles),0,cycles,DSP,yolov8l-simplified-modified
77023381024,FORWARD_PROPAGATE_LAYER,200,/model.12/m.0/cv2/act/Mul:OpId_1058 (cycles),255630,cycles,DSP,yolov8l-simplified-modified
77023381024,FORWARD_PROPAGATE_LAYER,201,/model.12/m.1/cv1/conv/Conv:OpId_1065 (cycles),0,cycles,DSP,yolov8l-simplified-modified
77023381024,FORWARD_PROPAGATE_LAYER,202,/model.12/m.1/cv1/act/Sigmoid:OpId_1068 (cycles),0,cycles,DSP,yolov8l-simplified-modified
77023381024,FORWARD_PROPAGATE_LAYER,203,/model.12/m.1/cv1/act/Mul:OpId_1075 (cycles),256737,cycles,DSP,yolov8l-simplified-modified
77023381024,FORWARD_PROPAGATE_LAYER,204,/model.12/m.1/cv2/conv/Conv:OpId_1082 (cycles),0,cycles,DSP,yolov8l-simplified-modified
77023381024,FORWARD_PROPAGATE_LAYER,205,/model.12/m.1/cv2/act/Sigmoid:OpId_1085 (cycles),0,cycles,DSP,yolov8l-simplified-modified
77023381024,FORWARD_PROPAGATE_LAYER,206,/model.12/m.1/cv2/act/Mul:OpId_1092 (cycles),255266,cycles,DSP,yolov8l-simplified-modified
77023381024,FORWARD_PROPAGATE_LAYER,207,/model.12/m.2/cv1/conv/Conv:OpId_1099 (cycles),0,cycles,DSP,yolov8l-simplified-modified
77023381024,FORWARD_PROPAGATE_LAYER,208,/model.12/m.2/cv1/act/Sigmoid:OpId_1102 (cycles),0,cycles,DSP,yolov8l-simplified-modified
77023381024,FORWARD_PROPAGATE_LAYER,209,/model.12/m.2/cv1/act/Mul:OpId_1109 (cycles),254999,cycles,DSP,yolov8l-simplified-modified
77023381024,FORWARD_PROPAGATE_LAYER,210,/model.12/m.2/cv2/conv/Conv:OpId_1116 (cycles),0,cycles,DSP,yolov8l-simplified-modified
77023381024,FORWARD_PROPAGATE_LAYER,211,/model.12/m.2/cv2/act/Sigmoid:OpId_1119 (cycles),0,cycles,DSP,yolov8l-simplified-modified
77023381024,FORWARD_PROPAGATE_LAYER,212,/model.12/m.2/cv2/act/Mul:OpId_1126 (cycles),255836,cycles,DSP,yolov8l-simplified-modified
77023381024,FORWARD_PROPAGATE_LAYER,213,/model.12/Concat:OpId_1128 (cycles),0,cycles,DSP,yolov8l-simplified-modified
77023381024,FORWARD_PROPAGATE_LAYER,214,/model.12/cv2/conv/Conv:OpId_1135 (cycles),0,cycles,DSP,yolov8l-simplified-modified
77023381024,FORWARD_PROPAGATE_LAYER,215,/model.12/cv2/act/Sigmoid:OpId_1138 (cycles),0,cycles,DSP,yolov8l-simplified-modified
77023381024,FORWARD_PROPAGATE_LAYER,216,/model.12/cv2/act/Mul:OpId_1145 (cycles),355309,cycles,DSP,yolov8l-simplified-modified
77023381024,FORWARD_PROPAGATE_LAYER,217,/model.13/Resize:OpId_1147 (cycles),394738,cycles,DSP,yolov8l-simplified-modified
77023381024,FORWARD_PROPAGATE_LAYER,218,/model.14/Concat:OpId_1150 (cycles),0,cycles,DSP,yolov8l-simplified-modified
77023381024,FORWARD_PROPAGATE_LAYER,219,/model.15/cv1/conv/Conv:OpId_1157 (cycles),0,cycles,DSP,yolov8l-simplified-modified
77023381024,FORWARD_PROPAGATE_LAYER,220,/model.15/cv1/act/Sigmoid:OpId_1160 (cycles),0,cycles,DSP,yolov8l-simplified-modified
77023381024,FORWARD_PROPAGATE_LAYER,221,/model.15/cv1/act/Mul:OpId_1167 (cycles),412199,cycles,DSP,yolov8l-simplified-modified
77023381024,FORWARD_PROPAGATE_LAYER,222,/model.15/Slice:OpId_1170 (cycles),0,cycles,DSP,yolov8l-simplified-modified
77023381024,FORWARD_PROPAGATE_LAYER,223,/model.15/Slice_1:OpId_1176 (cycles),0,cycles,DSP,yolov8l-simplified-modified
77023381024,FORWARD_PROPAGATE_LAYER,224,/model.15/m.0/cv1/conv/Conv:OpId_1186 (cycles),0,cycles,DSP,yolov8l-simplified-modified
77023381024,FORWARD_PROPAGATE_LAYER,225,/model.15/m.0/cv1/act/Sigmoid:OpId_1189 (cycles),0,cycles,DSP,yolov8l-simplified-modified
77023381024,FORWARD_PROPAGATE_LAYER,226,/model.15/m.0/cv1/act/Mul:OpId_1196 (cycles),278170,cycles,DSP,yolov8l-simplified-modified
77023381024,FORWARD_PROPAGATE_LAYER,227,/model.15/m.0/cv2/conv/Conv:OpId_1203 (cycles),0,cycles,DSP,yolov8l-simplified-modified
77023381024,FORWARD_PROPAGATE_LAYER,228,/model.15/m.0/cv2/act/Sigmoid:OpId_1206 (cycles),0,cycles,DSP,yolov8l-simplified-modified
77023381024,FORWARD_PROPAGATE_LAYER,229,/model.15/m.0/cv2/act/Mul:OpId_1213 (cycles),278092,cycles,DSP,yolov8l-simplified-modified
77023381024,FORWARD_PROPAGATE_LAYER,230,/model.15/m.1/cv1/conv/Conv:OpId_1220 (cycles),0,cycles,DSP,yolov8l-simplified-modified
77023381024,FORWARD_PROPAGATE_LAYER,231,/model.15/m.1/cv1/act/Sigmoid:OpId_1223 (cycles),0,cycles,DSP,yolov8l-simplified-modified
77023381024,FORWARD_PROPAGATE_LAYER,232,/model.15/m.1/cv1/act/Mul:OpId_1230 (cycles),277847,cycles,DSP,yolov8l-simplified-modified
77023381024,FORWARD_PROPAGATE_LAYER,233,/model.15/m.1/cv2/conv/Conv:OpId_1237 (cycles),0,cycles,DSP,yolov8l-simplified-modified
77023381024,FORWARD_PROPAGATE_LAYER,234,/model.15/m.1/cv2/act/Sigmoid:OpId_1240 (cycles),0,cycles,DSP,yolov8l-simplified-modified
77023381024,FORWARD_PROPAGATE_LAYER,235,/model.15/m.1/cv2/act/Mul:OpId_1247 (cycles),276699,cycles,DSP,yolov8l-simplified-modified
77023381024,FORWARD_PROPAGATE_LAYER,236,/model.15/m.2/cv1/conv/Conv:OpId_1254 (cycles),0,cycles,DSP,yolov8l-simplified-modified
77023381024,FORWARD_PROPAGATE_LAYER,237,/model.15/m.2/cv1/act/Sigmoid:OpId_1257 (cycles),0,cycles,DSP,yolov8l-simplified-modified
77023381024,FORWARD_PROPAGATE_LAYER,238,/model.15/m.2/cv1/act/Mul:OpId_1264 (cycles),281592,cycles,DSP,yolov8l-simplified-modified
77023381024,FORWARD_PROPAGATE_LAYER,239,/model.15/m.2/cv2/conv/Conv:OpId_1271 (cycles),0,cycles,DSP,yolov8l-simplified-modified
77023381024,FORWARD_PROPAGATE_LAYER,240,/model.15/m.2/cv2/act/Sigmoid:OpId_1274 (cycles),0,cycles,DSP,yolov8l-simplified-modified
77023381024,FORWARD_PROPAGATE_LAYER,241,/model.15/m.2/cv2/act/Mul:OpId_1281 (cycles),283954,cycles,DSP,yolov8l-simplified-modified
77023381024,FORWARD_PROPAGATE_LAYER,242,/model.15/Concat:OpId_1283 (cycles),0,cycles,DSP,yolov8l-simplified-modified
77023381024,FORWARD_PROPAGATE_LAYER,243,/model.15/cv2/conv/Conv:OpId_1290 (cycles),0,cycles,DSP,yolov8l-simplified-modified
77023381024,FORWARD_PROPAGATE_LAYER,244,/model.15/cv2/act/Sigmoid:OpId_1293 (cycles),0,cycles,DSP,yolov8l-simplified-modified
77023381024,FORWARD_PROPAGATE_LAYER,245,/model.15/cv2/act/Mul:OpId_1300 (cycles),432474,cycles,DSP,yolov8l-simplified-modified
77023381024,FORWARD_PROPAGATE_LAYER,246,/model.16/conv/Conv:OpId_1307 (cycles),0,cycles,DSP,yolov8l-simplified-modified
77023381024,FORWARD_PROPAGATE_LAYER,247,/model.22/cv2.0/cv2.0.0/conv/Conv:OpId_1315 (cycles),0,cycles,DSP,yolov8l-simplified-modified
77023381024,FORWARD_PROPAGATE_LAYER,248,/model.22/cv3.0/cv3.0.0/conv/Conv:OpId_1323 (cycles),0,cycles,DSP,yolov8l-simplified-modified
77023381024,FORWARD_PROPAGATE_LAYER,249,/model.16/act/Sigmoid:OpId_1326 (cycles),0,cycles,DSP,yolov8l-simplified-modified
77023381024,FORWARD_PROPAGATE_LAYER,250,/model.22/cv2.0/cv2.0.0/act/Sigmoid:OpId_1333 (cycles),0,cycles,DSP,yolov8l-simplified-modified
77023381024,FORWARD_PROPAGATE_LAYER,251,/model.22/cv3.0/cv3.0.0/act/Sigmoid:OpId_1340 (cycles),0,cycles,DSP,yolov8l-simplified-modified
77023381024,FORWARD_PROPAGATE_LAYER,252,/model.16/act/Mul:OpId_1347 (cycles),719245,cycles,DSP,yolov8l-simplified-modified
77023381024,FORWARD_PROPAGATE_LAYER,253,/model.22/cv2.0/cv2.0.0/act/Mul:OpId_1349 (cycles),258386,cycles,DSP,yolov8l-simplified-modified
77023381024,FORWARD_PROPAGATE_LAYER,254,/model.22/cv3.0/cv3.0.0/act/Mul:OpId_1351 (cycles),1029012,cycles,DSP,yolov8l-simplified-modified
77023381024,FORWARD_PROPAGATE_LAYER,255,/model.17/Concat:OpId_1353 (cycles),0,cycles,DSP,yolov8l-simplified-modified
77023381024,FORWARD_PROPAGATE_LAYER,256,/model.22/cv2.0/cv2.0.1/conv/Conv:OpId_1360 (cycles),0,cycles,DSP,yolov8l-simplified-modified
77023381024,FORWARD_PROPAGATE_LAYER,257,/model.22/cv3.0/cv3.0.1/conv/Conv:OpId_1368 (cycles),0,cycles,DSP,yolov8l-simplified-modified
77023381024,FORWARD_PROPAGATE_LAYER,258,/model.18/cv1/conv/Conv:OpId_1376 (cycles),0,cycles,DSP,yolov8l-simplified-modified
77023381024,FORWARD_PROPAGATE_LAYER,259,/model.22/cv2.0/cv2.0.1/act/Sigmoid:OpId_1379 (cycles),0,cycles,DSP,yolov8l-simplified-modified
77023381024,FORWARD_PROPAGATE_LAYER,260,/model.22/cv3.0/cv3.0.1/act/Sigmoid:OpId_1386 (cycles),0,cycles,DSP,yolov8l-simplified-modified
77023381024,FORWARD_PROPAGATE_LAYER,261,/model.18/cv1/act/Sigmoid:OpId_1393 (cycles),0,cycles,DSP,yolov8l-simplified-modified
77023381024,FORWARD_PROPAGATE_LAYER,262,/model.22/cv2.0/cv2.0.1/act/Mul:OpId_1400 (cycles),82812,cycles,DSP,yolov8l-simplified-modified
77023381024,FORWARD_PROPAGATE_LAYER,263,/model.22/cv3.0/cv3.0.1/act/Mul:OpId_1402 (cycles),1034856,cycles,DSP,yolov8l-simplified-modified
77023381024,FORWARD_PROPAGATE_LAYER,264,/model.18/cv1/act/Mul:OpId_1404 (cycles),205054,cycles,DSP,yolov8l-simplified-modified
77023381024,FORWARD_PROPAGATE_LAYER,265,/model.22/cv2.0/cv2.0.2/Conv:OpId_1411 (cycles),10782,cycles,DSP,yolov8l-simplified-modified
77023381024,FORWARD_PROPAGATE_LAYER,266,/model.22/cv2.0/cv2.0.2/Conv_output_0.nchw:OpId_1415 (cycles),205529,cycles,DSP,yolov8l-simplified-modified
77023381024,FORWARD_PROPAGATE_LAYER,267,/model.22/cv3.0/cv3.0.2/Conv:OpId_1421 (cycles),0,cycles,DSP,yolov8l-simplified-modified
77023381024,FORWARD_PROPAGATE_LAYER,268,/model.18/Slice:OpId_1425 (cycles),0,cycles,DSP,yolov8l-simplified-modified
77023381024,FORWARD_PROPAGATE_LAYER,269,/model.18/Slice_1:OpId_1431 (cycles),0,cycles,DSP,yolov8l-simplified-modified
77023381024,FORWARD_PROPAGATE_LAYER,270,/model.22/Reshape:OpId_1436 (cycles),364730,cycles,DSP,yolov8l-simplified-modified
77023381024,FORWARD_PROPAGATE_LAYER,271,/model.22/Sigmoid:OpId_1437 (cycles),72586,cycles,DSP,yolov8l-simplified-modified
77023381024,FORWARD_PROPAGATE_LAYER,272,/model.18/m.0/cv1/conv/Conv:OpId_1449 (cycles),0,cycles,DSP,yolov8l-simplified-modified
77023381024,FORWARD_PROPAGATE_LAYER,273,/model.22/Transpose:OpId_1453 (cycles),322500,cycles,DSP,yolov8l-simplified-modified
77023381024,FORWARD_PROPAGATE_LAYER,274,/model.22/ReduceMax:OpId_1455 (cycles),437253,cycles,DSP,yolov8l-simplified-modified
77023381024,FORWARD_PROPAGATE_LAYER,275,/model.18/m.0/cv1/act/Sigmoid:OpId_1457 (cycles),0,cycles,DSP,yolov8l-simplified-modified
77023381024,FORWARD_PROPAGATE_LAYER,276,/model.22/Softmax:OpId_1464 (cycles),1824163,cycles,DSP,yolov8l-simplified-modified
77023381024,FORWARD_PROPAGATE_LAYER,277,/model.18/m.0/cv1/act/Mul:OpId_1467 (cycles),261438,cycles,DSP,yolov8l-simplified-modified
77023381024,FORWARD_PROPAGATE_LAYER,278,/model.22/Transpose_1:OpId_1470 (cycles),123152,cycles,DSP,yolov8l-simplified-modified
77023381024,FORWARD_PROPAGATE_LAYER,279,/model.18/m.0/cv2/conv/Conv:OpId_1476 (cycles),0,cycles,DSP,yolov8l-simplified-modified
77023381024,FORWARD_PROPAGATE_LAYER,280,/model.22/proj_conv/Conv:OpId_1484 (cycles),183563,cycles,DSP,yolov8l-simplified-modified
77023381024,FORWARD_PROPAGATE_LAYER,281,/model.18/m.0/cv2/act/Sigmoid:OpId_1487 (cycles),0,cycles,DSP,yolov8l-simplified-modified
77023381024,FORWARD_PROPAGATE_LAYER,282,/model.22/Gather_output_0_pre_reshape.nchw:OpId_1495 (cycles),0,cycles,DSP,yolov8l-simplified-modified
77023381024,FORWARD_PROPAGATE_LAYER,283,Reshape_post_/model.22/Gather:OpId_1496 (cycles),155251,cycles,DSP,yolov8l-simplified-modified
77023381024,FORWARD_PROPAGATE_LAYER,284,/model.22/Reshape_1_output_0.nhwc:OpId_1498 (cycles),30681,cycles,DSP,yolov8l-simplified-modified
77023381024,FORWARD_PROPAGATE_LAYER,285,/model.18/m.0/cv2/act/Mul:OpId_1499 (cycles),255135,cycles,DSP,yolov8l-simplified-modified
77023381024,FORWARD_PROPAGATE_LAYER,286,/model.18/m.1/cv1/conv/Conv:OpId_1506 (cycles),0,cycles,DSP,yolov8l-simplified-modified
77023381024,FORWARD_PROPAGATE_LAYER,287,/model.22/Concat:OpId_1509 (cycles),90584,cycles,DSP,yolov8l-simplified-modified
77023381024,FORWARD_PROPAGATE_LAYER,288,/model.18/m.1/cv1/act/Sigmoid:OpId_1511 (cycles),0,cycles,DSP,yolov8l-simplified-modified
77023381024,FORWARD_PROPAGATE_LAYER,289,/model.18/m.1/cv1/act/Mul:OpId_1518 (cycles),255697,cycles,DSP,yolov8l-simplified-modified
77023381024,FORWARD_PROPAGATE_LAYER,290,/model.18/m.1/cv2/conv/Conv:OpId_1525 (cycles),0,cycles,DSP,yolov8l-simplified-modified
77023381024,FORWARD_PROPAGATE_LAYER,291,/model.18/m.1/cv2/act/Sigmoid:OpId_1528 (cycles),0,cycles,DSP,yolov8l-simplified-modified
77023381024,FORWARD_PROPAGATE_LAYER,292,/model.18/m.1/cv2/act/Mul:OpId_1535 (cycles),255608,cycles,DSP,yolov8l-simplified-modified
77023381024,FORWARD_PROPAGATE_LAYER,293,/model.18/m.2/cv1/conv/Conv:OpId_1542 (cycles),0,cycles,DSP,yolov8l-simplified-modified
77023381024,FORWARD_PROPAGATE_LAYER,294,/model.18/m.2/cv1/act/Sigmoid:OpId_1545 (cycles),0,cycles,DSP,yolov8l-simplified-modified
77023381024,FORWARD_PROPAGATE_LAYER,295,/model.18/m.2/cv1/act/Mul:OpId_1552 (cycles),254656,cycles,DSP,yolov8l-simplified-modified
77023381024,FORWARD_PROPAGATE_LAYER,296,/model.18/m.2/cv2/conv/Conv:OpId_1559 (cycles),0,cycles,DSP,yolov8l-simplified-modified
77023381024,FORWARD_PROPAGATE_LAYER,297,/model.18/m.2/cv2/act/Sigmoid:OpId_1562 (cycles),0,cycles,DSP,yolov8l-simplified-modified
77023381024,FORWARD_PROPAGATE_LAYER,298,/model.18/m.2/cv2/act/Mul:OpId_1569 (cycles),256089,cycles,DSP,yolov8l-simplified-modified
77023381024,FORWARD_PROPAGATE_LAYER,299,/model.18/Concat:OpId_1571 (cycles),0,cycles,DSP,yolov8l-simplified-modified
77023381024,FORWARD_PROPAGATE_LAYER,300,/model.18/cv2/conv/Conv:OpId_1578 (cycles),0,cycles,DSP,yolov8l-simplified-modified
77023381024,FORWARD_PROPAGATE_LAYER,301,/model.18/cv2/act/Sigmoid:OpId_1581 (cycles),0,cycles,DSP,yolov8l-simplified-modified
77023381024,FORWARD_PROPAGATE_LAYER,302,/model.18/cv2/act/Mul:OpId_1588 (cycles),319215,cycles,DSP,yolov8l-simplified-modified
77023381024,FORWARD_PROPAGATE_LAYER,303,/model.19/conv/Conv:OpId_1595 (cycles),0,cycles,DSP,yolov8l-simplified-modified
77023381024,FORWARD_PROPAGATE_LAYER,304,/model.22/cv2.1/cv2.1.0/conv/Conv:OpId_1603 (cycles),0,cycles,DSP,yolov8l-simplified-modified
77023381024,FORWARD_PROPAGATE_LAYER,305,/model.22/cv3.1/cv3.1.0/conv/Conv:OpId_1611 (cycles),0,cycles,DSP,yolov8l-simplified-modified
77023381024,FORWARD_PROPAGATE_LAYER,306,/model.19/act/Sigmoid:OpId_1614 (cycles),0,cycles,DSP,yolov8l-simplified-modified
77023381024,FORWARD_PROPAGATE_LAYER,307,/model.22/cv2.1/cv2.1.0/act/Sigmoid:OpId_1621 (cycles),0,cycles,DSP,yolov8l-simplified-modified
77023381024,FORWARD_PROPAGATE_LAYER,308,/model.22/cv3.1/cv3.1.0/act/Sigmoid:OpId_1628 (cycles),0,cycles,DSP,yolov8l-simplified-modified
77023381024,FORWARD_PROPAGATE_LAYER,309,/model.19/act/Mul:OpId_1635 (cycles),987572,cycles,DSP,yolov8l-simplified-modified
77023381024,FORWARD_PROPAGATE_LAYER,310,/model.22/cv2.1/cv2.1.0/act/Mul:OpId_1637 (cycles),125246,cycles,DSP,yolov8l-simplified-modified
77023381024,FORWARD_PROPAGATE_LAYER,311,/model.22/cv3.1/cv3.1.0/act/Mul:OpId_1639 (cycles),485733,cycles,DSP,yolov8l-simplified-modified
77023381024,FORWARD_PROPAGATE_LAYER,312,/model.20/Concat:OpId_1641 (cycles),0,cycles,DSP,yolov8l-simplified-modified
77023381024,FORWARD_PROPAGATE_LAYER,313,/model.22/cv2.1/cv2.1.1/conv/Conv:OpId_1648 (cycles),0,cycles,DSP,yolov8l-simplified-modified
77023381024,FORWARD_PROPAGATE_LAYER,314,/model.22/cv3.1/cv3.1.1/conv/Conv:OpId_1656 (cycles),0,cycles,DSP,yolov8l-simplified-modified
77023381024,FORWARD_PROPAGATE_LAYER,315,/model.21/cv1/conv/Conv:OpId_1664 (cycles),0,cycles,DSP,yolov8l-simplified-modified
77023381024,FORWARD_PROPAGATE_LAYER,316,/model.22/cv2.1/cv2.1.1/act/Sigmoid:OpId_1667 (cycles),0,cycles,DSP,yolov8l-simplified-modified
77023381024,FORWARD_PROPAGATE_LAYER,317,/model.22/cv3.1/cv3.1.1/act/Sigmoid:OpId_1674 (cycles),0,cycles,DSP,yolov8l-simplified-modified
77023381024,FORWARD_PROPAGATE_LAYER,318,/model.21/cv1/act/Sigmoid:OpId_1681 (cycles),0,cycles,DSP,yolov8l-simplified-modified
77023381024,FORWARD_PROPAGATE_LAYER,319,/model.22/cv2.1/cv2.1.1/act/Mul:OpId_1688 (cycles),21905,cycles,DSP,yolov8l-simplified-modified
77023381024,FORWARD_PROPAGATE_LAYER,320,/model.22/cv3.1/cv3.1.1/act/Mul:OpId_1690 (cycles),256939,cycles,DSP,yolov8l-simplified-modified
77023381024,FORWARD_PROPAGATE_LAYER,321,/model.21/cv1/act/Mul:OpId_1692 (cycles),91098,cycles,DSP,yolov8l-simplified-modified
77023381024,FORWARD_PROPAGATE_LAYER,322,/model.22/cv2.1/cv2.1.2/Conv:OpId_1699 (cycles),3682,cycles,DSP,yolov8l-simplified-modified
77023381024,FORWARD_PROPAGATE_LAYER,323,/model.22/cv2.1/cv2.1.2/Conv_output_0.nchw:OpId_1703 (cycles),263517,cycles,DSP,yolov8l-simplified-modified
77023381024,FORWARD_PROPAGATE_LAYER,324,/model.22/cv3.1/cv3.1.2/Conv:OpId_1709 (cycles),0,cycles,DSP,yolov8l-simplified-modified
77023381024,FORWARD_PROPAGATE_LAYER,325,/model.21/Slice:OpId_1713 (cycles),0,cycles,DSP,yolov8l-simplified-modified
77023381024,FORWARD_PROPAGATE_LAYER,326,/model.21/Slice_1:OpId_1719 (cycles),0,cycles,DSP,yolov8l-simplified-modified
77023381024,FORWARD_PROPAGATE_LAYER,327,/model.22/Reshape_2:OpId_1724 (cycles),3769,cycles,DSP,yolov8l-simplified-modified
77023381024,FORWARD_PROPAGATE_LAYER,328,/model.22/Sigmoid_1:OpId_1725 (cycles),86397,cycles,DSP,yolov8l-simplified-modified
77023381024,FORWARD_PROPAGATE_LAYER,329,/model.21/m.0/cv1/conv/Conv:OpId_1737 (cycles),0,cycles,DSP,yolov8l-simplified-modified
77023381024,FORWARD_PROPAGATE_LAYER,330,/model.22/Transpose_2:OpId_1741 (cycles),101570,cycles,DSP,yolov8l-simplified-modified
77023381024,FORWARD_PROPAGATE_LAYER,331,/model.22/ReduceMax_1:OpId_1743 (cycles),102806,cycles,DSP,yolov8l-simplified-modified
77023381024,FORWARD_PROPAGATE_LAYER,332,/model.21/m.0/cv1/act/Sigmoid:OpId_1745 (cycles),0,cycles,DSP,yolov8l-simplified-modified
77023381024,FORWARD_PROPAGATE_LAYER,333,/model.22/Softmax_1:OpId_1752 (cycles),524905,cycles,DSP,yolov8l-simplified-modified
77023381024,FORWARD_PROPAGATE_LAYER,334,/model.21/m.0/cv1/act/Mul:OpId_1755 (cycles),81638,cycles,DSP,yolov8l-simplified-modified
77023381024,FORWARD_PROPAGATE_LAYER,335,/model.22/Transpose_3:OpId_1758 (cycles),36657,cycles,DSP,yolov8l-simplified-modified
77023381024,FORWARD_PROPAGATE_LAYER,336,/model.21/m.0/cv2/conv/Conv:OpId_1764 (cycles),0,cycles,DSP,yolov8l-simplified-modified
77023381024,FORWARD_PROPAGATE_LAYER,337,/model.22/proj_conv_1/Conv:OpId_1771 (cycles),6265,cycles,DSP,yolov8l-simplified-modified
77023381024,FORWARD_PROPAGATE_LAYER,338,/model.21/m.0/cv2/act/Sigmoid:OpId_1774 (cycles),0,cycles,DSP,yolov8l-simplified-modified
77023381024,FORWARD_PROPAGATE_LAYER,339,/model.22/Gather_1_output_0_pre_reshape.nchw:OpId_1782 (cycles),0,cycles,DSP,yolov8l-simplified-modified
77023381024,FORWARD_PROPAGATE_LAYER,340,Reshape_post_/model.22/Gather_1:OpId_1783 (cycles),31782,cycles,DSP,yolov8l-simplified-modified
77023381024,FORWARD_PROPAGATE_LAYER,341,/model.22/Reshape_3_output_0.nhwc:OpId_1785 (cycles),6584,cycles,DSP,yolov8l-simplified-modified
77023381024,FORWARD_PROPAGATE_LAYER,342,/model.21/m.0/cv2/act/Mul:OpId_1786 (cycles),79300,cycles,DSP,yolov8l-simplified-modified
77023381024,FORWARD_PROPAGATE_LAYER,343,/model.21/m.1/cv1/conv/Conv:OpId_1793 (cycles),0,cycles,DSP,yolov8l-simplified-modified
77023381024,FORWARD_PROPAGATE_LAYER,344,/model.22/Concat_1:OpId_1796 (cycles),27876,cycles,DSP,yolov8l-simplified-modified
77023381024,FORWARD_PROPAGATE_LAYER,345,/model.21/m.1/cv1/act/Sigmoid:OpId_1798 (cycles),0,cycles,DSP,yolov8l-simplified-modified
77023381024,FORWARD_PROPAGATE_LAYER,346,/model.21/m.1/cv1/act/Mul:OpId_1805 (cycles),82796,cycles,DSP,yolov8l-simplified-modified
77023381024,FORWARD_PROPAGATE_LAYER,347,/model.21/m.1/cv2/conv/Conv:OpId_1812 (cycles),0,cycles,DSP,yolov8l-simplified-modified
77023381024,FORWARD_PROPAGATE_LAYER,348,/model.21/m.1/cv2/act/Sigmoid:OpId_1815 (cycles),0,cycles,DSP,yolov8l-simplified-modified
77023381024,FORWARD_PROPAGATE_LAYER,349,/model.21/m.1/cv2/act/Mul:OpId_1822 (cycles),79792,cycles,DSP,yolov8l-simplified-modified
77023381024,FORWARD_PROPAGATE_LAYER,350,/model.21/m.2/cv1/conv/Conv:OpId_1829 (cycles),0,cycles,DSP,yolov8l-simplified-modified
77023381024,FORWARD_PROPAGATE_LAYER,351,/model.21/m.2/cv1/act/Sigmoid:OpId_1832 (cycles),0,cycles,DSP,yolov8l-simplified-modified
77023381024,FORWARD_PROPAGATE_LAYER,352,/model.21/m.2/cv1/act/Mul:OpId_1839 (cycles),83383,cycles,DSP,yolov8l-simplified-modified
77023381024,FORWARD_PROPAGATE_LAYER,353,/model.21/m.2/cv2/conv/Conv:OpId_1846 (cycles),0,cycles,DSP,yolov8l-simplified-modified
77023381024,FORWARD_PROPAGATE_LAYER,354,/model.21/m.2/cv2/act/Sigmoid:OpId_1849 (cycles),0,cycles,DSP,yolov8l-simplified-modified
77023381024,FORWARD_PROPAGATE_LAYER,355,/model.21/m.2/cv2/act/Mul:OpId_1856 (cycles),81667,cycles,DSP,yolov8l-simplified-modified
77023381024,FORWARD_PROPAGATE_LAYER,356,/model.21/Concat:OpId_1858 (cycles),0,cycles,DSP,yolov8l-simplified-modified
77023381024,FORWARD_PROPAGATE_LAYER,357,/model.21/cv2/conv/Conv:OpId_1865 (cycles),0,cycles,DSP,yolov8l-simplified-modified
77023381024,FORWARD_PROPAGATE_LAYER,358,/model.21/cv2/act/Sigmoid:OpId_1868 (cycles),0,cycles,DSP,yolov8l-simplified-modified
77023381024,FORWARD_PROPAGATE_LAYER,359,/model.21/cv2/act/Mul:OpId_1875 (cycles),104018,cycles,DSP,yolov8l-simplified-modified
77023381024,FORWARD_PROPAGATE_LAYER,360,/model.22/cv2.2/cv2.2.0/conv/Conv:OpId_1882 (cycles),0,cycles,DSP,yolov8l-simplified-modified
77023381024,FORWARD_PROPAGATE_LAYER,361,/model.22/cv3.2/cv3.2.0/conv/Conv:OpId_1890 (cycles),0,cycles,DSP,yolov8l-simplified-modified
77023381024,FORWARD_PROPAGATE_LAYER,362,/model.22/cv2.2/cv2.2.0/act/Sigmoid:OpId_1893 (cycles),0,cycles,DSP,yolov8l-simplified-modified
77023381024,FORWARD_PROPAGATE_LAYER,363,/model.22/cv3.2/cv3.2.0/act/Sigmoid:OpId_1900 (cycles),0,cycles,DSP,yolov8l-simplified-modified
77023381024,FORWARD_PROPAGATE_LAYER,364,/model.22/cv2.2/cv2.2.0/act/Mul:OpId_1907 (cycles),40645,cycles,DSP,yolov8l-simplified-modified
77023381024,FORWARD_PROPAGATE_LAYER,365,/model.22/cv3.2/cv3.2.0/act/Mul:OpId_1909 (cycles),147927,cycles,DSP,yolov8l-simplified-modified
77023381024,FORWARD_PROPAGATE_LAYER,366,/model.22/cv2.2/cv2.2.1/conv/Conv:OpId_1916 (cycles),0,cycles,DSP,yolov8l-simplified-modified
77023381024,FORWARD_PROPAGATE_LAYER,367,/model.22/cv3.2/cv3.2.1/conv/Conv:OpId_1924 (cycles),0,cycles,DSP,yolov8l-simplified-modified
77023381024,FORWARD_PROPAGATE_LAYER,368,/model.22/cv2.2/cv2.2.1/act/Sigmoid:OpId_1927 (cycles),0,cycles,DSP,yolov8l-simplified-modified
77023381024,FORWARD_PROPAGATE_LAYER,369,/model.22/cv3.2/cv3.2.1/act/Sigmoid:OpId_1934 (cycles),0,cycles,DSP,yolov8l-simplified-modified
77023381024,FORWARD_PROPAGATE_LAYER,370,/model.22/cv2.2/cv2.2.1/act/Mul:OpId_1941 (cycles),7120,cycles,DSP,yolov8l-simplified-modified
77023381024,FORWARD_PROPAGATE_LAYER,371,/model.22/cv3.2/cv3.2.1/act/Mul:OpId_1943 (cycles),79352,cycles,DSP,yolov8l-simplified-modified
77023381024,FORWARD_PROPAGATE_LAYER,372,/model.22/cv2.2/cv2.2.2/Conv:OpId_1950 (cycles),2579,cycles,DSP,yolov8l-simplified-modified
77023381024,FORWARD_PROPAGATE_LAYER,373,/model.22/cv2.2/cv2.2.2/Conv_output_0.nchw:OpId_1954 (cycles),12705,cycles,DSP,yolov8l-simplified-modified
77023381024,FORWARD_PROPAGATE_LAYER,374,/model.22/cv3.2/cv3.2.2/Conv:OpId_1960 (cycles),0,cycles,DSP,yolov8l-simplified-modified
77023381024,FORWARD_PROPAGATE_LAYER,375,/model.22/Reshape_4:OpId_1963 (cycles),17725,cycles,DSP,yolov8l-simplified-modified
77023381024,FORWARD_PROPAGATE_LAYER,376,/model.22/Sigmoid_2:OpId_1964 (cycles),5935,cycles,DSP,yolov8l-simplified-modified
77023381024,FORWARD_PROPAGATE_LAYER,377,/model.22/Transpose_4:OpId_1972 (cycles),18882,cycles,DSP,yolov8l-simplified-modified
77023381024,FORWARD_PROPAGATE_LAYER,378,/model.22/ReduceMax_2:OpId_1974 (cycles),26939,cycles,DSP,yolov8l-simplified-modified
77023381024,FORWARD_PROPAGATE_LAYER,379,/model.22/Softmax_2:OpId_1976 (cycles),122074,cycles,DSP,yolov8l-simplified-modified
77023381024,FORWARD_PROPAGATE_LAYER,380,/model.22/Transpose_5:OpId_1980 (cycles),5652,cycles,DSP,yolov8l-simplified-modified
77023381024,FORWARD_PROPAGATE_LAYER,381,/model.22/proj_conv_2/Conv:OpId_1985 (cycles),1328,cycles,DSP,yolov8l-simplified-modified
77023381024,FORWARD_PROPAGATE_LAYER,382,/model.22/Gather_2_output_0_pre_reshape.nchw:OpId_1989 (cycles),0,cycles,DSP,yolov8l-simplified-modified
77023381024,FORWARD_PROPAGATE_LAYER,383,Reshape_post_/model.22/Gather_2:OpId_1990 (cycles),8094,cycles,DSP,yolov8l-simplified-modified
77023381024,FORWARD_PROPAGATE_LAYER,384,/model.22/Reshape_5_output_0.nhwc:OpId_1992 (cycles),2956,cycles,DSP,yolov8l-simplified-modified
77023381024,FORWARD_PROPAGATE_LAYER,385,/model.22/Concat_2:OpId_1993 (cycles),7714,cycles,DSP,yolov8l-simplified-modified
77023381024,FORWARD_PROPAGATE_LAYER,386,Output OpId_3 (cycles),770196,cycles,DSP,yolov8l-simplified-modified
77023381024,EXECUTE_TIME_SUBNET_0,,,39149866,cycles,DSP,yolov8l-simplified-modified
77023381024,TOTAL_INFERENCE_TIME,,,49088,us,,yolov8l-simplified-modified
77023381024,FORWARD_PROPAGATE,,,49047,us,,yolov8l-simplified-modified
77023381024,FORWARD_PROPAGATE_LAYER,0,Input OpId_2 (cycles),0,cycles,DSP,yolov8l-simplified-modified
77023381024,FORWARD_PROPAGATE_LAYER,1,/model.0/conv/Conv:OpId_21 (cycles),0,cycles,DSP,yolov8l-simplified-modified
77023381024,FORWARD_PROPAGATE_LAYER,2,/model.0/act/Sigmoid:OpId_24 (cycles),0,cycles,DSP,yolov8l-simplified-modified
77023381024,FORWARD_PROPAGATE_LAYER,3,/model.0/act/Mul:OpId_31 (cycles),1191358,cycles,DSP,yolov8l-simplified-modified
77023381024,FORWARD_PROPAGATE_LAYER,4,/model.1/conv/Conv:OpId_38 (cycles),0,cycles,DSP,yolov8l-simplified-modified
77023381024,FORWARD_PROPAGATE_LAYER,5,/model.1/act/Sigmoid:OpId_41 (cycles),0,cycles,DSP,yolov8l-simplified-modified
77023381024,FORWARD_PROPAGATE_LAYER,6,/model.1/act/Mul:OpId_48 (cycles),2301590,cycles,DSP,yolov8l-simplified-modified
77023381024,FORWARD_PROPAGATE_LAYER,7,/model.2/cv1/conv/Conv:OpId_55 (cycles),0,cycles,DSP,yolov8l-simplified-modified
77023381024,FORWARD_PROPAGATE_LAYER,8,/model.2/cv1/act/Sigmoid:OpId_58 (cycles),0,cycles,DSP,yolov8l-simplified-modified
77023381024,FORWARD_PROPAGATE_LAYER,9,/model.2/cv1/act/Mul:OpId_65 (cycles),362833,cycles,DSP,yolov8l-simplified-modified
77023381024,FORWARD_PROPAGATE_LAYER,10,/model.2/Slice:OpId_68 (cycles),0,cycles,DSP,yolov8l-simplified-modified
77023381024,FORWARD_PROPAGATE_LAYER,11,/model.2/Slice_1:OpId_74 (cycles),0,cycles,DSP,yolov8l-simplified-modified
77023381024,FORWARD_PROPAGATE_LAYER,12,/model.2/m.0/cv1/conv/Conv:OpId_84 (cycles),0,cycles,DSP,yolov8l-simplified-modified
77023381024,FORWARD_PROPAGATE_LAYER,13,/model.2/m.0/cv1/act/Sigmoid:OpId_87 (cycles),0,cycles,DSP,yolov8l-simplified-modified
77023381024,FORWARD_PROPAGATE_LAYER,14,/model.2/m.0/cv1/act/Mul:OpId_94 (cycles),322533,cycles,DSP,yolov8l-simplified-modified
77023381024,FORWARD_PROPAGATE_LAYER,15,/model.2/m.0/cv2/conv/Conv:OpId_101 (cycles),0,cycles,DSP,yolov8l-simplified-modified
77023381024,FORWARD_PROPAGATE_LAYER,16,/model.2/m.0/cv2/act/Sigmoid:OpId_104 (cycles),0,cycles,DSP,yolov8l-simplified-modified
77023381024,FORWARD_PROPAGATE_LAYER,17,/model.2/m.0/cv2/act/Mul:OpId_111 (cycles),321792,cycles,DSP,yolov8l-simplified-modified
77023381024,FORWARD_PROPAGATE_LAYER,18,/model.2/m.0/Add:OpId_113 (cycles),52940,cycles,DSP,yolov8l-simplified-modified
77023381024,FORWARD_PROPAGATE_LAYER,19,/model.2/m.1/cv1/conv/Conv:OpId_120 (cycles),0,cycles,DSP,yolov8l-simplified-modified
77023381024,FORWARD_PROPAGATE_LAYER,20,/model.2/m.1/cv1/act/Sigmoid:OpId_123 (cycles),0,cycles,DSP,yolov8l-simplified-modified
77023381024,FORWARD_PROPAGATE_LAYER,21,/model.2/m.1/cv1/act/Mul:OpId_130 (cycles),322454,cycles,DSP,yolov8l-simplified-modified
77023381024,FORWARD_PROPAGATE_LAYER,22,/model.2/m.1/cv2/conv/Conv:OpId_137 (cycles),0,cycles,DSP,yolov8l-simplified-modified
77023381024,FORWARD_PROPAGATE_LAYER,23,/model.2/m.1/cv2/act/Sigmoid:OpId_140 (cycles),0,cycles,DSP,yolov8l-simplified-modified
77023381024,FORWARD_PROPAGATE_LAYER,24,/model.2/m.1/cv2/act/Mul:OpId_147 (cycles),316926,cycles,DSP,yolov8l-simplified-modified
77023381024,FORWARD_PROPAGATE_LAYER,25,/model.2/m.1/Add:OpId_149 (cycles),32097,cycles,DSP,yolov8l-simplified-modified
77023381024,FORWARD_PROPAGATE_LAYER,26,/model.2/m.2/cv1/conv/Conv:OpId_156 (cycles),0,cycles,DSP,yolov8l-simplified-modified
77023381024,FORWARD_PROPAGATE_LAYER,27,/model.2/m.2/cv1/act/Sigmoid:OpId_159 (cycles),0,cycles,DSP,yolov8l-simplified-modified
77023381024,FORWARD_PROPAGATE_LAYER,28,/model.2/m.2/cv1/act/Mul:OpId_166 (cycles),327850,cycles,DSP,yolov8l-simplified-modified
77023381024,FORWARD_PROPAGATE_LAYER,29,/model.2/m.2/cv2/conv/Conv:OpId_173 (cycles),0,cycles,DSP,yolov8l-simplified-modified
77023381024,FORWARD_PROPAGATE_LAYER,30,/model.2/m.2/cv2/act/Sigmoid:OpId_176 (cycles),0,cycles,DSP,yolov8l-simplified-modified
77023381024,FORWARD_PROPAGATE_LAYER,31,/model.2/m.2/cv2/act/Mul:OpId_183 (cycles),315883,cycles,DSP,yolov8l-simplified-modified
77023381024,FORWARD_PROPAGATE_LAYER,32,/model.2/m.2/Add:OpId_185 (cycles),28931,cycles,DSP,yolov8l-simplified-modified
77023381024,FORWARD_PROPAGATE_LAYER,33,/model.2/Concat:OpId_187 (cycles),0,cycles,DSP,yolov8l-simplified-modified
77023381024,FORWARD_PROPAGATE_LAYER,34,/model.2/cv2/conv/Conv:OpId_194 (cycles),0,cycles,DSP,yolov8l-simplified-modified
77023381024,FORWARD_PROPAGATE_LAYER,35,/model.2/cv2/act/Sigmoid:OpId_197 (cycles),0,cycles,DSP,yolov8l-simplified-modified
77023381024,FORWARD_PROPAGATE_LAYER,36,/model.2/cv2/act/Mul:OpId_204 (cycles),471193,cycles,DSP,yolov8l-simplified-modified
77023381024,FORWARD_PROPAGATE_LAYER,37,/model.3/conv/Conv:OpId_211 (cycles),0,cycles,DSP,yolov8l-simplified-modified
77023381024,FORWARD_PROPAGATE_LAYER,38,/model.3/act/Sigmoid:OpId_214 (cycles),0,cycles,DSP,yolov8l-simplified-modified
77023381024,FORWARD_PROPAGATE_LAYER,39,/model.3/act/Mul:OpId_221 (cycles),1431677,cycles,DSP,yolov8l-simplified-modified
77023381024,FORWARD_PROPAGATE_LAYER,40,/model.4/cv1/conv/Conv:OpId_228 (cycles),0,cycles,DSP,yolov8l-simplified-modified
77023381024,FORWARD_PROPAGATE_LAYER,41,/model.4/cv1/act/Sigmoid:OpId_231 (cycles),0,cycles,DSP,yolov8l-simplified-modified
77023381024,FORWARD_PROPAGATE_LAYER,42,/model.4/cv1/act/Mul:OpId_238 (cycles),208139,cycles,DSP,yolov8l-simplified-modified
77023381024,FORWARD_PROPAGATE_LAYER,43,/model.4/Slice:OpId_241 (cycles),0,cycles,DSP,yolov8l-simplified-modified
77023381024,FORWARD_PROPAGATE_LAYER,44,/model.4/Slice_1:OpId_247 (cycles),0,cycles,DSP,yolov8l-simplified-modified
77023381024,FORWARD_PROPAGATE_LAYER,45,/model.4/m.0/cv1/conv/Conv:OpId_257 (cycles),0,cycles,DSP,yolov8l-simplified-modified
77023381024,FORWARD_PROPAGATE_LAYER,46,/model.4/m.0/cv1/act/Sigmoid:OpId_260 (cycles),0,cycles,DSP,yolov8l-simplified-modified
77023381024,FORWARD_PROPAGATE_LAYER,47,/model.4/m.0/cv1/act/Mul:OpId_267 (cycles),279403,cycles,DSP,yolov8l-simplified-modified
77023381024,FORWARD_PROPAGATE_LAYER,48,/model.4/m.0/cv2/conv/Conv:OpId_274 (cycles),0,cycles,DSP,yolov8l-simplified-modified
77023381024,FORWARD_PROPAGATE_LAYER,49,/model.4/m.0/cv2/act/Sigmoid:OpId_277 (cycles),0,cycles,DSP,yolov8l-simplified-modified
77023381024,FORWARD_PROPAGATE_LAYER,50,/model.4/m.0/cv2/act/Mul:OpId_284 (cycles),288937,cycles,DSP,yolov8l-simplified-modified
77023381024,FORWARD_PROPAGATE_LAYER,51,/model.4/m.0/Add:OpId_286 (cycles),44417,cycles,DSP,yolov8l-simplified-modified
77023381024,FORWARD_PROPAGATE_LAYER,52,/model.4/m.1/cv1/conv/Conv:OpId_293 (cycles),0,cycles,DSP,yolov8l-simplified-modified
77023381024,FORWARD_PROPAGATE_LAYER,53,/model.4/m.1/cv1/act/Sigmoid:OpId_296 (cycles),0,cycles,DSP,yolov8l-simplified-modified
77023381024,FORWARD_PROPAGATE_LAYER,54,/model.4/m.1/cv1/act/Mul:OpId_303 (cycles),277398,cycles,DSP,yolov8l-simplified-modified
77023381024,FORWARD_PROPAGATE_LAYER,55,/model.4/m.1/cv2/conv/Conv:OpId_310 (cycles),0,cycles,DSP,yolov8l-simplified-modified
77023381024,FORWARD_PROPAGATE_LAYER,56,/model.4/m.1/cv2/act/Sigmoid:OpId_313 (cycles),0,cycles,DSP,yolov8l-simplified-modified
77023381024,FORWARD_PROPAGATE_LAYER,57,/model.4/m.1/cv2/act/Mul:OpId_320 (cycles),274105,cycles,DSP,yolov8l-simplified-modified
77023381024,FORWARD_PROPAGATE_LAYER,58,/model.4/m.1/Add:OpId_322 (cycles),32770,cycles,DSP,yolov8l-simplified-modified
77023381024,FORWARD_PROPAGATE_LAYER,59,/model.4/m.2/cv1/conv/Conv:OpId_329 (cycles),0,cycles,DSP,yolov8l-simplified-modified
77023381024,FORWARD_PROPAGATE_LAYER,60,/model.4/m.2/cv1/act/Sigmoid:OpId_332 (cycles),0,cycles,DSP,yolov8l-simplified-modified
77023381024,FORWARD_PROPAGATE_LAYER,61,/model.4/m.2/cv1/act/Mul:OpId_339 (cycles),285971,cycles,DSP,yolov8l-simplified-modified
77023381024,FORWARD_PROPAGATE_LAYER,62,/model.4/m.2/cv2/conv/Conv:OpId_346 (cycles),0,cycles,DSP,yolov8l-simplified-modified
77023381024,FORWARD_PROPAGATE_LAYER,63,/model.4/m.2/cv2/act/Sigmoid:OpId_349 (cycles),0,cycles,DSP,yolov8l-simplified-modified
77023381024,FORWARD_PROPAGATE_LAYER,64,/model.4/m.2/cv2/act/Mul:OpId_356 (cycles),276833,cycles,DSP,yolov8l-simplified-modified
77023381024,FORWARD_PROPAGATE_LAYER,65,/model.4/m.2/Add:OpId_358 (cycles),45043,cycles,DSP,yolov8l-simplified-modified
77023381024,FORWARD_PROPAGATE_LAYER,66,/model.4/m.3/cv1/conv/Conv:OpId_365 (cycles),0,cycles,DSP,yolov8l-simplified-modified
77023381024,FORWARD_PROPAGATE_LAYER,67,/model.4/m.3/cv1/act/Sigmoid:OpId_368 (cycles),0,cycles,DSP,yolov8l-simplified-modified
77023381024,FORWARD_PROPAGATE_LAYER,68,/model.4/m.3/cv1/act/Mul:OpId_375 (cycles),302614,cycles,DSP,yolov8l-simplified-modified
77023381024,FORWARD_PROPAGATE_LAYER,69,/model.4/m.3/cv2/conv/Conv:OpId_382 (cycles),0,cycles,DSP,yolov8l-simplified-modified
77023381024,FORWARD_PROPAGATE_LAYER,70,/model.4/m.3/cv2/act/Sigmoid:OpId_385 (cycles),0,cycles,DSP,yolov8l-simplified-modified
77023381024,FORWARD_PROPAGATE_LAYER,71,/model.4/m.3/cv2/act/Mul:OpId_392 (cycles),274140,cycles,DSP,yolov8l-simplified-modified
77023381024,FORWARD_PROPAGATE_LAYER,72,/model.4/m.3/Add:OpId_394 (cycles),21923,cycles,DSP,yolov8l-simplified-modified
77023381024,FORWARD_PROPAGATE_LAYER,73,/model.4/m.4/cv1/conv/Conv:OpId_401 (cycles),0,cycles,DSP,yolov8l-simplified-modified
77023381024,FORWARD_PROPAGATE_LAYER,74,/model.4/m.4/cv1/act/Sigmoid:OpId_404 (cycles),0,cycles,DSP,yolov8l-simplified-modified
77023381024,FORWARD_PROPAGATE_LAYER,75,/model.4/m.4/cv1/act/Mul:OpId_411 (cycles),305060,cycles,DSP,yolov8l-simplified-modified
77023381024,FORWARD_PROPAGATE_LAYER,76,/model.4/m.4/cv2/conv/Conv:OpId_418 (cycles),0,cycles,DSP,yolov8l-simplified-modified
77023381024,FORWARD_PROPAGATE_LAYER,77,/model.4/m.4/cv2/act/Sigmoid:OpId_421 (cycles),0,cycles,DSP,yolov8l-simplified-modified
77023381024,FORWARD_PROPAGATE_LAYER,78,/model.4/m.4/cv2/act/Mul:OpId_428 (cycles),274389,cycles,DSP,yolov8l-simplified-modified
77023381024,FORWARD_PROPAGATE_LAYER,79,/model.4/m.4/Add:OpId_430 (cycles),16046,cycles,DSP,yolov8l-simplified-modified
77023381024,FORWARD_PROPAGATE_LAYER,80,/model.4/m.5/cv1/conv/Conv:OpId_437 (cycles),0,cycles,DSP,yolov8l-simplified-modified
77023381024,FORWARD_PROPAGATE_LAYER,81,/model.4/m.5/cv1/act/Sigmoid:OpId_440 (cycles),0,cycles,DSP,yolov8l-simplified-modified
77023381024,FORWARD_PROPAGATE_LAYER,82,/model.4/m.5/cv1/act/Mul:OpId_447 (cycles),305819,cycles,DSP,yolov8l-simplified-modified
77023381024,FORWARD_PROPAGATE_LAYER,83,/model.4/m.5/cv2/conv/Conv:OpId_454 (cycles),0,cycles,DSP,yolov8l-simplified-modified
77023381024,FORWARD_PROPAGATE_LAYER,84,/model.4/m.5/cv2/act/Sigmoid:OpId_457 (cycles),0,cycles,DSP,yolov8l-simplified-modified
77023381024,FORWARD_PROPAGATE_LAYER,85,/model.4/m.5/cv2/act/Mul:OpId_464 (cycles),275054,cycles,DSP,yolov8l-simplified-modified
77023381024,FORWARD_PROPAGATE_LAYER,86,/model.4/m.5/Add:OpId_466 (cycles),15580,cycles,DSP,yolov8l-simplified-modified
77023381024,FORWARD_PROPAGATE_LAYER,87,/model.4/Concat:OpId_468 (cycles),0,cycles,DSP,yolov8l-simplified-modified
77023381024,FORWARD_PROPAGATE_LAYER,88,/model.4/cv2/conv/Conv:OpId_475 (cycles),0,cycles,DSP,yolov8l-simplified-modified
77023381024,FORWARD_PROPAGATE_LAYER,89,/model.4/cv2/act/Sigmoid:OpId_478 (cycles),0,cycles,DSP,yolov8l-simplified-modified
77023381024,FORWARD_PROPAGATE_LAYER,90,/model.4/cv2/act/Mul:OpId_485 (cycles),618399,cycles,DSP,yolov8l-simplified-modified
77023381024,FORWARD_PROPAGATE_LAYER,91,/model.5/conv/Conv:OpId_492 (cycles),0,cycles,DSP,yolov8l-simplified-modified
77023381024,FORWARD_PROPAGATE_LAYER,92,/model.5/act/Sigmoid:OpId_495 (cycles),0,cycles,DSP,yolov8l-simplified-modified
77023381024,FORWARD_PROPAGATE_LAYER,93,/model.5/act/Mul:OpId_502 (cycles),1090945,cycles,DSP,yolov8l-simplified-modified
77023381024,FORWARD_PROPAGATE_LAYER,94,/model.6/cv1/conv/Conv:OpId_509 (cycles),0,cycles,DSP,yolov8l-simplified-modified
77023381024,FORWARD_PROPAGATE_LAYER,95,/model.6/cv1/act/Sigmoid:OpId_512 (cycles),0,cycles,DSP,yolov8l-simplified-modified
77023381024,FORWARD_PROPAGATE_LAYER,96,/model.6/cv1/act/Mul:OpId_519 (cycles),162866,cycles,DSP,yolov8l-simplified-modified
77023381024,FORWARD_PROPAGATE_LAYER,97,/model.6/Slice:OpId_522 (cycles),0,cycles,DSP,yolov8l-simplified-modified
77023381024,FORWARD_PROPAGATE_LAYER,98,/model.6/Slice_1:OpId_528 (cycles),0,cycles,DSP,yolov8l-simplified-modified
77023381024,FORWARD_PROPAGATE_LAYER,99,/model.6/m.0/cv1/conv/Conv:OpId_538 (cycles),0,cycles,DSP,yolov8l-simplified-modified
77023381024,FORWARD_PROPAGATE_LAYER,100,/model.6/m.0/cv1/act/Sigmoid:OpId_541 (cycles),0,cycles,DSP,yolov8l-simplified-modified
77023381024,FORWARD_PROPAGATE_LAYER,101,/model.6/m.0/cv1/act/Mul:OpId_548 (cycles),256874,cycles,DSP,yolov8l-simplified-modified
77023381024,FORWARD_PROPAGATE_LAYER,102,/model.6/m.0/cv2/conv/Conv:OpId_555 (cycles),0,cycles,DSP,yolov8l-simplified-modified
77023381024,FORWARD_PROPAGATE_LAYER,103,/model.6/m.0/cv2/act/Sigmoid:OpId_558 (cycles),0,cycles,DSP,yolov8l-simplified-modified
77023381024,FORWARD_PROPAGATE_LAYER,104,/model.6/m.0/cv2/act/Mul:OpId_565 (cycles),286793,cycles,DSP,yolov8l-simplified-modified
77023381024,FORWARD_PROPAGATE_LAYER,105,/model.6/m.0/Add:OpId_567 (cycles),18754,cycles,DSP,yolov8l-simplified-modified
77023381024,FORWARD_PROPAGATE_LAYER,106,/model.6/m.1/cv1/conv/Conv:OpId_574 (cycles),0,cycles,DSP,yolov8l-simplified-modified
77023381024,FORWARD_PROPAGATE_LAYER,107,/model.6/m.1/cv1/act/Sigmoid:OpId_577 (cycles),0,cycles,DSP,yolov8l-simplified-modified
77023381024,FORWARD_PROPAGATE_LAYER,108,/model.6/m.1/cv1/act/Mul:OpId_584 (cycles),255655,cycles,DSP,yolov8l-simplified-modified
77023381024,FORWARD_PROPAGATE_LAYER,109,/model.6/m.1/cv2/conv/Conv:OpId_591 (cycles),0,cycles,DSP,yolov8l-simplified-modified
77023381024,FORWARD_PROPAGATE_LAYER,110,/model.6/m.1/cv2/act/Sigmoid:OpId_594 (cycles),0,cycles,DSP,yolov8l-simplified-modified
77023381024,FORWARD_PROPAGATE_LAYER,111,/model.6/m.1/cv2/act/Mul:OpId_601 (cycles),285945,cycles,DSP,yolov8l-simplified-modified
77023381024,FORWARD_PROPAGATE_LAYER,112,/model.6/m.1/Add:OpId_603 (cycles),16940,cycles,DSP,yolov8l-simplified-modified
77023381024,FORWARD_PROPAGATE_LAYER,113,/model.6/m.2/cv1/conv/Conv:OpId_610 (cycles),0,cycles,DSP,yolov8l-simplified-modified
77023381024,FORWARD_PROPAGATE_LAYER,114,/model.6/m.2/cv1/act/Sigmoid:OpId_613 (cycles),0,cycles,DSP,yolov8l-simplified-modified
77023381024,FORWARD_PROPAGATE_LAYER,115,/model.6/m.2/cv1/act/Mul:OpId_620 (cycles),278676,cycles,DSP,yolov8l-simplified-modified
77023381024,FORWARD_PROPAGATE_LAYER,116,/model.6/m.2/cv2/conv/Conv:OpId_627 (cycles),0,cycles,DSP,yolov8l-simplified-modified
77023381024,FORWARD_PROPAGATE_LAYER,117,/model.6/m.2/cv2/act/Sigmoid:OpId_630 (cycles),0,cycles,DSP,yolov8l-simplified-modified
77023381024,FORWARD_PROPAGATE_LAYER,118,/model.6/m.2/cv2/act/Mul:OpId_637 (cycles),285001,cycles,DSP,yolov8l-simplified-modified
77023381024,FORWARD_PROPAGATE_LAYER,119,/model.6/m.2/Add:OpId_639 (cycles),17053,cycles,DSP,yolov8l-simplified-modified
77023381024,FORWARD_PROPAGATE_LAYER,120,/model.6/m.3/cv1/conv/Conv:OpId_646 (cycles),0,cycles,DSP,yolov8l-simplified-modified
77023381024,FORWARD_PROPAGATE_LAYER,121,/model.6/m.3/cv1/act/Sigmoid:OpId_649 (cycles),0,cycles,DSP,yolov8l-simplified-modified
77023381024,FORWARD_PROPAGATE_LAYER,122,/model.6/m.3/cv1/act/Mul:OpId_656 (cycles),285068,cycles,DSP,yolov8l-simplified-modified
77023381024,FORWARD_PROPAGATE_LAYER,123,/model.6/m.3/cv2/conv/Conv:OpId_663 (cycles),0,cycles,DSP,yolov8l-simplified-modified
77023381024,FORWARD_PROPAGATE_LAYER,124,/model.6/m.3/cv2/act/Sigmoid:OpId_666 (cycles),0,cycles,DSP,yolov8l-simplified-modified
77023381024,FORWARD_PROPAGATE_LAYER,125,/model.6/m.3/cv2/act/Mul:OpId_673 (cycles),286479,cycles,DSP,yolov8l-simplified-modified
77023381024,FORWARD_PROPAGATE_LAYER,126,/model.6/m.3/Add:OpId_675 (cycles),19033,cycles,DSP,yolov8l-simplified-modified
77023381024,FORWARD_PROPAGATE_LAYER,127,/model.6/m.4/cv1/conv/Conv:OpId_682 (cycles),0,cycles,DSP,yolov8l-simplified-modified
77023381024,FORWARD_PROPAGATE_LAYER,128,/model.6/m.4/cv1/act/Sigmoid:OpId_685 (cycles),0,cycles,DSP,yolov8l-simplified-modified
77023381024,FORWARD_PROPAGATE_LAYER,129,/model.6/m.4/cv1/act/Mul:OpId_692 (cycles),288629,cycles,DSP,yolov8l-simplified-modified
77023381024,FORWARD_PROPAGATE_LAYER,130,/model.6/m.4/cv2/conv/Conv:OpId_699 (cycles),0,cycles,DSP,yolov8l-simplified-modified
77023381024,FORWARD_PROPAGATE_LAYER,131,/model.6/m.4/cv2/act/Sigmoid:OpId_702 (cycles),0,cycles,DSP,yolov8l-simplified-modified
77023381024,FORWARD_PROPAGATE_LAYER,132,/model.6/m.4/cv2/act/Mul:OpId_709 (cycles),285691,cycles,DSP,yolov8l-simplified-modified
77023381024,FORWARD_PROPAGATE_LAYER,133,/model.6/m.4/Add:OpId_711 (cycles),16724,cycles,DSP,yolov8l-simplified-modified
77023381024,FORWARD_PROPAGATE_LAYER,134,/model.6/m.5/cv1/conv/Conv:OpId_718 (cycles),0,cycles,DSP,yolov8l-simplified-modified
77023381024,FORWARD_PROPAGATE_LAYER,135,/model.6/m.5/cv1/act/Sigmoid:OpId_721 (cycles),0,cycles,DSP,yolov8l-simplified-modified
77023381024,FORWARD_PROPAGATE_LAYER,136,/model.6/m.5/cv1/act/Mul:OpId_728 (cycles),297360,cycles,DSP,yolov8l-simplified-modified
77023381024,FORWARD_PROPAGATE_LAYER,137,/model.6/m.5/cv2/conv/Conv:OpId_735 (cycles),0,cycles,DSP,yolov8l-simplified-modified
77023381024,FORWARD_PROPAGATE_LAYER,138,/model.6/m.5/cv2/act/Sigmoid:OpId_738 (cycles),0,cycles,DSP,yolov8l-simplified-modified
77023381024,FORWARD_PROPAGATE_LAYER,139,/model.6/m.5/cv2/act/Mul:OpId_745 (cycles),283700,cycles,DSP,yolov8l-simplified-modified
77023381024,FORWARD_PROPAGATE_LAYER,140,/model.6/m.5/Add:OpId_747 (cycles),18694,cycles,DSP,yolov8l-simplified-modified
77023381024,FORWARD_PROPAGATE_LAYER,141,/model.6/Concat:OpId_749 (cycles),0,cycles,DSP,yolov8l-simplified-modified
77023381024,FORWARD_PROPAGATE_LAYER,142,/model.6/cv2/conv/Conv:OpId_756 (cycles),0,cycles,DSP,yolov8l-simplified-modified
77023381024,FORWARD_PROPAGATE_LAYER,143,/model.6/cv2/act/Sigmoid:OpId_759 (cycles),0,cycles,DSP,yolov8l-simplified-modified
77023381024,FORWARD_PROPAGATE_LAYER,144,/model.6/cv2/act/Mul:OpId_766 (cycles),564936,cycles,DSP,yolov8l-simplified-modified
77023381024,FORWARD_PROPAGATE_LAYER,145,/model.7/conv/Conv:OpId_773 (cycles),0,cycles,DSP,yolov8l-simplified-modified
77023381024,FORWARD_PROPAGATE_LAYER,146,/model.7/act/Sigmoid:OpId_776 (cycles),0,cycles,DSP,yolov8l-simplified-modified
77023381024,FORWARD_PROPAGATE_LAYER,147,/model.7/act/Mul:OpId_783 (cycles),999676,cycles,DSP,yolov8l-simplified-modified
77023381024,FORWARD_PROPAGATE_LAYER,148,/model.8/cv1/conv/Conv:OpId_790 (cycles),0,cycles,DSP,yolov8l-simplified-modified
77023381024,FORWARD_PROPAGATE_LAYER,149,/model.8/cv1/act/Sigmoid:OpId_793 (cycles),0,cycles,DSP,yolov8l-simplified-modified
77023381024,FORWARD_PROPAGATE_LAYER,150,/model.8/cv1/act/Mul:OpId_800 (cycles),51827,cycles,DSP,yolov8l-simplified-modified
77023381024,FORWARD_PROPAGATE_LAYER,151,/model.8/Slice:OpId_803 (cycles),0,cycles,DSP,yolov8l-simplified-modified
77023381024,FORWARD_PROPAGATE_LAYER,152,/model.8/Slice_1:OpId_809 (cycles),0,cycles,DSP,yolov8l-simplified-modified
77023381024,FORWARD_PROPAGATE_LAYER,153,/model.8/m.0/cv1/conv/Conv:OpId_819 (cycles),0,cycles,DSP,yolov8l-simplified-modified
77023381024,FORWARD_PROPAGATE_LAYER,154,/model.8/m.0/cv1/act/Sigmoid:OpId_822 (cycles),0,cycles,DSP,yolov8l-simplified-modified
77023381024,FORWARD_PROPAGATE_LAYER,155,/model.8/m.0/cv1/act/Mul:OpId_829 (cycles),84055,cycles,DSP,yolov8l-simplified-modified
77023381024,FORWARD_PROPAGATE_LAYER,156,/model.8/m.0/cv2/conv/Conv:OpId_836 (cycles),0,cycles,DSP,yolov8l-simplified-modified
77023381024,FORWARD_PROPAGATE_LAYER,157,/model.8/m.0/cv2/act/Sigmoid:OpId_839 (cycles),0,cycles,DSP,yolov8l-simplified-modified
77023381024,FORWARD_PROPAGATE_LAYER,158,/model.8/m.0/cv2/act/Mul:OpId_846 (cycles),79169,cycles,DSP,yolov8l-simplified-modified
77023381024,FORWARD_PROPAGATE_LAYER,159,/model.8/m.0/Add:OpId_848 (cycles),4845,cycles,DSP,yolov8l-simplified-modified
77023381024,FORWARD_PROPAGATE_LAYER,160,/model.8/m.1/cv1/conv/Conv:OpId_855 (cycles),0,cycles,DSP,yolov8l-simplified-modified
77023381024,FORWARD_PROPAGATE_LAYER,161,/model.8/m.1/cv1/act/Sigmoid:OpId_858 (cycles),0,cycles,DSP,yolov8l-simplified-modified
77023381024,FORWARD_PROPAGATE_LAYER,162,/model.8/m.1/cv1/act/Mul:OpId_865 (cycles),81512,cycles,DSP,yolov8l-simplified-modified
77023381024,FORWARD_PROPAGATE_LAYER,163,/model.8/m.1/cv2/conv/Conv:OpId_872 (cycles),0,cycles,DSP,yolov8l-simplified-modified
77023381024,FORWARD_PROPAGATE_LAYER,164,/model.8/m.1/cv2/act/Sigmoid:OpId_875 (cycles),0,cycles,DSP,yolov8l-simplified-modified
77023381024,FORWARD_PROPAGATE_LAYER,165,/model.8/m.1/cv2/act/Mul:OpId_882 (cycles),79343,cycles,DSP,yolov8l-simplified-modified
77023381024,FORWARD_PROPAGATE_LAYER,166,/model.8/m.1/Add:OpId_884 (cycles),7495,cycles,DSP,yolov8l-simplified-modified
77023381024,FORWARD_PROPAGATE_LAYER,167,/model.8/m.2/cv1/conv/Conv:OpId_891 (cycles),0,cycles,DSP,yolov8l-simplified-modified
77023381024,FORWARD_PROPAGATE_LAYER,168,/model.8/m.2/cv1/act/Sigmoid:OpId_894 (cycles),0,cycles,DSP,yolov8l-simplified-modified
77023381024,FORWARD_PROPAGATE_LAYER,169,/model.8/m.2/cv1/act/Mul:OpId_901 (cycles),81233,cycles,DSP,yolov8l-simplified-modified
77023381024,FORWARD_PROPAGATE_LAYER,170,/model.8/m.2/cv2/conv/Conv:OpId_908 (cycles),0,cycles,DSP,yolov8l-simplified-modified
77023381024,FORWARD_PROPAGATE_LAYER,171,/model.8/m.2/cv2/act/Sigmoid:OpId_911 (cycles),0,cycles,DSP,yolov8l-simplified-modified
77023381024,FORWARD_PROPAGATE_LAYER,172,/model.8/m.2/cv2/act/Mul:OpId_918 (cycles),79238,cycles,DSP,yolov8l-simplified-modified
77023381024,FORWARD_PROPAGATE_LAYER,173,/model.8/m.2/Add:OpId_920 (cycles),4506,cycles,DSP,yolov8l-simplified-modified
77023381024,FORWARD_PROPAGATE_LAYER,174,/model.8/Concat:OpId_922 (cycles),0,cycles,DSP,yolov8l-simplified-modified
77023381024,FORWARD_PROPAGATE_LAYER,175,/model.8/cv2/conv/Conv:OpId_929 (cycles),0,cycles,DSP,yolov8l-simplified-modified
77023381024,FORWARD_PROPAGATE_LAYER,176,/model.8/cv2/act/Sigmoid:OpId_932 (cycles),0,cycles,DSP,yolov8l-simplified-modified
77023381024,FORWARD_PROPAGATE_LAYER,177,/model.8/cv2/act/Mul:OpId_939 (cycles),97946,cycles,DSP,yolov8l-simplified-modified
77023381024,FORWARD_PROPAGATE_LAYER,178,/model.9/cv1/conv/Conv:OpId_946 (cycles),0,cycles,DSP,yolov8l-simplified-modified
77023381024,FORWARD_PROPAGATE_LAYER,179,/model.9/cv1/act/Sigmoid:OpId_949 (cycles),0,cycles,DSP,yolov8l-simplified-modified
77023381024,FORWARD_PROPAGATE_LAYER,180,/model.9/cv1/act/Mul:OpId_956 (cycles),22816,cycles,DSP,yolov8l-simplified-modified
77023381024,FORWARD_PROPAGATE_LAYER,181,/model.9/m/MaxPool:OpId_961 (cycles),231844,cycles,DSP,yolov8l-simplified-modified
77023381024,FORWARD_PROPAGATE_LAYER,182,/model.9/m_1/MaxPool:OpId_966 (cycles),191713,cycles,DSP,yolov8l-simplified-modified
77023381024,FORWARD_PROPAGATE_LAYER,183,/model.9/m_2/MaxPool:OpId_971 (cycles),205541,cycles,DSP,yolov8l-simplified-modified
77023381024,FORWARD_PROPAGATE_LAYER,184,/model.9/Concat:OpId_973 (cycles),0,cycles,DSP,yolov8l-simplified-modified
77023381024,FORWARD_PROPAGATE_LAYER,185,/model.9/cv2/conv/Conv:OpId_980 (cycles),0,cycles,DSP,yolov8l-simplified-modified
77023381024,FORWARD_PROPAGATE_LAYER,186,/model.9/cv2/act/Sigmoid:OpId_983 (cycles),0,cycles,DSP,yolov8l-simplified-modified
77023381024,FORWARD_PROPAGATE_LAYER,187,/model.9/cv2/act/Mul:OpId_990 (cycles),104920,cycles,DSP,yolov8l-simplified-modified
77023381024,FORWARD_PROPAGATE_LAYER,188,/model.10/Resize:OpId_992 (cycles),113354,cycles,DSP,yolov8l-simplified-modified
77023381024,FORWARD_PROPAGATE_LAYER,189,/model.11/Concat:OpId_995 (cycles),0,cycles,DSP,yolov8l-simplified-modified
77023381024,FORWARD_PROPAGATE_LAYER,190,/model.12/cv1/conv/Conv:OpId_1002 (cycles),0,cycles,DSP,yolov8l-simplified-modified
77023381024,FORWARD_PROPAGATE_LAYER,191,/model.12/cv1/act/Sigmoid:OpId_1005 (cycles),0,cycles,DSP,yolov8l-simplified-modified
77023381024,FORWARD_PROPAGATE_LAYER,192,/model.12/cv1/act/Mul:OpId_1012 (cycles),265843,cycles,DSP,yolov8l-simplified-modified
77023381024,FORWARD_PROPAGATE_LAYER,193,/model.12/Slice:OpId_1015 (cycles),0,cycles,DSP,yolov8l-simplified-modified
77023381024,FORWARD_PROPAGATE_LAYER,194,/model.12/Slice_1:OpId_1021 (cycles),0,cycles,DSP,yolov8l-simplified-modified
77023381024,FORWARD_PROPAGATE_LAYER,195,/model.12/m.0/cv1/conv/Conv:OpId_1031 (cycles),0,cycles,DSP,yolov8l-simplified-modified
77023381024,FORWARD_PROPAGATE_LAYER,196,/model.12/m.0/cv1/act/Sigmoid:OpId_1034 (cycles),0,cycles,DSP,yolov8l-simplified-modified
77023381024,FORWARD_PROPAGATE_LAYER,197,/model.12/m.0/cv1/act/Mul:OpId_1041 (cycles),255856,cycles,DSP,yolov8l-simplified-modified
77023381024,FORWARD_PROPAGATE_LAYER,198,/model.12/m.0/cv2/conv/Conv:OpId_1048 (cycles),0,cycles,DSP,yolov8l-simplified-modified
77023381024,FORWARD_PROPAGATE_LAYER,199,/model.12/m.0/cv2/act/Sigmoid:OpId_1051 (cycles),0,cycles,DSP,yolov8l-simplified-modified
77023381024,FORWARD_PROPAGATE_LAYER,200,/model.12/m.0/cv2/act/Mul:OpId_1058 (cycles),255694,cycles,DSP,yolov8l-simplified-modified
77023381024,FORWARD_PROPAGATE_LAYER,201,/model.12/m.1/cv1/conv/Conv:OpId_1065 (cycles),0,cycles,DSP,yolov8l-simplified-modified
77023381024,FORWARD_PROPAGATE_LAYER,202,/model.12/m.1/cv1/act/Sigmoid:OpId_1068 (cycles),0,cycles,DSP,yolov8l-simplified-modified
77023381024,FORWARD_PROPAGATE_LAYER,203,/model.12/m.1/cv1/act/Mul:OpId_1075 (cycles),290079,cycles,DSP,yolov8l-simplified-modified
77023381024,FORWARD_PROPAGATE_LAYER,204,/model.12/m.1/cv2/conv/Conv:OpId_1082 (cycles),0,cycles,DSP,yolov8l-simplified-modified
77023381024,FORWARD_PROPAGATE_LAYER,205,/model.12/m.1/cv2/act/Sigmoid:OpId_1085 (cycles),0,cycles,DSP,yolov8l-simplified-modified
77023381024,FORWARD_PROPAGATE_LAYER,206,/model.12/m.1/cv2/act/Mul:OpId_1092 (cycles),255668,cycles,DSP,yolov8l-simplified-modified
77023381024,FORWARD_PROPAGATE_LAYER,207,/model.12/m.2/cv1/conv/Conv:OpId_1099 (cycles),0,cycles,DSP,yolov8l-simplified-modified
77023381024,FORWARD_PROPAGATE_LAYER,208,/model.12/m.2/cv1/act/Sigmoid:OpId_1102 (cycles),0,cycles,DSP,yolov8l-simplified-modified
77023381024,FORWARD_PROPAGATE_LAYER,209,/model.12/m.2/cv1/act/Mul:OpId_1109 (cycles),256458,cycles,DSP,yolov8l-simplified-modified
77023381024,FORWARD_PROPAGATE_LAYER,210,/model.12/m.2/cv2/conv/Conv:OpId_1116 (cycles),0,cycles,DSP,yolov8l-simplified-modified
77023381024,FORWARD_PROPAGATE_LAYER,211,/model.12/m.2/cv2/act/Sigmoid:OpId_1119 (cycles),0,cycles,DSP,yolov8l-simplified-modified
77023381024,FORWARD_PROPAGATE_LAYER,212,/model.12/m.2/cv2/act/Mul:OpId_1126 (cycles),256818,cycles,DSP,yolov8l-simplified-modified
77023381024,FORWARD_PROPAGATE_LAYER,213,/model.12/Concat:OpId_1128 (cycles),0,cycles,DSP,yolov8l-simplified-modified
77023381024,FORWARD_PROPAGATE_LAYER,214,/model.12/cv2/conv/Conv:OpId_1135 (cycles),0,cycles,DSP,yolov8l-simplified-modified
77023381024,FORWARD_PROPAGATE_LAYER,215,/model.12/cv2/act/Sigmoid:OpId_1138 (cycles),0,cycles,DSP,yolov8l-simplified-modified
77023381024,FORWARD_PROPAGATE_LAYER,216,/model.12/cv2/act/Mul:OpId_1145 (cycles),355256,cycles,DSP,yolov8l-simplified-modified
77023381024,FORWARD_PROPAGATE_LAYER,217,/model.13/Resize:OpId_1147 (cycles),395380,cycles,DSP,yolov8l-simplified-modified
77023381024,FORWARD_PROPAGATE_LAYER,218,/model.14/Concat:OpId_1150 (cycles),0,cycles,DSP,yolov8l-simplified-modified
77023381024,FORWARD_PROPAGATE_LAYER,219,/model.15/cv1/conv/Conv:OpId_1157 (cycles),0,cycles,DSP,yolov8l-simplified-modified
77023381024,FORWARD_PROPAGATE_LAYER,220,/model.15/cv1/act/Sigmoid:OpId_1160 (cycles),0,cycles,DSP,yolov8l-simplified-modified
77023381024,FORWARD_PROPAGATE_LAYER,221,/model.15/cv1/act/Mul:OpId_1167 (cycles),411629,cycles,DSP,yolov8l-simplified-modified
77023381024,FORWARD_PROPAGATE_LAYER,222,/model.15/Slice:OpId_1170 (cycles),0,cycles,DSP,yolov8l-simplified-modified
77023381024,FORWARD_PROPAGATE_LAYER,223,/model.15/Slice_1:OpId_1176 (cycles),0,cycles,DSP,yolov8l-simplified-modified
77023381024,FORWARD_PROPAGATE_LAYER,224,/model.15/m.0/cv1/conv/Conv:OpId_1186 (cycles),0,cycles,DSP,yolov8l-simplified-modified
77023381024,FORWARD_PROPAGATE_LAYER,225,/model.15/m.0/cv1/act/Sigmoid:OpId_1189 (cycles),0,cycles,DSP,yolov8l-simplified-modified
77023381024,FORWARD_PROPAGATE_LAYER,226,/model.15/m.0/cv1/act/Mul:OpId_1196 (cycles),277206,cycles,DSP,yolov8l-simplified-modified
77023381024,FORWARD_PROPAGATE_LAYER,227,/model.15/m.0/cv2/conv/Conv:OpId_1203 (cycles),0,cycles,DSP,yolov8l-simplified-modified
77023381024,FORWARD_PROPAGATE_LAYER,228,/model.15/m.0/cv2/act/Sigmoid:OpId_1206 (cycles),0,cycles,DSP,yolov8l-simplified-modified
77023381024,FORWARD_PROPAGATE_LAYER,229,/model.15/m.0/cv2/act/Mul:OpId_1213 (cycles),276956,cycles,DSP,yolov8l-simplified-modified
77023381024,FORWARD_PROPAGATE_LAYER,230,/model.15/m.1/cv1/conv/Conv:OpId_1220 (cycles),0,cycles,DSP,yolov8l-simplified-modified
77023381024,FORWARD_PROPAGATE_LAYER,231,/model.15/m.1/cv1/act/Sigmoid:OpId_1223 (cycles),0,cycles,DSP,yolov8l-simplified-modified
77023381024,FORWARD_PROPAGATE_LAYER,232,/model.15/m.1/cv1/act/Mul:OpId_1230 (cycles),278934,cycles,DSP,yolov8l-simplified-modified
77023381024,FORWARD_PROPAGATE_LAYER,233,/model.15/m.1/cv2/conv/Conv:OpId_1237 (cycles),0,cycles,DSP,yolov8l-simplified-modified
77023381024,FORWARD_PROPAGATE_LAYER,234,/model.15/m.1/cv2/act/Sigmoid:OpId_1240 (cycles),0,cycles,DSP,yolov8l-simplified-modified
77023381024,FORWARD_PROPAGATE_LAYER,235,/model.15/m.1/cv2/act/Mul:OpId_1247 (cycles),275266,cycles,DSP,yolov8l-simplified-modified
77023381024,FORWARD_PROPAGATE_LAYER,236,/model.15/m.2/cv1/conv/Conv:OpId_1254 (cycles),0,cycles,DSP,yolov8l-simplified-modified
77023381024,FORWARD_PROPAGATE_LAYER,237,/model.15/m.2/cv1/act/Sigmoid:OpId_1257 (cycles),0,cycles,DSP,yolov8l-simplified-modified
77023381024,FORWARD_PROPAGATE_LAYER,238,/model.15/m.2/cv1/act/Mul:OpId_1264 (cycles),278673,cycles,DSP,yolov8l-simplified-modified
77023381024,FORWARD_PROPAGATE_LAYER,239,/model.15/m.2/cv2/conv/Conv:OpId_1271 (cycles),0,cycles,DSP,yolov8l-simplified-modified
77023381024,FORWARD_PROPAGATE_LAYER,240,/model.15/m.2/cv2/act/Sigmoid:OpId_1274 (cycles),0,cycles,DSP,yolov8l-simplified-modified
77023381024,FORWARD_PROPAGATE_LAYER,241,/model.15/m.2/cv2/act/Mul:OpId_1281 (cycles),279507,cycles,DSP,yolov8l-simplified-modified
77023381024,FORWARD_PROPAGATE_LAYER,242,/model.15/Concat:OpId_1283 (cycles),0,cycles,DSP,yolov8l-simplified-modified
77023381024,FORWARD_PROPAGATE_LAYER,243,/model.15/cv2/conv/Conv:OpId_1290 (cycles),0,cycles,DSP,yolov8l-simplified-modified
77023381024,FORWARD_PROPAGATE_LAYER,244,/model.15/cv2/act/Sigmoid:OpId_1293 (cycles),0,cycles,DSP,yolov8l-simplified-modified
77023381024,FORWARD_PROPAGATE_LAYER,245,/model.15/cv2/act/Mul:OpId_1300 (cycles),431134,cycles,DSP,yolov8l-simplified-modified
77023381024,FORWARD_PROPAGATE_LAYER,246,/model.16/conv/Conv:OpId_1307 (cycles),0,cycles,DSP,yolov8l-simplified-modified
77023381024,FORWARD_PROPAGATE_LAYER,247,/model.22/cv2.0/cv2.0.0/conv/Conv:OpId_1315 (cycles),0,cycles,DSP,yolov8l-simplified-modified
77023381024,FORWARD_PROPAGATE_LAYER,248,/model.22/cv3.0/cv3.0.0/conv/Conv:OpId_1323 (cycles),0,cycles,DSP,yolov8l-simplified-modified
77023381024,FORWARD_PROPAGATE_LAYER,249,/model.16/act/Sigmoid:OpId_1326 (cycles),0,cycles,DSP,yolov8l-simplified-modified
77023381024,FORWARD_PROPAGATE_LAYER,250,/model.22/cv2.0/cv2.0.0/act/Sigmoid:OpId_1333 (cycles),0,cycles,DSP,yolov8l-simplified-modified
77023381024,FORWARD_PROPAGATE_LAYER,251,/model.22/cv3.0/cv3.0.0/act/Sigmoid:OpId_1340 (cycles),0,cycles,DSP,yolov8l-simplified-modified
77023381024,FORWARD_PROPAGATE_LAYER,252,/model.16/act/Mul:OpId_1347 (cycles),720239,cycles,DSP,yolov8l-simplified-modified
77023381024,FORWARD_PROPAGATE_LAYER,253,/model.22/cv2.0/cv2.0.0/act/Mul:OpId_1349 (cycles),255794,cycles,DSP,yolov8l-simplified-modified
77023381024,FORWARD_PROPAGATE_LAYER,254,/model.22/cv3.0/cv3.0.0/act/Mul:OpId_1351 (cycles),1019350,cycles,DSP,yolov8l-simplified-modified
77023381024,FORWARD_PROPAGATE_LAYER,255,/model.17/Concat:OpId_1353 (cycles),0,cycles,DSP,yolov8l-simplified-modified
77023381024,FORWARD_PROPAGATE_LAYER,256,/model.22/cv2.0/cv2.0.1/conv/Conv:OpId_1360 (cycles),0,cycles,DSP,yolov8l-simplified-modified
77023381024,FORWARD_PROPAGATE_LAYER,257,/model.22/cv3.0/cv3.0.1/conv/Conv:OpId_1368 (cycles),0,cycles,DSP,yolov8l-simplified-modified
77023381024,FORWARD_PROPAGATE_LAYER,258,/model.18/cv1/conv/Conv:OpId_1376 (cycles),0,cycles,DSP,yolov8l-simplified-modified
77023381024,FORWARD_PROPAGATE_LAYER,259,/model.22/cv2.0/cv2.0.1/act/Sigmoid:OpId_1379 (cycles),0,cycles,DSP,yolov8l-simplified-modified
77023381024,FORWARD_PROPAGATE_LAYER,260,/model.22/cv3.0/cv3.0.1/act/Sigmoid:OpId_1386 (cycles),0,cycles,DSP,yolov8l-simplified-modified
77023381024,FORWARD_PROPAGATE_LAYER,261,/model.18/cv1/act/Sigmoid:OpId_1393 (cycles),0,cycles,DSP,yolov8l-simplified-modified
77023381024,FORWARD_PROPAGATE_LAYER,262,/model.22/cv2.0/cv2.0.1/act/Mul:OpId_1400 (cycles),82544,cycles,DSP,yolov8l-simplified-modified
77023381024,FORWARD_PROPAGATE_LAYER,263,/model.22/cv3.0/cv3.0.1/act/Mul:OpId_1402 (cycles),1034390,cycles,DSP,yolov8l-simplified-modified
77023381024,FORWARD_PROPAGATE_LAYER,264,/model.18/cv1/act/Mul:OpId_1404 (cycles),203625,cycles,DSP,yolov8l-simplified-modified
77023381024,FORWARD_PROPAGATE_LAYER,265,/model.22/cv2.0/cv2.0.2/Conv:OpId_1411 (cycles),10652,cycles,DSP,yolov8l-simplified-modified
77023381024,FORWARD_PROPAGATE_LAYER,266,/model.22/cv2.0/cv2.0.2/Conv_output_0.nchw:OpId_1415 (cycles),206053,cycles,DSP,yolov8l-simplified-modified
77023381024,FORWARD_PROPAGATE_LAYER,267,/model.22/cv3.0/cv3.0.2/Conv:OpId_1421 (cycles),0,cycles,DSP,yolov8l-simplified-modified
77023381024,FORWARD_PROPAGATE_LAYER,268,/model.18/Slice:OpId_1425 (cycles),0,cycles,DSP,yolov8l-simplified-modified
77023381024,FORWARD_PROPAGATE_LAYER,269,/model.18/Slice_1:OpId_1431 (cycles),0,cycles,DSP,yolov8l-simplified-modified
77023381024,FORWARD_PROPAGATE_LAYER,270,/model.22/Reshape:OpId_1436 (cycles),375389,cycles,DSP,yolov8l-simplified-modified
77023381024,FORWARD_PROPAGATE_LAYER,271,/model.22/Sigmoid:OpId_1437 (cycles),72250,cycles,DSP,yolov8l-simplified-modified
77023381024,FORWARD_PROPAGATE_LAYER,272,/model.18/m.0/cv1/conv/Conv:OpId_1449 (cycles),0,cycles,DSP,yolov8l-simplified-modified
77023381024,FORWARD_PROPAGATE_LAYER,273,/model.22/Transpose:OpId_1453 (cycles),319243,cycles,DSP,yolov8l-simplified-modified
77023381024,FORWARD_PROPAGATE_LAYER,274,/model.22/ReduceMax:OpId_1455 (cycles),437106,cycles,DSP,yolov8l-simplified-modified
77023381024,FORWARD_PROPAGATE_LAYER,275,/model.18/m.0/cv1/act/Sigmoid:OpId_1457 (cycles),0,cycles,DSP,yolov8l-simplified-modified
77023381024,FORWARD_PROPAGATE_LAYER,276,/model.22/Softmax:OpId_1464 (cycles),1813517,cycles,DSP,yolov8l-simplified-modified
77023381024,FORWARD_PROPAGATE_LAYER,277,/model.18/m.0/cv1/act/Mul:OpId_1467 (cycles),265611,cycles,DSP,yolov8l-simplified-modified
77023381024,FORWARD_PROPAGATE_LAYER,278,/model.22/Transpose_1:OpId_1470 (cycles),121413,cycles,DSP,yolov8l-simplified-modified
77023381024,FORWARD_PROPAGATE_LAYER,279,/model.18/m.0/cv2/conv/Conv:OpId_1476 (cycles),0,cycles,DSP,yolov8l-simplified-modified
77023381024,FORWARD_PROPAGATE_LAYER,280,/model.22/proj_conv/Conv:OpId_1484 (cycles),181162,cycles,DSP,yolov8l-simplified-modified
77023381024,FORWARD_PROPAGATE_LAYER,281,/model.18/m.0/cv2/act/Sigmoid:OpId_1487 (cycles),0,cycles,DSP,yolov8l-simplified-modified
77023381024,FORWARD_PROPAGATE_LAYER,282,/model.22/Gather_output_0_pre_reshape.nchw:OpId_1495 (cycles),0,cycles,DSP,yolov8l-simplified-modified
77023381024,FORWARD_PROPAGATE_LAYER,283,Reshape_post_/model.22/Gather:OpId_1496 (cycles),156373,cycles,DSP,yolov8l-simplified-modified
77023381024,FORWARD_PROPAGATE_LAYER,284,/model.22/Reshape_1_output_0.nhwc:OpId_1498 (cycles),29480,cycles,DSP,yolov8l-simplified-modified
77023381024,FORWARD_PROPAGATE_LAYER,285,/model.18/m.0/cv2/act/Mul:OpId_1499 (cycles),256230,cycles,DSP,yolov8l-simplified-modified
77023381024,FORWARD_PROPAGATE_LAYER,286,/model.18/m.1/cv1/conv/Conv:OpId_1506 (cycles),0,cycles,DSP,yolov8l-simplified-modified
77023381024,FORWARD_PROPAGATE_LAYER,287,/model.22/Concat:OpId_1509 (cycles),89797,cycles,DSP,yolov8l-simplified-modified
77023381024,FORWARD_PROPAGATE_LAYER,288,/model.18/m.1/cv1/act/Sigmoid:OpId_1511 (cycles),0,cycles,DSP,yolov8l-simplified-modified
77023381024,FORWARD_PROPAGATE_LAYER,289,/model.18/m.1/cv1/act/Mul:OpId_1518 (cycles),256606,cycles,DSP,yolov8l-simplified-modified
77023381024,FORWARD_PROPAGATE_LAYER,290,/model.18/m.1/cv2/conv/Conv:OpId_1525 (cycles),0,cycles,DSP,yolov8l-simplified-modified
77023381024,FORWARD_PROPAGATE_LAYER,291,/model.18/m.1/cv2/act/Sigmoid:OpId_1528 (cycles),0,cycles,DSP,yolov8l-simplified-modified
77023381024,FORWARD_PROPAGATE_LAYER,292,/model.18/m.1/cv2/act/Mul:OpId_1535 (cycles),256406,cycles,DSP,yolov8l-simplified-modified
77023381024,FORWARD_PROPAGATE_LAYER,293,/model.18/m.2/cv1/conv/Conv:OpId_1542 (cycles),0,cycles,DSP,yolov8l-simplified-modified
77023381024,FORWARD_PROPAGATE_LAYER,294,/model.18/m.2/cv1/act/Sigmoid:OpId_1545 (cycles),0,cycles,DSP,yolov8l-simplified-modified
77023381024,FORWARD_PROPAGATE_LAYER,295,/model.18/m.2/cv1/act/Mul:OpId_1552 (cycles),254517,cycles,DSP,yolov8l-simplified-modified
77023381024,FORWARD_PROPAGATE_LAYER,296,/model.18/m.2/cv2/conv/Conv:OpId_1559 (cycles),0,cycles,DSP,yolov8l-simplified-modified
77023381024,FORWARD_PROPAGATE_LAYER,297,/model.18/m.2/cv2/act/Sigmoid:OpId_1562 (cycles),0,cycles,DSP,yolov8l-simplified-modified
77023381024,FORWARD_PROPAGATE_LAYER,298,/model.18/m.2/cv2/act/Mul:OpId_1569 (cycles),255925,cycles,DSP,yolov8l-simplified-modified
77023381024,FORWARD_PROPAGATE_LAYER,299,/model.18/Concat:OpId_1571 (cycles),0,cycles,DSP,yolov8l-simplified-modified
77023381024,FORWARD_PROPAGATE_LAYER,300,/model.18/cv2/conv/Conv:OpId_1578 (cycles),0,cycles,DSP,yolov8l-simplified-modified
77023381024,FORWARD_PROPAGATE_LAYER,301,/model.18/cv2/act/Sigmoid:OpId_1581 (cycles),0,cycles,DSP,yolov8l-simplified-modified
77023381024,FORWARD_PROPAGATE_LAYER,302,/model.18/cv2/act/Mul:OpId_1588 (cycles),318183,cycles,DSP,yolov8l-simplified-modified
77023381024,FORWARD_PROPAGATE_LAYER,303,/model.19/conv/Conv:OpId_1595 (cycles),0,cycles,DSP,yolov8l-simplified-modified
77023381024,FORWARD_PROPAGATE_LAYER,304,/model.22/cv2.1/cv2.1.0/conv/Conv:OpId_1603 (cycles),0,cycles,DSP,yolov8l-simplified-modified
77023381024,FORWARD_PROPAGATE_LAYER,305,/model.22/cv3.1/cv3.1.0/conv/Conv:OpId_1611 (cycles),0,cycles,DSP,yolov8l-simplified-modified
77023381024,FORWARD_PROPAGATE_LAYER,306,/model.19/act/Sigmoid:OpId_1614 (cycles),0,cycles,DSP,yolov8l-simplified-modified
77023381024,FORWARD_PROPAGATE_LAYER,307,/model.22/cv2.1/cv2.1.0/act/Sigmoid:OpId_1621 (cycles),0,cycles,DSP,yolov8l-simplified-modified
77023381024,FORWARD_PROPAGATE_LAYER,308,/model.22/cv3.1/cv3.1.0/act/Sigmoid:OpId_1628 (cycles),0,cycles,DSP,yolov8l-simplified-modified
77023381024,FORWARD_PROPAGATE_LAYER,309,/model.19/act/Mul:OpId_1635 (cycles),984383,cycles,DSP,yolov8l-simplified-modified
77023381024,FORWARD_PROPAGATE_LAYER,310,/model.22/cv2.1/cv2.1.0/act/Mul:OpId_1637 (cycles),124486,cycles,DSP,yolov8l-simplified-modified
77023381024,FORWARD_PROPAGATE_LAYER,311,/model.22/cv3.1/cv3.1.0/act/Mul:OpId_1639 (cycles),487604,cycles,DSP,yolov8l-simplified-modified
77023381024,FORWARD_PROPAGATE_LAYER,312,/model.20/Concat:OpId_1641 (cycles),0,cycles,DSP,yolov8l-simplified-modified
77023381024,FORWARD_PROPAGATE_LAYER,313,/model.22/cv2.1/cv2.1.1/conv/Conv:OpId_1648 (cycles),0,cycles,DSP,yolov8l-simplified-modified
77023381024,FORWARD_PROPAGATE_LAYER,314,/model.22/cv3.1/cv3.1.1/conv/Conv:OpId_1656 (cycles),0,cycles,DSP,yolov8l-simplified-modified
77023381024,FORWARD_PROPAGATE_LAYER,315,/model.21/cv1/conv/Conv:OpId_1664 (cycles),0,cycles,DSP,yolov8l-simplified-modified
77023381024,FORWARD_PROPAGATE_LAYER,316,/model.22/cv2.1/cv2.1.1/act/Sigmoid:OpId_1667 (cycles),0,cycles,DSP,yolov8l-simplified-modified
77023381024,FORWARD_PROPAGATE_LAYER,317,/model.22/cv3.1/cv3.1.1/act/Sigmoid:OpId_1674 (cycles),0,cycles,DSP,yolov8l-simplified-modified
77023381024,FORWARD_PROPAGATE_LAYER,318,/model.21/cv1/act/Sigmoid:OpId_1681 (cycles),0,cycles,DSP,yolov8l-simplified-modified
77023381024,FORWARD_PROPAGATE_LAYER,319,/model.22/cv2.1/cv2.1.1/act/Mul:OpId_1688 (cycles),21862,cycles,DSP,yolov8l-simplified-modified
77023381024,FORWARD_PROPAGATE_LAYER,320,/model.22/cv3.1/cv3.1.1/act/Mul:OpId_1690 (cycles),257445,cycles,DSP,yolov8l-simplified-modified
77023381024,FORWARD_PROPAGATE_LAYER,321,/model.21/cv1/act/Mul:OpId_1692 (cycles),92435,cycles,DSP,yolov8l-simplified-modified
77023381024,FORWARD_PROPAGATE_LAYER,322,/model.22/cv2.1/cv2.1.2/Conv:OpId_1699 (cycles),3465,cycles,DSP,yolov8l-simplified-modified
77023381024,FORWARD_PROPAGATE_LAYER,323,/model.22/cv2.1/cv2.1.2/Conv_output_0.nchw:OpId_1703 (cycles),259724,cycles,DSP,yolov8l-simplified-modified
77023381024,FORWARD_PROPAGATE_LAYER,324,/model.22/cv3.1/cv3.1.2/Conv:OpId_1709 (cycles),0,cycles,DSP,yolov8l-simplified-modified
77023381024,FORWARD_PROPAGATE_LAYER,325,/model.21/Slice:OpId_1713 (cycles),0,cycles,DSP,yolov8l-simplified-modified
77023381024,FORWARD_PROPAGATE_LAYER,326,/model.21/Slice_1:OpId_1719 (cycles),0,cycles,DSP,yolov8l-simplified-modified
77023381024,FORWARD_PROPAGATE_LAYER,327,/model.22/Reshape_2:OpId_1724 (cycles),3798,cycles,DSP,yolov8l-simplified-modified
77023381024,FORWARD_PROPAGATE_LAYER,328,/model.22/Sigmoid_1:OpId_1725 (cycles),86872,cycles,DSP,yolov8l-simplified-modified
77023381024,FORWARD_PROPAGATE_LAYER,329,/model.21/m.0/cv1/conv/Conv:OpId_1737 (cycles),0,cycles,DSP,yolov8l-simplified-modified
77023381024,FORWARD_PROPAGATE_LAYER,330,/model.22/Transpose_2:OpId_1741 (cycles),102870,cycles,DSP,yolov8l-simplified-modified
77023381024,FORWARD_PROPAGATE_LAYER,331,/model.22/ReduceMax_1:OpId_1743 (cycles),103904,cycles,DSP,yolov8l-simplified-modified
77023381024,FORWARD_PROPAGATE_LAYER,332,/model.21/m.0/cv1/act/Sigmoid:OpId_1745 (cycles),0,cycles,DSP,yolov8l-simplified-modified
77023381024,FORWARD_PROPAGATE_LAYER,333,/model.22/Softmax_1:OpId_1752 (cycles),517437,cycles,DSP,yolov8l-simplified-modified
77023381024,FORWARD_PROPAGATE_LAYER,334,/model.21/m.0/cv1/act/Mul:OpId_1755 (cycles),81644,cycles,DSP,yolov8l-simplified-modified
77023381024,FORWARD_PROPAGATE_LAYER,335,/model.22/Transpose_3:OpId_1758 (cycles),34889,cycles,DSP,yolov8l-simplified-modified
77023381024,FORWARD_PROPAGATE_LAYER,336,/model.21/m.0/cv2/conv/Conv:OpId_1764 (cycles),0,cycles,DSP,yolov8l-simplified-modified
77023381024,FORWARD_PROPAGATE_LAYER,337,/model.22/proj_conv_1/Conv:OpId_1771 (cycles),6551,cycles,DSP,yolov8l-simplified-modified
77023381024,FORWARD_PROPAGATE_LAYER,338,/model.21/m.0/cv2/act/Sigmoid:OpId_1774 (cycles),0,cycles,DSP,yolov8l-simplified-modified
77023381024,FORWARD_PROPAGATE_LAYER,339,/model.22/Gather_1_output_0_pre_reshape.nchw:OpId_1782 (cycles),0,cycles,DSP,yolov8l-simplified-modified
77023381024,FORWARD_PROPAGATE_LAYER,340,Reshape_post_/model.22/Gather_1:OpId_1783 (cycles),31760,cycles,DSP,yolov8l-simplified-modified
77023381024,FORWARD_PROPAGATE_LAYER,341,/model.22/Reshape_3_output_0.nhwc:OpId_1785 (cycles),5531,cycles,DSP,yolov8l-simplified-modified
77023381024,FORWARD_PROPAGATE_LAYER,342,/model.21/m.0/cv2/act/Mul:OpId_1786 (cycles),79837,cycles,DSP,yolov8l-simplified-modified
77023381024,FORWARD_PROPAGATE_LAYER,343,/model.21/m.1/cv1/conv/Conv:OpId_1793 (cycles),0,cycles,DSP,yolov8l-simplified-modified
77023381024,FORWARD_PROPAGATE_LAYER,344,/model.22/Concat_1:OpId_1796 (cycles),25987,cycles,DSP,yolov8l-simplified-modified
77023381024,FORWARD_PROPAGATE_LAYER,345,/model.21/m.1/cv1/act/Sigmoid:OpId_1798 (cycles),0,cycles,DSP,yolov8l-simplified-modified
77023381024,FORWARD_PROPAGATE_LAYER,346,/model.21/m.1/cv1/act/Mul:OpId_1805 (cycles),82685,cycles,DSP,yolov8l-simplified-modified
77023381024,FORWARD_PROPAGATE_LAYER,347,/model.21/m.1/cv2/conv/Conv:OpId_1812 (cycles),0,cycles,DSP,yolov8l-simplified-modified
77023381024,FORWARD_PROPAGATE_LAYER,348,/model.21/m.1/cv2/act/Sigmoid:OpId_1815 (cycles),0,cycles,DSP,yolov8l-simplified-modified
77023381024,FORWARD_PROPAGATE_LAYER,349,/model.21/m.1/cv2/act/Mul:OpId_1822 (cycles),79488,cycles,DSP,yolov8l-simplified-modified
77023381024,FORWARD_PROPAGATE_LAYER,350,/model.21/m.2/cv1/conv/Conv:OpId_1829 (cycles),0,cycles,DSP,yolov8l-simplified-modified
77023381024,FORWARD_PROPAGATE_LAYER,351,/model.21/m.2/cv1/act/Sigmoid:OpId_1832 (cycles),0,cycles,DSP,yolov8l-simplified-modified
77023381024,FORWARD_PROPAGATE_LAYER,352,/model.21/m.2/cv1/act/Mul:OpId_1839 (cycles),81536,cycles,DSP,yolov8l-simplified-modified
77023381024,FORWARD_PROPAGATE_LAYER,353,/model.21/m.2/cv2/conv/Conv:OpId_1846 (cycles),0,cycles,DSP,yolov8l-simplified-modified
77023381024,FORWARD_PROPAGATE_LAYER,354,/model.21/m.2/cv2/act/Sigmoid:OpId_1849 (cycles),0,cycles,DSP,yolov8l-simplified-modified
77023381024,FORWARD_PROPAGATE_LAYER,355,/model.21/m.2/cv2/act/Mul:OpId_1856 (cycles),81637,cycles,DSP,yolov8l-simplified-modified
77023381024,FORWARD_PROPAGATE_LAYER,356,/model.21/Concat:OpId_1858 (cycles),0,cycles,DSP,yolov8l-simplified-modified
77023381024,FORWARD_PROPAGATE_LAYER,357,/model.21/cv2/conv/Conv:OpId_1865 (cycles),0,cycles,DSP,yolov8l-simplified-modified
77023381024,FORWARD_PROPAGATE_LAYER,358,/model.21/cv2/act/Sigmoid:OpId_1868 (cycles),0,cycles,DSP,yolov8l-simplified-modified
77023381024,FORWARD_PROPAGATE_LAYER,359,/model.21/cv2/act/Mul:OpId_1875 (cycles),102099,cycles,DSP,yolov8l-simplified-modified
77023381024,FORWARD_PROPAGATE_LAYER,360,/model.22/cv2.2/cv2.2.0/conv/Conv:OpId_1882 (cycles),0,cycles,DSP,yolov8l-simplified-modified
77023381024,FORWARD_PROPAGATE_LAYER,361,/model.22/cv3.2/cv3.2.0/conv/Conv:OpId_1890 (cycles),0,cycles,DSP,yolov8l-simplified-modified
77023381024,FORWARD_PROPAGATE_LAYER,362,/model.22/cv2.2/cv2.2.0/act/Sigmoid:OpId_1893 (cycles),0,cycles,DSP,yolov8l-simplified-modified
77023381024,FORWARD_PROPAGATE_LAYER,363,/model.22/cv3.2/cv3.2.0/act/Sigmoid:OpId_1900 (cycles),0,cycles,DSP,yolov8l-simplified-modified
77023381024,FORWARD_PROPAGATE_LAYER,364,/model.22/cv2.2/cv2.2.0/act/Mul:OpId_1907 (cycles),40403,cycles,DSP,yolov8l-simplified-modified
77023381024,FORWARD_PROPAGATE_LAYER,365,/model.22/cv3.2/cv3.2.0/act/Mul:OpId_1909 (cycles),146732,cycles,DSP,yolov8l-simplified-modified
77023381024,FORWARD_PROPAGATE_LAYER,366,/model.22/cv2.2/cv2.2.1/conv/Conv:OpId_1916 (cycles),0,cycles,DSP,yolov8l-simplified-modified
77023381024,FORWARD_PROPAGATE_LAYER,367,/model.22/cv3.2/cv3.2.1/conv/Conv:OpId_1924 (cycles),0,cycles,DSP,yolov8l-simplified-modified
77023381024,FORWARD_PROPAGATE_LAYER,368,/model.22/cv2.2/cv2.2.1/act/Sigmoid:OpId_1927 (cycles),0,cycles,DSP,yolov8l-simplified-modified
77023381024,FORWARD_PROPAGATE_LAYER,369,/model.22/cv3.2/cv3.2.1/act/Sigmoid:OpId_1934 (cycles),0,cycles,DSP,yolov8l-simplified-modified
77023381024,FORWARD_PROPAGATE_LAYER,370,/model.22/cv2.2/cv2.2.1/act/Mul:OpId_1941 (cycles),7275,cycles,DSP,yolov8l-simplified-modified
77023381024,FORWARD_PROPAGATE_LAYER,371,/model.22/cv3.2/cv3.2.1/act/Mul:OpId_1943 (cycles),79238,cycles,DSP,yolov8l-simplified-modified
77023381024,FORWARD_PROPAGATE_LAYER,372,/model.22/cv2.2/cv2.2.2/Conv:OpId_1950 (cycles),2421,cycles,DSP,yolov8l-simplified-modified
77023381024,FORWARD_PROPAGATE_LAYER,373,/model.22/cv2.2/cv2.2.2/Conv_output_0.nchw:OpId_1954 (cycles),12873,cycles,DSP,yolov8l-simplified-modified
77023381024,FORWARD_PROPAGATE_LAYER,374,/model.22/cv3.2/cv3.2.2/Conv:OpId_1960 (cycles),0,cycles,DSP,yolov8l-simplified-modified
77023381024,FORWARD_PROPAGATE_LAYER,375,/model.22/Reshape_4:OpId_1963 (cycles),17693,cycles,DSP,yolov8l-simplified-modified
77023381024,FORWARD_PROPAGATE_LAYER,376,/model.22/Sigmoid_2:OpId_1964 (cycles),5994,cycles,DSP,yolov8l-simplified-modified
77023381024,FORWARD_PROPAGATE_LAYER,377,/model.22/Transpose_4:OpId_1972 (cycles),18949,cycles,DSP,yolov8l-simplified-modified
77023381024,FORWARD_PROPAGATE_LAYER,378,/model.22/ReduceMax_2:OpId_1974 (cycles),28191,cycles,DSP,yolov8l-simplified-modified
77023381024,FORWARD_PROPAGATE_LAYER,379,/model.22/Softmax_2:OpId_1976 (cycles),122708,cycles,DSP,yolov8l-simplified-modified
77023381024,FORWARD_PROPAGATE_LAYER,380,/model.22/Transpose_5:OpId_1980 (cycles),5607,cycles,DSP,yolov8l-simplified-modified
77023381024,FORWARD_PROPAGATE_LAYER,381,/model.22/proj_conv_2/Conv:OpId_1985 (cycles),1344,cycles,DSP,yolov8l-simplified-modified
77023381024,FORWARD_PROPAGATE_LAYER,382,/model.22/Gather_2_output_0_pre_reshape.nchw:OpId_1989 (cycles),0,cycles,DSP,yolov8l-simplified-modified
77023381024,FORWARD_PROPAGATE_LAYER,383,Reshape_post_/model.22/Gather_2:OpId_1990 (cycles),8112,cycles,DSP,yolov8l-simplified-modified
77023381024,FORWARD_PROPAGATE_LAYER,384,/model.22/Reshape_5_output_0.nhwc:OpId_1992 (cycles),2906,cycles,DSP,yolov8l-simplified-modified
77023381024,FORWARD_PROPAGATE_LAYER,385,/model.22/Concat_2:OpId_1993 (cycles),6299,cycles,DSP,yolov8l-simplified-modified
77023381024,FORWARD_PROPAGATE_LAYER,386,Output OpId_3 (cycles),770034,cycles,DSP,yolov8l-simplified-modified
77023381024,EXECUTE_TIME_SUBNET_0,,,38972367,cycles,DSP,yolov8l-simplified-modified
77023381024,TOTAL_INFERENCE_TIME,,,44644,us,,yolov8l-simplified-modified
77023381024,FORWARD_PROPAGATE,,,44603,us,,yolov8l-simplified-modified
77023381024,FORWARD_PROPAGATE_LAYER,0,Input OpId_2 (cycles),0,cycles,DSP,yolov8l-simplified-modified
77023381024,FORWARD_PROPAGATE_LAYER,1,/model.0/conv/Conv:OpId_21 (cycles),0,cycles,DSP,yolov8l-simplified-modified
77023381024,FORWARD_PROPAGATE_LAYER,2,/model.0/act/Sigmoid:OpId_24 (cycles),0,cycles,DSP,yolov8l-simplified-modified
77023381024,FORWARD_PROPAGATE_LAYER,3,/model.0/act/Mul:OpId_31 (cycles),1211548,cycles,DSP,yolov8l-simplified-modified
77023381024,FORWARD_PROPAGATE_LAYER,4,/model.1/conv/Conv:OpId_38 (cycles),0,cycles,DSP,yolov8l-simplified-modified
77023381024,FORWARD_PROPAGATE_LAYER,5,/model.1/act/Sigmoid:OpId_41 (cycles),0,cycles,DSP,yolov8l-simplified-modified
77023381024,FORWARD_PROPAGATE_LAYER,6,/model.1/act/Mul:OpId_48 (cycles),2260777,cycles,DSP,yolov8l-simplified-modified
77023381024,FORWARD_PROPAGATE_LAYER,7,/model.2/cv1/conv/Conv:OpId_55 (cycles),0,cycles,DSP,yolov8l-simplified-modified
77023381024,FORWARD_PROPAGATE_LAYER,8,/model.2/cv1/act/Sigmoid:OpId_58 (cycles),0,cycles,DSP,yolov8l-simplified-modified
77023381024,FORWARD_PROPAGATE_LAYER,9,/model.2/cv1/act/Mul:OpId_65 (cycles),348359,cycles,DSP,yolov8l-simplified-modified
77023381024,FORWARD_PROPAGATE_LAYER,10,/model.2/Slice:OpId_68 (cycles),0,cycles,DSP,yolov8l-simplified-modified
77023381024,FORWARD_PROPAGATE_LAYER,11,/model.2/Slice_1:OpId_74 (cycles),0,cycles,DSP,yolov8l-simplified-modified
77023381024,FORWARD_PROPAGATE_LAYER,12,/model.2/m.0/cv1/conv/Conv:OpId_84 (cycles),0,cycles,DSP,yolov8l-simplified-modified
77023381024,FORWARD_PROPAGATE_LAYER,13,/model.2/m.0/cv1/act/Sigmoid:OpId_87 (cycles),0,cycles,DSP,yolov8l-simplified-modified
77023381024,FORWARD_PROPAGATE_LAYER,14,/model.2/m.0/cv1/act/Mul:OpId_94 (cycles),322701,cycles,DSP,yolov8l-simplified-modified
77023381024,FORWARD_PROPAGATE_LAYER,15,/model.2/m.0/cv2/conv/Conv:OpId_101 (cycles),0,cycles,DSP,yolov8l-simplified-modified
77023381024,FORWARD_PROPAGATE_LAYER,16,/model.2/m.0/cv2/act/Sigmoid:OpId_104 (cycles),0,cycles,DSP,yolov8l-simplified-modified
77023381024,FORWARD_PROPAGATE_LAYER,17,/model.2/m.0/cv2/act/Mul:OpId_111 (cycles),316754,cycles,DSP,yolov8l-simplified-modified
77023381024,FORWARD_PROPAGATE_LAYER,18,/model.2/m.0/Add:OpId_113 (cycles),53676,cycles,DSP,yolov8l-simplified-modified
77023381024,FORWARD_PROPAGATE_LAYER,19,/model.2/m.1/cv1/conv/Conv:OpId_120 (cycles),0,cycles,DSP,yolov8l-simplified-modified
77023381024,FORWARD_PROPAGATE_LAYER,20,/model.2/m.1/cv1/act/Sigmoid:OpId_123 (cycles),0,cycles,DSP,yolov8l-simplified-modified
77023381024,FORWARD_PROPAGATE_LAYER,21,/model.2/m.1/cv1/act/Mul:OpId_130 (cycles),322826,cycles,DSP,yolov8l-simplified-modified
77023381024,FORWARD_PROPAGATE_LAYER,22,/model.2/m.1/cv2/conv/Conv:OpId_137 (cycles),0,cycles,DSP,yolov8l-simplified-modified
77023381024,FORWARD_PROPAGATE_LAYER,23,/model.2/m.1/cv2/act/Sigmoid:OpId_140 (cycles),0,cycles,DSP,yolov8l-simplified-modified
77023381024,FORWARD_PROPAGATE_LAYER,24,/model.2/m.1/cv2/act/Mul:OpId_147 (cycles),316617,cycles,DSP,yolov8l-simplified-modified
77023381024,FORWARD_PROPAGATE_LAYER,25,/model.2/m.1/Add:OpId_149 (cycles),31954,cycles,DSP,yolov8l-simplified-modified
77023381024,FORWARD_PROPAGATE_LAYER,26,/model.2/m.2/cv1/conv/Conv:OpId_156 (cycles),0,cycles,DSP,yolov8l-simplified-modified
77023381024,FORWARD_PROPAGATE_LAYER,27,/model.2/m.2/cv1/act/Sigmoid:OpId_159 (cycles),0,cycles,DSP,yolov8l-simplified-modified
77023381024,FORWARD_PROPAGATE_LAYER,28,/model.2/m.2/cv1/act/Mul:OpId_166 (cycles),322117,cycles,DSP,yolov8l-simplified-modified
77023381024,FORWARD_PROPAGATE_LAYER,29,/model.2/m.2/cv2/conv/Conv:OpId_173 (cycles),0,cycles,DSP,yolov8l-simplified-modified
77023381024,FORWARD_PROPAGATE_LAYER,30,/model.2/m.2/cv2/act/Sigmoid:OpId_176 (cycles),0,cycles,DSP,yolov8l-simplified-modified
77023381024,FORWARD_PROPAGATE_LAYER,31,/model.2/m.2/cv2/act/Mul:OpId_183 (cycles),315328,cycles,DSP,yolov8l-simplified-modified
77023381024,FORWARD_PROPAGATE_LAYER,32,/model.2/m.2/Add:OpId_185 (cycles),28840,cycles,DSP,yolov8l-simplified-modified
77023381024,FORWARD_PROPAGATE_LAYER,33,/model.2/Concat:OpId_187 (cycles),0,cycles,DSP,yolov8l-simplified-modified
77023381024,FORWARD_PROPAGATE_LAYER,34,/model.2/cv2/conv/Conv:OpId_194 (cycles),0,cycles,DSP,yolov8l-simplified-modified
77023381024,FORWARD_PROPAGATE_LAYER,35,/model.2/cv2/act/Sigmoid:OpId_197 (cycles),0,cycles,DSP,yolov8l-simplified-modified
77023381024,FORWARD_PROPAGATE_LAYER,36,/model.2/cv2/act/Mul:OpId_204 (cycles),470000,cycles,DSP,yolov8l-simplified-modified
77023381024,FORWARD_PROPAGATE_LAYER,37,/model.3/conv/Conv:OpId_211 (cycles),0,cycles,DSP,yolov8l-simplified-modified
77023381024,FORWARD_PROPAGATE_LAYER,38,/model.3/act/Sigmoid:OpId_214 (cycles),0,cycles,DSP,yolov8l-simplified-modified
77023381024,FORWARD_PROPAGATE_LAYER,39,/model.3/act/Mul:OpId_221 (cycles),1434102,cycles,DSP,yolov8l-simplified-modified
77023381024,FORWARD_PROPAGATE_LAYER,40,/model.4/cv1/conv/Conv:OpId_228 (cycles),0,cycles,DSP,yolov8l-simplified-modified
77023381024,FORWARD_PROPAGATE_LAYER,41,/model.4/cv1/act/Sigmoid:OpId_231 (cycles),0,cycles,DSP,yolov8l-simplified-modified
77023381024,FORWARD_PROPAGATE_LAYER,42,/model.4/cv1/act/Mul:OpId_238 (cycles),207980,cycles,DSP,yolov8l-simplified-modified
77023381024,FORWARD_PROPAGATE_LAYER,43,/model.4/Slice:OpId_241 (cycles),0,cycles,DSP,yolov8l-simplified-modified
77023381024,FORWARD_PROPAGATE_LAYER,44,/model.4/Slice_1:OpId_247 (cycles),0,cycles,DSP,yolov8l-simplified-modified
77023381024,FORWARD_PROPAGATE_LAYER,45,/model.4/m.0/cv1/conv/Conv:OpId_257 (cycles),0,cycles,DSP,yolov8l-simplified-modified
77023381024,FORWARD_PROPAGATE_LAYER,46,/model.4/m.0/cv1/act/Sigmoid:OpId_260 (cycles),0,cycles,DSP,yolov8l-simplified-modified
77023381024,FORWARD_PROPAGATE_LAYER,47,/model.4/m.0/cv1/act/Mul:OpId_267 (cycles),275403,cycles,DSP,yolov8l-simplified-modified
77023381024,FORWARD_PROPAGATE_LAYER,48,/model.4/m.0/cv2/conv/Conv:OpId_274 (cycles),0,cycles,DSP,yolov8l-simplified-modified
77023381024,FORWARD_PROPAGATE_LAYER,49,/model.4/m.0/cv2/act/Sigmoid:OpId_277 (cycles),0,cycles,DSP,yolov8l-simplified-modified
77023381024,FORWARD_PROPAGATE_LAYER,50,/model.4/m.0/cv2/act/Mul:OpId_284 (cycles),274837,cycles,DSP,yolov8l-simplified-modified
77023381024,FORWARD_PROPAGATE_LAYER,51,/model.4/m.0/Add:OpId_286 (cycles),34946,cycles,DSP,yolov8l-simplified-modified
77023381024,FORWARD_PROPAGATE_LAYER,52,/model.4/m.1/cv1/conv/Conv:OpId_293 (cycles),0,cycles,DSP,yolov8l-simplified-modified
77023381024,FORWARD_PROPAGATE_LAYER,53,/model.4/m.1/cv1/act/Sigmoid:OpId_296 (cycles),0,cycles,DSP,yolov8l-simplified-modified
77023381024,FORWARD_PROPAGATE_LAYER,54,/model.4/m.1/cv1/act/Mul:OpId_303 (cycles),277860,cycles,DSP,yolov8l-simplified-modified
77023381024,FORWARD_PROPAGATE_LAYER,55,/model.4/m.1/cv2/conv/Conv:OpId_310 (cycles),0,cycles,DSP,yolov8l-simplified-modified
77023381024,FORWARD_PROPAGATE_LAYER,56,/model.4/m.1/cv2/act/Sigmoid:OpId_313 (cycles),0,cycles,DSP,yolov8l-simplified-modified
77023381024,FORWARD_PROPAGATE_LAYER,57,/model.4/m.1/cv2/act/Mul:OpId_320 (cycles),273853,cycles,DSP,yolov8l-simplified-modified
77023381024,FORWARD_PROPAGATE_LAYER,58,/model.4/m.1/Add:OpId_322 (cycles),31447,cycles,DSP,yolov8l-simplified-modified
77023381024,FORWARD_PROPAGATE_LAYER,59,/model.4/m.2/cv1/conv/Conv:OpId_329 (cycles),0,cycles,DSP,yolov8l-simplified-modified
77023381024,FORWARD_PROPAGATE_LAYER,60,/model.4/m.2/cv1/act/Sigmoid:OpId_332 (cycles),0,cycles,DSP,yolov8l-simplified-modified
77023381024,FORWARD_PROPAGATE_LAYER,61,/model.4/m.2/cv1/act/Mul:OpId_339 (cycles),286039,cycles,DSP,yolov8l-simplified-modified
77023381024,FORWARD_PROPAGATE_LAYER,62,/model.4/m.2/cv2/conv/Conv:OpId_346 (cycles),0,cycles,DSP,yolov8l-simplified-modified
77023381024,FORWARD_PROPAGATE_LAYER,63,/model.4/m.2/cv2/act/Sigmoid:OpId_349 (cycles),0,cycles,DSP,yolov8l-simplified-modified
77023381024,FORWARD_PROPAGATE_LAYER,64,/model.4/m.2/cv2/act/Mul:OpId_356 (cycles),275234,cycles,DSP,yolov8l-simplified-modified
77023381024,FORWARD_PROPAGATE_LAYER,65,/model.4/m.2/Add:OpId_358 (cycles),44764,cycles,DSP,yolov8l-simplified-modified
77023381024,FORWARD_PROPAGATE_LAYER,66,/model.4/m.3/cv1/conv/Conv:OpId_365 (cycles),0,cycles,DSP,yolov8l-simplified-modified
77023381024,FORWARD_PROPAGATE_LAYER,67,/model.4/m.3/cv1/act/Sigmoid:OpId_368 (cycles),0,cycles,DSP,yolov8l-simplified-modified
77023381024,FORWARD_PROPAGATE_LAYER,68,/model.4/m.3/cv1/act/Mul:OpId_375 (cycles),302641,cycles,DSP,yolov8l-simplified-modified
77023381024,FORWARD_PROPAGATE_LAYER,69,/model.4/m.3/cv2/conv/Conv:OpId_382 (cycles),0,cycles,DSP,yolov8l-simplified-modified
77023381024,FORWARD_PROPAGATE_LAYER,70,/model.4/m.3/cv2/act/Sigmoid:OpId_385 (cycles),0,cycles,DSP,yolov8l-simplified-modified
77023381024,FORWARD_PROPAGATE_LAYER,71,/model.4/m.3/cv2/act/Mul:OpId_392 (cycles),274022,cycles,DSP,yolov8l-simplified-modified
77023381024,FORWARD_PROPAGATE_LAYER,72,/model.4/m.3/Add:OpId_394 (cycles),22144,cycles,DSP,yolov8l-simplified-modified
77023381024,FORWARD_PROPAGATE_LAYER,73,/model.4/m.4/cv1/conv/Conv:OpId_401 (cycles),0,cycles,DSP,yolov8l-simplified-modified
77023381024,FORWARD_PROPAGATE_LAYER,74,/model.4/m.4/cv1/act/Sigmoid:OpId_404 (cycles),0,cycles,DSP,yolov8l-simplified-modified
77023381024,FORWARD_PROPAGATE_LAYER,75,/model.4/m.4/cv1/act/Mul:OpId_411 (cycles),303615,cycles,DSP,yolov8l-simplified-modified
77023381024,FORWARD_PROPAGATE_LAYER,76,/model.4/m.4/cv2/conv/Conv:OpId_418 (cycles),0,cycles,DSP,yolov8l-simplified-modified
77023381024,FORWARD_PROPAGATE_LAYER,77,/model.4/m.4/cv2/act/Sigmoid:OpId_421 (cycles),0,cycles,DSP,yolov8l-simplified-modified
77023381024,FORWARD_PROPAGATE_LAYER,78,/model.4/m.4/cv2/act/Mul:OpId_428 (cycles),273489,cycles,DSP,yolov8l-simplified-modified
77023381024,FORWARD_PROPAGATE_LAYER,79,/model.4/m.4/Add:OpId_430 (cycles),15702,cycles,DSP,yolov8l-simplified-modified
77023381024,FORWARD_PROPAGATE_LAYER,80,/model.4/m.5/cv1/conv/Conv:OpId_437 (cycles),0,cycles,DSP,yolov8l-simplified-modified
77023381024,FORWARD_PROPAGATE_LAYER,81,/model.4/m.5/cv1/act/Sigmoid:OpId_440 (cycles),0,cycles,DSP,yolov8l-simplified-modified
77023381024,FORWARD_PROPAGATE_LAYER,82,/model.4/m.5/cv1/act/Mul:OpId_447 (cycles),305787,cycles,DSP,yolov8l-simplified-modified
77023381024,FORWARD_PROPAGATE_LAYER,83,/model.4/m.5/cv2/conv/Conv:OpId_454 (cycles),0,cycles,DSP,yolov8l-simplified-modified
77023381024,FORWARD_PROPAGATE_LAYER,84,/model.4/m.5/cv2/act/Sigmoid:OpId_457 (cycles),0,cycles,DSP,yolov8l-simplified-modified
77023381024,FORWARD_PROPAGATE_LAYER,85,/model.4/m.5/cv2/act/Mul:OpId_464 (cycles),274966,cycles,DSP,yolov8l-simplified-modified
77023381024,FORWARD_PROPAGATE_LAYER,86,/model.4/m.5/Add:OpId_466 (cycles),15557,cycles,DSP,yolov8l-simplified-modified
77023381024,FORWARD_PROPAGATE_LAYER,87,/model.4/Concat:OpId_468 (cycles),0,cycles,DSP,yolov8l-simplified-modified
77023381024,FORWARD_PROPAGATE_LAYER,88,/model.4/cv2/conv/Conv:OpId_475 (cycles),0,cycles,DSP,yolov8l-simplified-modified
77023381024,FORWARD_PROPAGATE_LAYER,89,/model.4/cv2/act/Sigmoid:OpId_478 (cycles),0,cycles,DSP,yolov8l-simplified-modified
77023381024,FORWARD_PROPAGATE_LAYER,90,/model.4/cv2/act/Mul:OpId_485 (cycles),612055,cycles,DSP,yolov8l-simplified-modified
77023381024,FORWARD_PROPAGATE_LAYER,91,/model.5/conv/Conv:OpId_492 (cycles),0,cycles,DSP,yolov8l-simplified-modified
77023381024,FORWARD_PROPAGATE_LAYER,92,/model.5/act/Sigmoid:OpId_495 (cycles),0,cycles,DSP,yolov8l-simplified-modified
77023381024,FORWARD_PROPAGATE_LAYER,93,/model.5/act/Mul:OpId_502 (cycles),1100245,cycles,DSP,yolov8l-simplified-modified
77023381024,FORWARD_PROPAGATE_LAYER,94,/model.6/cv1/conv/Conv:OpId_509 (cycles),0,cycles,DSP,yolov8l-simplified-modified
77023381024,FORWARD_PROPAGATE_LAYER,95,/model.6/cv1/act/Sigmoid:OpId_512 (cycles),0,cycles,DSP,yolov8l-simplified-modified
77023381024,FORWARD_PROPAGATE_LAYER,96,/model.6/cv1/act/Mul:OpId_519 (cycles),155951,cycles,DSP,yolov8l-simplified-modified
77023381024,FORWARD_PROPAGATE_LAYER,97,/model.6/Slice:OpId_522 (cycles),0,cycles,DSP,yolov8l-simplified-modified
77023381024,FORWARD_PROPAGATE_LAYER,98,/model.6/Slice_1:OpId_528 (cycles),0,cycles,DSP,yolov8l-simplified-modified
77023381024,FORWARD_PROPAGATE_LAYER,99,/model.6/m.0/cv1/conv/Conv:OpId_538 (cycles),0,cycles,DSP,yolov8l-simplified-modified
77023381024,FORWARD_PROPAGATE_LAYER,100,/model.6/m.0/cv1/act/Sigmoid:OpId_541 (cycles),0,cycles,DSP,yolov8l-simplified-modified
77023381024,FORWARD_PROPAGATE_LAYER,101,/model.6/m.0/cv1/act/Mul:OpId_548 (cycles),257158,cycles,DSP,yolov8l-simplified-modified
77023381024,FORWARD_PROPAGATE_LAYER,102,/model.6/m.0/cv2/conv/Conv:OpId_555 (cycles),0,cycles,DSP,yolov8l-simplified-modified
77023381024,FORWARD_PROPAGATE_LAYER,103,/model.6/m.0/cv2/act/Sigmoid:OpId_558 (cycles),0,cycles,DSP,yolov8l-simplified-modified
77023381024,FORWARD_PROPAGATE_LAYER,104,/model.6/m.0/cv2/act/Mul:OpId_565 (cycles),286432,cycles,DSP,yolov8l-simplified-modified
77023381024,FORWARD_PROPAGATE_LAYER,105,/model.6/m.0/Add:OpId_567 (cycles),19200,cycles,DSP,yolov8l-simplified-modified
77023381024,FORWARD_PROPAGATE_LAYER,106,/model.6/m.1/cv1/conv/Conv:OpId_574 (cycles),0,cycles,DSP,yolov8l-simplified-modified
77023381024,FORWARD_PROPAGATE_LAYER,107,/model.6/m.1/cv1/act/Sigmoid:OpId_577 (cycles),0,cycles,DSP,yolov8l-simplified-modified
77023381024,FORWARD_PROPAGATE_LAYER,108,/model.6/m.1/cv1/act/Mul:OpId_584 (cycles),255692,cycles,DSP,yolov8l-simplified-modified
77023381024,FORWARD_PROPAGATE_LAYER,109,/model.6/m.1/cv2/conv/Conv:OpId_591 (cycles),0,cycles,DSP,yolov8l-simplified-modified
77023381024,FORWARD_PROPAGATE_LAYER,110,/model.6/m.1/cv2/act/Sigmoid:OpId_594 (cycles),0,cycles,DSP,yolov8l-simplified-modified
77023381024,FORWARD_PROPAGATE_LAYER,111,/model.6/m.1/cv2/act/Mul:OpId_601 (cycles),286103,cycles,DSP,yolov8l-simplified-modified
77023381024,FORWARD_PROPAGATE_LAYER,112,/model.6/m.1/Add:OpId_603 (cycles),17655,cycles,DSP,yolov8l-simplified-modified
77023381024,FORWARD_PROPAGATE_LAYER,113,/model.6/m.2/cv1/conv/Conv:OpId_610 (cycles),0,cycles,DSP,yolov8l-simplified-modified
77023381024,FORWARD_PROPAGATE_LAYER,114,/model.6/m.2/cv1/act/Sigmoid:OpId_613 (cycles),0,cycles,DSP,yolov8l-simplified-modified
77023381024,FORWARD_PROPAGATE_LAYER,115,/model.6/m.2/cv1/act/Mul:OpId_620 (cycles),278660,cycles,DSP,yolov8l-simplified-modified
77023381024,FORWARD_PROPAGATE_LAYER,116,/model.6/m.2/cv2/conv/Conv:OpId_627 (cycles),0,cycles,DSP,yolov8l-simplified-modified
77023381024,FORWARD_PROPAGATE_LAYER,117,/model.6/m.2/cv2/act/Sigmoid:OpId_630 (cycles),0,cycles,DSP,yolov8l-simplified-modified
77023381024,FORWARD_PROPAGATE_LAYER,118,/model.6/m.2/cv2/act/Mul:OpId_637 (cycles),285079,cycles,DSP,yolov8l-simplified-modified
77023381024,FORWARD_PROPAGATE_LAYER,119,/model.6/m.2/Add:OpId_639 (cycles),18136,cycles,DSP,yolov8l-simplified-modified
77023381024,FORWARD_PROPAGATE_LAYER,120,/model.6/m.3/cv1/conv/Conv:OpId_646 (cycles),0,cycles,DSP,yolov8l-simplified-modified
77023381024,FORWARD_PROPAGATE_LAYER,121,/model.6/m.3/cv1/act/Sigmoid:OpId_649 (cycles),0,cycles,DSP,yolov8l-simplified-modified
77023381024,FORWARD_PROPAGATE_LAYER,122,/model.6/m.3/cv1/act/Mul:OpId_656 (cycles),280717,cycles,DSP,yolov8l-simplified-modified
77023381024,FORWARD_PROPAGATE_LAYER,123,/model.6/m.3/cv2/conv/Conv:OpId_663 (cycles),0,cycles,DSP,yolov8l-simplified-modified
77023381024,FORWARD_PROPAGATE_LAYER,124,/model.6/m.3/cv2/act/Sigmoid:OpId_666 (cycles),0,cycles,DSP,yolov8l-simplified-modified
77023381024,FORWARD_PROPAGATE_LAYER,125,/model.6/m.3/cv2/act/Mul:OpId_673 (cycles),286676,cycles,DSP,yolov8l-simplified-modified
77023381024,FORWARD_PROPAGATE_LAYER,126,/model.6/m.3/Add:OpId_675 (cycles),19215,cycles,DSP,yolov8l-simplified-modified
77023381024,FORWARD_PROPAGATE_LAYER,127,/model.6/m.4/cv1/conv/Conv:OpId_682 (cycles),0,cycles,DSP,yolov8l-simplified-modified
77023381024,FORWARD_PROPAGATE_LAYER,128,/model.6/m.4/cv1/act/Sigmoid:OpId_685 (cycles),0,cycles,DSP,yolov8l-simplified-modified
77023381024,FORWARD_PROPAGATE_LAYER,129,/model.6/m.4/cv1/act/Mul:OpId_692 (cycles),288017,cycles,DSP,yolov8l-simplified-modified
77023381024,FORWARD_PROPAGATE_LAYER,130,/model.6/m.4/cv2/conv/Conv:OpId_699 (cycles),0,cycles,DSP,yolov8l-simplified-modified
77023381024,FORWARD_PROPAGATE_LAYER,131,/model.6/m.4/cv2/act/Sigmoid:OpId_702 (cycles),0,cycles,DSP,yolov8l-simplified-modified
77023381024,FORWARD_PROPAGATE_LAYER,132,/model.6/m.4/cv2/act/Mul:OpId_709 (cycles),285220,cycles,DSP,yolov8l-simplified-modified
77023381024,FORWARD_PROPAGATE_LAYER,133,/model.6/m.4/Add:OpId_711 (cycles),16622,cycles,DSP,yolov8l-simplified-modified
77023381024,FORWARD_PROPAGATE_LAYER,134,/model.6/m.5/cv1/conv/Conv:OpId_718 (cycles),0,cycles,DSP,yolov8l-simplified-modified
77023381024,FORWARD_PROPAGATE_LAYER,135,/model.6/m.5/cv1/act/Sigmoid:OpId_721 (cycles),0,cycles,DSP,yolov8l-simplified-modified
77023381024,FORWARD_PROPAGATE_LAYER,136,/model.6/m.5/cv1/act/Mul:OpId_728 (cycles),296140,cycles,DSP,yolov8l-simplified-modified
77023381024,FORWARD_PROPAGATE_LAYER,137,/model.6/m.5/cv2/conv/Conv:OpId_735 (cycles),0,cycles,DSP,yolov8l-simplified-modified
77023381024,FORWARD_PROPAGATE_LAYER,138,/model.6/m.5/cv2/act/Sigmoid:OpId_738 (cycles),0,cycles,DSP,yolov8l-simplified-modified
77023381024,FORWARD_PROPAGATE_LAYER,139,/model.6/m.5/cv2/act/Mul:OpId_745 (cycles),283504,cycles,DSP,yolov8l-simplified-modified
77023381024,FORWARD_PROPAGATE_LAYER,140,/model.6/m.5/Add:OpId_747 (cycles),18654,cycles,DSP,yolov8l-simplified-modified
77023381024,FORWARD_PROPAGATE_LAYER,141,/model.6/Concat:OpId_749 (cycles),0,cycles,DSP,yolov8l-simplified-modified
77023381024,FORWARD_PROPAGATE_LAYER,142,/model.6/cv2/conv/Conv:OpId_756 (cycles),0,cycles,DSP,yolov8l-simplified-modified
77023381024,FORWARD_PROPAGATE_LAYER,143,/model.6/cv2/act/Sigmoid:OpId_759 (cycles),0,cycles,DSP,yolov8l-simplified-modified
77023381024,FORWARD_PROPAGATE_LAYER,144,/model.6/cv2/act/Mul:OpId_766 (cycles),556522,cycles,DSP,yolov8l-simplified-modified
77023381024,FORWARD_PROPAGATE_LAYER,145,/model.7/conv/Conv:OpId_773 (cycles),0,cycles,DSP,yolov8l-simplified-modified
77023381024,FORWARD_PROPAGATE_LAYER,146,/model.7/act/Sigmoid:OpId_776 (cycles),0,cycles,DSP,yolov8l-simplified-modified
77023381024,FORWARD_PROPAGATE_LAYER,147,/model.7/act/Mul:OpId_783 (cycles),1000412,cycles,DSP,yolov8l-simplified-modified
77023381024,FORWARD_PROPAGATE_LAYER,148,/model.8/cv1/conv/Conv:OpId_790 (cycles),0,cycles,DSP,yolov8l-simplified-modified
77023381024,FORWARD_PROPAGATE_LAYER,149,/model.8/cv1/act/Sigmoid:OpId_793 (cycles),0,cycles,DSP,yolov8l-simplified-modified
77023381024,FORWARD_PROPAGATE_LAYER,150,/model.8/cv1/act/Mul:OpId_800 (cycles),51814,cycles,DSP,yolov8l-simplified-modified
77023381024,FORWARD_PROPAGATE_LAYER,151,/model.8/Slice:OpId_803 (cycles),0,cycles,DSP,yolov8l-simplified-modified
77023381024,FORWARD_PROPAGATE_LAYER,152,/model.8/Slice_1:OpId_809 (cycles),0,cycles,DSP,yolov8l-simplified-modified
77023381024,FORWARD_PROPAGATE_LAYER,153,/model.8/m.0/cv1/conv/Conv:OpId_819 (cycles),0,cycles,DSP,yolov8l-simplified-modified
77023381024,FORWARD_PROPAGATE_LAYER,154,/model.8/m.0/cv1/act/Sigmoid:OpId_822 (cycles),0,cycles,DSP,yolov8l-simplified-modified
77023381024,FORWARD_PROPAGATE_LAYER,155,/model.8/m.0/cv1/act/Mul:OpId_829 (cycles),84345,cycles,DSP,yolov8l-simplified-modified
77023381024,FORWARD_PROPAGATE_LAYER,156,/model.8/m.0/cv2/conv/Conv:OpId_836 (cycles),0,cycles,DSP,yolov8l-simplified-modified
77023381024,FORWARD_PROPAGATE_LAYER,157,/model.8/m.0/cv2/act/Sigmoid:OpId_839 (cycles),0,cycles,DSP,yolov8l-simplified-modified
77023381024,FORWARD_PROPAGATE_LAYER,158,/model.8/m.0/cv2/act/Mul:OpId_846 (cycles),79098,cycles,DSP,yolov8l-simplified-modified
77023381024,FORWARD_PROPAGATE_LAYER,159,/model.8/m.0/Add:OpId_848 (cycles),5238,cycles,DSP,yolov8l-simplified-modified
77023381024,FORWARD_PROPAGATE_LAYER,160,/model.8/m.1/cv1/conv/Conv:OpId_855 (cycles),0,cycles,DSP,yolov8l-simplified-modified
77023381024,FORWARD_PROPAGATE_LAYER,161,/model.8/m.1/cv1/act/Sigmoid:OpId_858 (cycles),0,cycles,DSP,yolov8l-simplified-modified
77023381024,FORWARD_PROPAGATE_LAYER,162,/model.8/m.1/cv1/act/Mul:OpId_865 (cycles),81596,cycles,DSP,yolov8l-simplified-modified
77023381024,FORWARD_PROPAGATE_LAYER,163,/model.8/m.1/cv2/conv/Conv:OpId_872 (cycles),0,cycles,DSP,yolov8l-simplified-modified
77023381024,FORWARD_PROPAGATE_LAYER,164,/model.8/m.1/cv2/act/Sigmoid:OpId_875 (cycles),0,cycles,DSP,yolov8l-simplified-modified
77023381024,FORWARD_PROPAGATE_LAYER,165,/model.8/m.1/cv2/act/Mul:OpId_882 (cycles),79381,cycles,DSP,yolov8l-simplified-modified
77023381024,FORWARD_PROPAGATE_LAYER,166,/model.8/m.1/Add:OpId_884 (cycles),6752,cycles,DSP,yolov8l-simplified-modified
77023381024,FORWARD_PROPAGATE_LAYER,167,/model.8/m.2/cv1/conv/Conv:OpId_891 (cycles),0,cycles,DSP,yolov8l-simplified-modified
77023381024,FORWARD_PROPAGATE_LAYER,168,/model.8/m.2/cv1/act/Sigmoid:OpId_894 (cycles),0,cycles,DSP,yolov8l-simplified-modified
77023381024,FORWARD_PROPAGATE_LAYER,169,/model.8/m.2/cv1/act/Mul:OpId_901 (cycles),81302,cycles,DSP,yolov8l-simplified-modified
77023381024,FORWARD_PROPAGATE_LAYER,170,/model.8/m.2/cv2/conv/Conv:OpId_908 (cycles),0,cycles,DSP,yolov8l-simplified-modified
77023381024,FORWARD_PROPAGATE_LAYER,171,/model.8/m.2/cv2/act/Sigmoid:OpId_911 (cycles),0,cycles,DSP,yolov8l-simplified-modified
77023381024,FORWARD_PROPAGATE_LAYER,172,/model.8/m.2/cv2/act/Mul:OpId_918 (cycles),78958,cycles,DSP,yolov8l-simplified-modified
77023381024,FORWARD_PROPAGATE_LAYER,173,/model.8/m.2/Add:OpId_920 (cycles),4829,cycles,DSP,yolov8l-simplified-modified
77023381024,FORWARD_PROPAGATE_LAYER,174,/model.8/Concat:OpId_922 (cycles),0,cycles,DSP,yolov8l-simplified-modified
77023381024,FORWARD_PROPAGATE_LAYER,175,/model.8/cv2/conv/Conv:OpId_929 (cycles),0,cycles,DSP,yolov8l-simplified-modified
77023381024,FORWARD_PROPAGATE_LAYER,176,/model.8/cv2/act/Sigmoid:OpId_932 (cycles),0,cycles,DSP,yolov8l-simplified-modified
77023381024,FORWARD_PROPAGATE_LAYER,177,/model.8/cv2/act/Mul:OpId_939 (cycles),97775,cycles,DSP,yolov8l-simplified-modified
77023381024,FORWARD_PROPAGATE_LAYER,178,/model.9/cv1/conv/Conv:OpId_946 (cycles),0,cycles,DSP,yolov8l-simplified-modified
77023381024,FORWARD_PROPAGATE_LAYER,179,/model.9/cv1/act/Sigmoid:OpId_949 (cycles),0,cycles,DSP,yolov8l-simplified-modified
77023381024,FORWARD_PROPAGATE_LAYER,180,/model.9/cv1/act/Mul:OpId_956 (cycles),22759,cycles,DSP,yolov8l-simplified-modified
77023381024,FORWARD_PROPAGATE_LAYER,181,/model.9/m/MaxPool:OpId_961 (cycles),235624,cycles,DSP,yolov8l-simplified-modified
77023381024,FORWARD_PROPAGATE_LAYER,182,/model.9/m_1/MaxPool:OpId_966 (cycles),193121,cycles,DSP,yolov8l-simplified-modified
77023381024,FORWARD_PROPAGATE_LAYER,183,/model.9/m_2/MaxPool:OpId_971 (cycles),194503,cycles,DSP,yolov8l-simplified-modified
77023381024,FORWARD_PROPAGATE_LAYER,184,/model.9/Concat:OpId_973 (cycles),0,cycles,DSP,yolov8l-simplified-modified
77023381024,FORWARD_PROPAGATE_LAYER,185,/model.9/cv2/conv/Conv:OpId_980 (cycles),0,cycles,DSP,yolov8l-simplified-modified
77023381024,FORWARD_PROPAGATE_LAYER,186,/model.9/cv2/act/Sigmoid:OpId_983 (cycles),0,cycles,DSP,yolov8l-simplified-modified
77023381024,FORWARD_PROPAGATE_LAYER,187,/model.9/cv2/act/Mul:OpId_990 (cycles),95890,cycles,DSP,yolov8l-simplified-modified
77023381024,FORWARD_PROPAGATE_LAYER,188,/model.10/Resize:OpId_992 (cycles),113970,cycles,DSP,yolov8l-simplified-modified
77023381024,FORWARD_PROPAGATE_LAYER,189,/model.11/Concat:OpId_995 (cycles),0,cycles,DSP,yolov8l-simplified-modified
77023381024,FORWARD_PROPAGATE_LAYER,190,/model.12/cv1/conv/Conv:OpId_1002 (cycles),0,cycles,DSP,yolov8l-simplified-modified
77023381024,FORWARD_PROPAGATE_LAYER,191,/model.12/cv1/act/Sigmoid:OpId_1005 (cycles),0,cycles,DSP,yolov8l-simplified-modified
77023381024,FORWARD_PROPAGATE_LAYER,192,/model.12/cv1/act/Mul:OpId_1012 (cycles),266528,cycles,DSP,yolov8l-simplified-modified
77023381024,FORWARD_PROPAGATE_LAYER,193,/model.12/Slice:OpId_1015 (cycles),0,cycles,DSP,yolov8l-simplified-modified
77023381024,FORWARD_PROPAGATE_LAYER,194,/model.12/Slice_1:OpId_1021 (cycles),0,cycles,DSP,yolov8l-simplified-modified
77023381024,FORWARD_PROPAGATE_LAYER,195,/model.12/m.0/cv1/conv/Conv:OpId_1031 (cycles),0,cycles,DSP,yolov8l-simplified-modified
77023381024,FORWARD_PROPAGATE_LAYER,196,/model.12/m.0/cv1/act/Sigmoid:OpId_1034 (cycles),0,cycles,DSP,yolov8l-simplified-modified
77023381024,FORWARD_PROPAGATE_LAYER,197,/model.12/m.0/cv1/act/Mul:OpId_1041 (cycles),255721,cycles,DSP,yolov8l-simplified-modified
77023381024,FORWARD_PROPAGATE_LAYER,198,/model.12/m.0/cv2/conv/Conv:OpId_1048 (cycles),0,cycles,DSP,yolov8l-simplified-modified
77023381024,FORWARD_PROPAGATE_LAYER,199,/model.12/m.0/cv2/act/Sigmoid:OpId_1051 (cycles),0,cycles,DSP,yolov8l-simplified-modified
77023381024,FORWARD_PROPAGATE_LAYER,200,/model.12/m.0/cv2/act/Mul:OpId_1058 (cycles),257978,cycles,DSP,yolov8l-simplified-modified
77023381024,FORWARD_PROPAGATE_LAYER,201,/model.12/m.1/cv1/conv/Conv:OpId_1065 (cycles),0,cycles,DSP,yolov8l-simplified-modified
77023381024,FORWARD_PROPAGATE_LAYER,202,/model.12/m.1/cv1/act/Sigmoid:OpId_1068 (cycles),0,cycles,DSP,yolov8l-simplified-modified
77023381024,FORWARD_PROPAGATE_LAYER,203,/model.12/m.1/cv1/act/Mul:OpId_1075 (cycles),257990,cycles,DSP,yolov8l-simplified-modified
77023381024,FORWARD_PROPAGATE_LAYER,204,/model.12/m.1/cv2/conv/Conv:OpId_1082 (cycles),0,cycles,DSP,yolov8l-simplified-modified
77023381024,FORWARD_PROPAGATE_LAYER,205,/model.12/m.1/cv2/act/Sigmoid:OpId_1085 (cycles),0,cycles,DSP,yolov8l-simplified-modified
77023381024,FORWARD_PROPAGATE_LAYER,206,/model.12/m.1/cv2/act/Mul:OpId_1092 (cycles),255715,cycles,DSP,yolov8l-simplified-modified
77023381024,FORWARD_PROPAGATE_LAYER,207,/model.12/m.2/cv1/conv/Conv:OpId_1099 (cycles),0,cycles,DSP,yolov8l-simplified-modified
77023381024,FORWARD_PROPAGATE_LAYER,208,/model.12/m.2/cv1/act/Sigmoid:OpId_1102 (cycles),0,cycles,DSP,yolov8l-simplified-modified
77023381024,FORWARD_PROPAGATE_LAYER,209,/model.12/m.2/cv1/act/Mul:OpId_1109 (cycles),255982,cycles,DSP,yolov8l-simplified-modified
77023381024,FORWARD_PROPAGATE_LAYER,210,/model.12/m.2/cv2/conv/Conv:OpId_1116 (cycles),0,cycles,DSP,yolov8l-simplified-modified
77023381024,FORWARD_PROPAGATE_LAYER,211,/model.12/m.2/cv2/act/Sigmoid:OpId_1119 (cycles),0,cycles,DSP,yolov8l-simplified-modified
77023381024,FORWARD_PROPAGATE_LAYER,212,/model.12/m.2/cv2/act/Mul:OpId_1126 (cycles),256192,cycles,DSP,yolov8l-simplified-modified
77023381024,FORWARD_PROPAGATE_LAYER,213,/model.12/Concat:OpId_1128 (cycles),0,cycles,DSP,yolov8l-simplified-modified
77023381024,FORWARD_PROPAGATE_LAYER,214,/model.12/cv2/conv/Conv:OpId_1135 (cycles),0,cycles,DSP,yolov8l-simplified-modified
77023381024,FORWARD_PROPAGATE_LAYER,215,/model.12/cv2/act/Sigmoid:OpId_1138 (cycles),0,cycles,DSP,yolov8l-simplified-modified
77023381024,FORWARD_PROPAGATE_LAYER,216,/model.12/cv2/act/Mul:OpId_1145 (cycles),358242,cycles,DSP,yolov8l-simplified-modified
77023381024,FORWARD_PROPAGATE_LAYER,217,/model.13/Resize:OpId_1147 (cycles),393097,cycles,DSP,yolov8l-simplified-modified
77023381024,FORWARD_PROPAGATE_LAYER,218,/model.14/Concat:OpId_1150 (cycles),0,cycles,DSP,yolov8l-simplified-modified
77023381024,FORWARD_PROPAGATE_LAYER,219,/model.15/cv1/conv/Conv:OpId_1157 (cycles),0,cycles,DSP,yolov8l-simplified-modified
77023381024,FORWARD_PROPAGATE_LAYER,220,/model.15/cv1/act/Sigmoid:OpId_1160 (cycles),0,cycles,DSP,yolov8l-simplified-modified
77023381024,FORWARD_PROPAGATE_LAYER,221,/model.15/cv1/act/Mul:OpId_1167 (cycles),412027,cycles,DSP,yolov8l-simplified-modified
77023381024,FORWARD_PROPAGATE_LAYER,222,/model.15/Slice:OpId_1170 (cycles),0,cycles,DSP,yolov8l-simplified-modified
77023381024,FORWARD_PROPAGATE_LAYER,223,/model.15/Slice_1:OpId_1176 (cycles),0,cycles,DSP,yolov8l-simplified-modified
77023381024,FORWARD_PROPAGATE_LAYER,224,/model.15/m.0/cv1/conv/Conv:OpId_1186 (cycles),0,cycles,DSP,yolov8l-simplified-modified
77023381024,FORWARD_PROPAGATE_LAYER,225,/model.15/m.0/cv1/act/Sigmoid:OpId_1189 (cycles),0,cycles,DSP,yolov8l-simplified-modified
77023381024,FORWARD_PROPAGATE_LAYER,226,/model.15/m.0/cv1/act/Mul:OpId_1196 (cycles),277334,cycles,DSP,yolov8l-simplified-modified
77023381024,FORWARD_PROPAGATE_LAYER,227,/model.15/m.0/cv2/conv/Conv:OpId_1203 (cycles),0,cycles,DSP,yolov8l-simplified-modified
77023381024,FORWARD_PROPAGATE_LAYER,228,/model.15/m.0/cv2/act/Sigmoid:OpId_1206 (cycles),0,cycles,DSP,yolov8l-simplified-modified
77023381024,FORWARD_PROPAGATE_LAYER,229,/model.15/m.0/cv2/act/Mul:OpId_1213 (cycles),277293,cycles,DSP,yolov8l-simplified-modified
77023381024,FORWARD_PROPAGATE_LAYER,230,/model.15/m.1/cv1/conv/Conv:OpId_1220 (cycles),0,cycles,DSP,yolov8l-simplified-modified
77023381024,FORWARD_PROPAGATE_LAYER,231,/model.15/m.1/cv1/act/Sigmoid:OpId_1223 (cycles),0,cycles,DSP,yolov8l-simplified-modified
77023381024,FORWARD_PROPAGATE_LAYER,232,/model.15/m.1/cv1/act/Mul:OpId_1230 (cycles),278584,cycles,DSP,yolov8l-simplified-modified
77023381024,FORWARD_PROPAGATE_LAYER,233,/model.15/m.1/cv2/conv/Conv:OpId_1237 (cycles),0,cycles,DSP,yolov8l-simplified-modified
77023381024,FORWARD_PROPAGATE_LAYER,234,/model.15/m.1/cv2/act/Sigmoid:OpId_1240 (cycles),0,cycles,DSP,yolov8l-simplified-modified
77023381024,FORWARD_PROPAGATE_LAYER,235,/model.15/m.1/cv2/act/Mul:OpId_1247 (cycles),274859,cycles,DSP,yolov8l-simplified-modified
77023381024,FORWARD_PROPAGATE_LAYER,236,/model.15/m.2/cv1/conv/Conv:OpId_1254 (cycles),0,cycles,DSP,yolov8l-simplified-modified
77023381024,FORWARD_PROPAGATE_LAYER,237,/model.15/m.2/cv1/act/Sigmoid:OpId_1257 (cycles),0,cycles,DSP,yolov8l-simplified-modified
77023381024,FORWARD_PROPAGATE_LAYER,238,/model.15/m.2/cv1/act/Mul:OpId_1264 (cycles),276989,cycles,DSP,yolov8l-simplified-modified
77023381024,FORWARD_PROPAGATE_LAYER,239,/model.15/m.2/cv2/conv/Conv:OpId_1271 (cycles),0,cycles,DSP,yolov8l-simplified-modified
77023381024,FORWARD_PROPAGATE_LAYER,240,/model.15/m.2/cv2/act/Sigmoid:OpId_1274 (cycles),0,cycles,DSP,yolov8l-simplified-modified
77023381024,FORWARD_PROPAGATE_LAYER,241,/model.15/m.2/cv2/act/Mul:OpId_1281 (cycles),276596,cycles,DSP,yolov8l-simplified-modified
77023381024,FORWARD_PROPAGATE_LAYER,242,/model.15/Concat:OpId_1283 (cycles),0,cycles,DSP,yolov8l-simplified-modified
77023381024,FORWARD_PROPAGATE_LAYER,243,/model.15/cv2/conv/Conv:OpId_1290 (cycles),0,cycles,DSP,yolov8l-simplified-modified
77023381024,FORWARD_PROPAGATE_LAYER,244,/model.15/cv2/act/Sigmoid:OpId_1293 (cycles),0,cycles,DSP,yolov8l-simplified-modified
77023381024,FORWARD_PROPAGATE_LAYER,245,/model.15/cv2/act/Mul:OpId_1300 (cycles),429953,cycles,DSP,yolov8l-simplified-modified
77023381024,FORWARD_PROPAGATE_LAYER,246,/model.16/conv/Conv:OpId_1307 (cycles),0,cycles,DSP,yolov8l-simplified-modified
77023381024,FORWARD_PROPAGATE_LAYER,247,/model.22/cv2.0/cv2.0.0/conv/Conv:OpId_1315 (cycles),0,cycles,DSP,yolov8l-simplified-modified
77023381024,FORWARD_PROPAGATE_LAYER,248,/model.22/cv3.0/cv3.0.0/conv/Conv:OpId_1323 (cycles),0,cycles,DSP,yolov8l-simplified-modified
77023381024,FORWARD_PROPAGATE_LAYER,249,/model.16/act/Sigmoid:OpId_1326 (cycles),0,cycles,DSP,yolov8l-simplified-modified
77023381024,FORWARD_PROPAGATE_LAYER,250,/model.22/cv2.0/cv2.0.0/act/Sigmoid:OpId_1333 (cycles),0,cycles,DSP,yolov8l-simplified-modified
77023381024,FORWARD_PROPAGATE_LAYER,251,/model.22/cv3.0/cv3.0.0/act/Sigmoid:OpId_1340 (cycles),0,cycles,DSP,yolov8l-simplified-modified
77023381024,FORWARD_PROPAGATE_LAYER,252,/model.16/act/Mul:OpId_1347 (cycles),715735,cycles,DSP,yolov8l-simplified-modified
77023381024,FORWARD_PROPAGATE_LAYER,253,/model.22/cv2.0/cv2.0.0/act/Mul:OpId_1349 (cycles),254374,cycles,DSP,yolov8l-simplified-modified
77023381024,FORWARD_PROPAGATE_LAYER,254,/model.22/cv3.0/cv3.0.0/act/Mul:OpId_1351 (cycles),1014580,cycles,DSP,yolov8l-simplified-modified
77023381024,FORWARD_PROPAGATE_LAYER,255,/model.17/Concat:OpId_1353 (cycles),0,cycles,DSP,yolov8l-simplified-modified
77023381024,FORWARD_PROPAGATE_LAYER,256,/model.22/cv2.0/cv2.0.1/conv/Conv:OpId_1360 (cycles),0,cycles,DSP,yolov8l-simplified-modified
77023381024,FORWARD_PROPAGATE_LAYER,257,/model.22/cv3.0/cv3.0.1/conv/Conv:OpId_1368 (cycles),0,cycles,DSP,yolov8l-simplified-modified
77023381024,FORWARD_PROPAGATE_LAYER,258,/model.18/cv1/conv/Conv:OpId_1376 (cycles),0,cycles,DSP,yolov8l-simplified-modified
77023381024,FORWARD_PROPAGATE_LAYER,259,/model.22/cv2.0/cv2.0.1/act/Sigmoid:OpId_1379 (cycles),0,cycles,DSP,yolov8l-simplified-modified
77023381024,FORWARD_PROPAGATE_LAYER,260,/model.22/cv3.0/cv3.0.1/act/Sigmoid:OpId_1386 (cycles),0,cycles,DSP,yolov8l-simplified-modified
77023381024,FORWARD_PROPAGATE_LAYER,261,/model.18/cv1/act/Sigmoid:OpId_1393 (cycles),0,cycles,DSP,yolov8l-simplified-modified
77023381024,FORWARD_PROPAGATE_LAYER,262,/model.22/cv2.0/cv2.0.1/act/Mul:OpId_1400 (cycles),82362,cycles,DSP,yolov8l-simplified-modified
77023381024,FORWARD_PROPAGATE_LAYER,263,/model.22/cv3.0/cv3.0.1/act/Mul:OpId_1402 (cycles),1037450,cycles,DSP,yolov8l-simplified-modified
77023381024,FORWARD_PROPAGATE_LAYER,264,/model.18/cv1/act/Mul:OpId_1404 (cycles),206066,cycles,DSP,yolov8l-simplified-modified
77023381024,FORWARD_PROPAGATE_LAYER,265,/model.22/cv2.0/cv2.0.2/Conv:OpId_1411 (cycles),10625,cycles,DSP,yolov8l-simplified-modified
77023381024,FORWARD_PROPAGATE_LAYER,266,/model.22/cv2.0/cv2.0.2/Conv_output_0.nchw:OpId_1415 (cycles),205777,cycles,DSP,yolov8l-simplified-modified
77023381024,FORWARD_PROPAGATE_LAYER,267,/model.22/cv3.0/cv3.0.2/Conv:OpId_1421 (cycles),0,cycles,DSP,yolov8l-simplified-modified
77023381024,FORWARD_PROPAGATE_LAYER,268,/model.18/Slice:OpId_1425 (cycles),0,cycles,DSP,yolov8l-simplified-modified
77023381024,FORWARD_PROPAGATE_LAYER,269,/model.18/Slice_1:OpId_1431 (cycles),0,cycles,DSP,yolov8l-simplified-modified
77023381024,FORWARD_PROPAGATE_LAYER,270,/model.22/Reshape:OpId_1436 (cycles),361924,cycles,DSP,yolov8l-simplified-modified
77023381024,FORWARD_PROPAGATE_LAYER,271,/model.22/Sigmoid:OpId_1437 (cycles),72059,cycles,DSP,yolov8l-simplified-modified
77023381024,FORWARD_PROPAGATE_LAYER,272,/model.18/m.0/cv1/conv/Conv:OpId_1449 (cycles),0,cycles,DSP,yolov8l-simplified-modified
77023381024,FORWARD_PROPAGATE_LAYER,273,/model.22/Transpose:OpId_1453 (cycles),319156,cycles,DSP,yolov8l-simplified-modified
77023381024,FORWARD_PROPAGATE_LAYER,274,/model.22/ReduceMax:OpId_1455 (cycles),435655,cycles,DSP,yolov8l-simplified-modified
77023381024,FORWARD_PROPAGATE_LAYER,275,/model.18/m.0/cv1/act/Sigmoid:OpId_1457 (cycles),0,cycles,DSP,yolov8l-simplified-modified
77023381024,FORWARD_PROPAGATE_LAYER,276,/model.22/Softmax:OpId_1464 (cycles),1811892,cycles,DSP,yolov8l-simplified-modified
77023381024,FORWARD_PROPAGATE_LAYER,277,/model.18/m.0/cv1/act/Mul:OpId_1467 (cycles),263506,cycles,DSP,yolov8l-simplified-modified
77023381024,FORWARD_PROPAGATE_LAYER,278,/model.22/Transpose_1:OpId_1470 (cycles),125145,cycles,DSP,yolov8l-simplified-modified
77023381024,FORWARD_PROPAGATE_LAYER,279,/model.18/m.0/cv2/conv/Conv:OpId_1476 (cycles),0,cycles,DSP,yolov8l-simplified-modified
77023381024,FORWARD_PROPAGATE_LAYER,280,/model.22/proj_conv/Conv:OpId_1484 (cycles),183128,cycles,DSP,yolov8l-simplified-modified
77023381024,FORWARD_PROPAGATE_LAYER,281,/model.18/m.0/cv2/act/Sigmoid:OpId_1487 (cycles),0,cycles,DSP,yolov8l-simplified-modified
77023381024,FORWARD_PROPAGATE_LAYER,282,/model.22/Gather_output_0_pre_reshape.nchw:OpId_1495 (cycles),0,cycles,DSP,yolov8l-simplified-modified
77023381024,FORWARD_PROPAGATE_LAYER,283,Reshape_post_/model.22/Gather:OpId_1496 (cycles),153593,cycles,DSP,yolov8l-simplified-modified
77023381024,FORWARD_PROPAGATE_LAYER,284,/model.22/Reshape_1_output_0.nhwc:OpId_1498 (cycles),30639,cycles,DSP,yolov8l-simplified-modified
77023381024,FORWARD_PROPAGATE_LAYER,285,/model.18/m.0/cv2/act/Mul:OpId_1499 (cycles),255752,cycles,DSP,yolov8l-simplified-modified
77023381024,FORWARD_PROPAGATE_LAYER,286,/model.18/m.1/cv1/conv/Conv:OpId_1506 (cycles),0,cycles,DSP,yolov8l-simplified-modified
77023381024,FORWARD_PROPAGATE_LAYER,287,/model.22/Concat:OpId_1509 (cycles),90935,cycles,DSP,yolov8l-simplified-modified
77023381024,FORWARD_PROPAGATE_LAYER,288,/model.18/m.1/cv1/act/Sigmoid:OpId_1511 (cycles),0,cycles,DSP,yolov8l-simplified-modified
77023381024,FORWARD_PROPAGATE_LAYER,289,/model.18/m.1/cv1/act/Mul:OpId_1518 (cycles),256360,cycles,DSP,yolov8l-simplified-modified
77023381024,FORWARD_PROPAGATE_LAYER,290,/model.18/m.1/cv2/conv/Conv:OpId_1525 (cycles),0,cycles,DSP,yolov8l-simplified-modified
77023381024,FORWARD_PROPAGATE_LAYER,291,/model.18/m.1/cv2/act/Sigmoid:OpId_1528 (cycles),0,cycles,DSP,yolov8l-simplified-modified
77023381024,FORWARD_PROPAGATE_LAYER,292,/model.18/m.1/cv2/act/Mul:OpId_1535 (cycles),255921,cycles,DSP,yolov8l-simplified-modified
77023381024,FORWARD_PROPAGATE_LAYER,293,/model.18/m.2/cv1/conv/Conv:OpId_1542 (cycles),0,cycles,DSP,yolov8l-simplified-modified
77023381024,FORWARD_PROPAGATE_LAYER,294,/model.18/m.2/cv1/act/Sigmoid:OpId_1545 (cycles),0,cycles,DSP,yolov8l-simplified-modified
77023381024,FORWARD_PROPAGATE_LAYER,295,/model.18/m.2/cv1/act/Mul:OpId_1552 (cycles),254288,cycles,DSP,yolov8l-simplified-modified
77023381024,FORWARD_PROPAGATE_LAYER,296,/model.18/m.2/cv2/conv/Conv:OpId_1559 (cycles),0,cycles,DSP,yolov8l-simplified-modified
77023381024,FORWARD_PROPAGATE_LAYER,297,/model.18/m.2/cv2/act/Sigmoid:OpId_1562 (cycles),0,cycles,DSP,yolov8l-simplified-modified
77023381024,FORWARD_PROPAGATE_LAYER,298,/model.18/m.2/cv2/act/Mul:OpId_1569 (cycles),255856,cycles,DSP,yolov8l-simplified-modified
77023381024,FORWARD_PROPAGATE_LAYER,299,/model.18/Concat:OpId_1571 (cycles),0,cycles,DSP,yolov8l-simplified-modified
77023381024,FORWARD_PROPAGATE_LAYER,300,/model.18/cv2/conv/Conv:OpId_1578 (cycles),0,cycles,DSP,yolov8l-simplified-modified
77023381024,FORWARD_PROPAGATE_LAYER,301,/model.18/cv2/act/Sigmoid:OpId_1581 (cycles),0,cycles,DSP,yolov8l-simplified-modified
77023381024,FORWARD_PROPAGATE_LAYER,302,/model.18/cv2/act/Mul:OpId_1588 (cycles),317754,cycles,DSP,yolov8l-simplified-modified
77023381024,FORWARD_PROPAGATE_LAYER,303,/model.19/conv/Conv:OpId_1595 (cycles),0,cycles,DSP,yolov8l-simplified-modified
77023381024,FORWARD_PROPAGATE_LAYER,304,/model.22/cv2.1/cv2.1.0/conv/Conv:OpId_1603 (cycles),0,cycles,DSP,yolov8l-simplified-modified
77023381024,FORWARD_PROPAGATE_LAYER,305,/model.22/cv3.1/cv3.1.0/conv/Conv:OpId_1611 (cycles),0,cycles,DSP,yolov8l-simplified-modified
77023381024,FORWARD_PROPAGATE_LAYER,306,/model.19/act/Sigmoid:OpId_1614 (cycles),0,cycles,DSP,yolov8l-simplified-modified
77023381024,FORWARD_PROPAGATE_LAYER,307,/model.22/cv2.1/cv2.1.0/act/Sigmoid:OpId_1621 (cycles),0,cycles,DSP,yolov8l-simplified-modified
77023381024,FORWARD_PROPAGATE_LAYER,308,/model.22/cv3.1/cv3.1.0/act/Sigmoid:OpId_1628 (cycles),0,cycles,DSP,yolov8l-simplified-modified
77023381024,FORWARD_PROPAGATE_LAYER,309,/model.19/act/Mul:OpId_1635 (cycles),985395,cycles,DSP,yolov8l-simplified-modified
77023381024,FORWARD_PROPAGATE_LAYER,310,/model.22/cv2.1/cv2.1.0/act/Mul:OpId_1637 (cycles),123226,cycles,DSP,yolov8l-simplified-modified
77023381024,FORWARD_PROPAGATE_LAYER,311,/model.22/cv3.1/cv3.1.0/act/Mul:OpId_1639 (cycles),486741,cycles,DSP,yolov8l-simplified-modified
77023381024,FORWARD_PROPAGATE_LAYER,312,/model.20/Concat:OpId_1641 (cycles),0,cycles,DSP,yolov8l-simplified-modified
77023381024,FORWARD_PROPAGATE_LAYER,313,/model.22/cv2.1/cv2.1.1/conv/Conv:OpId_1648 (cycles),0,cycles,DSP,yolov8l-simplified-modified
77023381024,FORWARD_PROPAGATE_LAYER,314,/model.22/cv3.1/cv3.1.1/conv/Conv:OpId_1656 (cycles),0,cycles,DSP,yolov8l-simplified-modified
77023381024,FORWARD_PROPAGATE_LAYER,315,/model.21/cv1/conv/Conv:OpId_1664 (cycles),0,cycles,DSP,yolov8l-simplified-modified
77023381024,FORWARD_PROPAGATE_LAYER,316,/model.22/cv2.1/cv2.1.1/act/Sigmoid:OpId_1667 (cycles),0,cycles,DSP,yolov8l-simplified-modified
77023381024,FORWARD_PROPAGATE_LAYER,317,/model.22/cv3.1/cv3.1.1/act/Sigmoid:OpId_1674 (cycles),0,cycles,DSP,yolov8l-simplified-modified
77023381024,FORWARD_PROPAGATE_LAYER,318,/model.21/cv1/act/Sigmoid:OpId_1681 (cycles),0,cycles,DSP,yolov8l-simplified-modified
77023381024,FORWARD_PROPAGATE_LAYER,319,/model.22/cv2.1/cv2.1.1/act/Mul:OpId_1688 (cycles),21660,cycles,DSP,yolov8l-simplified-modified
77023381024,FORWARD_PROPAGATE_LAYER,320,/model.22/cv3.1/cv3.1.1/act/Mul:OpId_1690 (cycles),257890,cycles,DSP,yolov8l-simplified-modified
77023381024,FORWARD_PROPAGATE_LAYER,321,/model.21/cv1/act/Mul:OpId_1692 (cycles),89218,cycles,DSP,yolov8l-simplified-modified
77023381024,FORWARD_PROPAGATE_LAYER,322,/model.22/cv2.1/cv2.1.2/Conv:OpId_1699 (cycles),3601,cycles,DSP,yolov8l-simplified-modified
77023381024,FORWARD_PROPAGATE_LAYER,323,/model.22/cv2.1/cv2.1.2/Conv_output_0.nchw:OpId_1703 (cycles),261951,cycles,DSP,yolov8l-simplified-modified
77023381024,FORWARD_PROPAGATE_LAYER,324,/model.22/cv3.1/cv3.1.2/Conv:OpId_1709 (cycles),0,cycles,DSP,yolov8l-simplified-modified
77023381024,FORWARD_PROPAGATE_LAYER,325,/model.21/Slice:OpId_1713 (cycles),0,cycles,DSP,yolov8l-simplified-modified
77023381024,FORWARD_PROPAGATE_LAYER,326,/model.21/Slice_1:OpId_1719 (cycles),0,cycles,DSP,yolov8l-simplified-modified
77023381024,FORWARD_PROPAGATE_LAYER,327,/model.22/Reshape_2:OpId_1724 (cycles),3740,cycles,DSP,yolov8l-simplified-modified
77023381024,FORWARD_PROPAGATE_LAYER,328,/model.22/Sigmoid_1:OpId_1725 (cycles),86649,cycles,DSP,yolov8l-simplified-modified
77023381024,FORWARD_PROPAGATE_LAYER,329,/model.21/m.0/cv1/conv/Conv:OpId_1737 (cycles),0,cycles,DSP,yolov8l-simplified-modified
77023381024,FORWARD_PROPAGATE_LAYER,330,/model.22/Transpose_2:OpId_1741 (cycles),100228,cycles,DSP,yolov8l-simplified-modified
77023381024,FORWARD_PROPAGATE_LAYER,331,/model.22/ReduceMax_1:OpId_1743 (cycles),110538,cycles,DSP,yolov8l-simplified-modified
77023381024,FORWARD_PROPAGATE_LAYER,332,/model.21/m.0/cv1/act/Sigmoid:OpId_1745 (cycles),0,cycles,DSP,yolov8l-simplified-modified
77023381024,FORWARD_PROPAGATE_LAYER,333,/model.22/Softmax_1:OpId_1752 (cycles),515924,cycles,DSP,yolov8l-simplified-modified
77023381024,FORWARD_PROPAGATE_LAYER,334,/model.21/m.0/cv1/act/Mul:OpId_1755 (cycles),82530,cycles,DSP,yolov8l-simplified-modified
77023381024,FORWARD_PROPAGATE_LAYER,335,/model.22/Transpose_3:OpId_1758 (cycles),34326,cycles,DSP,yolov8l-simplified-modified
77023381024,FORWARD_PROPAGATE_LAYER,336,/model.21/m.0/cv2/conv/Conv:OpId_1764 (cycles),0,cycles,DSP,yolov8l-simplified-modified
77023381024,FORWARD_PROPAGATE_LAYER,337,/model.22/proj_conv_1/Conv:OpId_1771 (cycles),6487,cycles,DSP,yolov8l-simplified-modified
77023381024,FORWARD_PROPAGATE_LAYER,338,/model.21/m.0/cv2/act/Sigmoid:OpId_1774 (cycles),0,cycles,DSP,yolov8l-simplified-modified
77023381024,FORWARD_PROPAGATE_LAYER,339,/model.22/Gather_1_output_0_pre_reshape.nchw:OpId_1782 (cycles),0,cycles,DSP,yolov8l-simplified-modified
77023381024,FORWARD_PROPAGATE_LAYER,340,Reshape_post_/model.22/Gather_1:OpId_1783 (cycles),31787,cycles,DSP,yolov8l-simplified-modified
77023381024,FORWARD_PROPAGATE_LAYER,341,/model.22/Reshape_3_output_0.nhwc:OpId_1785 (cycles),5481,cycles,DSP,yolov8l-simplified-modified
77023381024,FORWARD_PROPAGATE_LAYER,342,/model.21/m.0/cv2/act/Mul:OpId_1786 (cycles),79498,cycles,DSP,yolov8l-simplified-modified
77023381024,FORWARD_PROPAGATE_LAYER,343,/model.21/m.1/cv1/conv/Conv:OpId_1793 (cycles),0,cycles,DSP,yolov8l-simplified-modified
77023381024,FORWARD_PROPAGATE_LAYER,344,/model.22/Concat_1:OpId_1796 (cycles),28341,cycles,DSP,yolov8l-simplified-modified
77023381024,FORWARD_PROPAGATE_LAYER,345,/model.21/m.1/cv1/act/Sigmoid:OpId_1798 (cycles),0,cycles,DSP,yolov8l-simplified-modified
77023381024,FORWARD_PROPAGATE_LAYER,346,/model.21/m.1/cv1/act/Mul:OpId_1805 (cycles),82596,cycles,DSP,yolov8l-simplified-modified
77023381024,FORWARD_PROPAGATE_LAYER,347,/model.21/m.1/cv2/conv/Conv:OpId_1812 (cycles),0,cycles,DSP,yolov8l-simplified-modified
77023381024,FORWARD_PROPAGATE_LAYER,348,/model.21/m.1/cv2/act/Sigmoid:OpId_1815 (cycles),0,cycles,DSP,yolov8l-simplified-modified
77023381024,FORWARD_PROPAGATE_LAYER,349,/model.21/m.1/cv2/act/Mul:OpId_1822 (cycles),79442,cycles,DSP,yolov8l-simplified-modified
77023381024,FORWARD_PROPAGATE_LAYER,350,/model.21/m.2/cv1/conv/Conv:OpId_1829 (cycles),0,cycles,DSP,yolov8l-simplified-modified
77023381024,FORWARD_PROPAGATE_LAYER,351,/model.21/m.2/cv1/act/Sigmoid:OpId_1832 (cycles),0,cycles,DSP,yolov8l-simplified-modified
77023381024,FORWARD_PROPAGATE_LAYER,352,/model.21/m.2/cv1/act/Mul:OpId_1839 (cycles),80380,cycles,DSP,yolov8l-simplified-modified
77023381024,FORWARD_PROPAGATE_LAYER,353,/model.21/m.2/cv2/conv/Conv:OpId_1846 (cycles),0,cycles,DSP,yolov8l-simplified-modified
77023381024,FORWARD_PROPAGATE_LAYER,354,/model.21/m.2/cv2/act/Sigmoid:OpId_1849 (cycles),0,cycles,DSP,yolov8l-simplified-modified
77023381024,FORWARD_PROPAGATE_LAYER,355,/model.21/m.2/cv2/act/Mul:OpId_1856 (cycles),78950,cycles,DSP,yolov8l-simplified-modified
77023381024,FORWARD_PROPAGATE_LAYER,356,/model.21/Concat:OpId_1858 (cycles),0,cycles,DSP,yolov8l-simplified-modified
77023381024,FORWARD_PROPAGATE_LAYER,357,/model.21/cv2/conv/Conv:OpId_1865 (cycles),0,cycles,DSP,yolov8l-simplified-modified
77023381024,FORWARD_PROPAGATE_LAYER,358,/model.21/cv2/act/Sigmoid:OpId_1868 (cycles),0,cycles,DSP,yolov8l-simplified-modified
77023381024,FORWARD_PROPAGATE_LAYER,359,/model.21/cv2/act/Mul:OpId_1875 (cycles),99141,cycles,DSP,yolov8l-simplified-modified
77023381024,FORWARD_PROPAGATE_LAYER,360,/model.22/cv2.2/cv2.2.0/conv/Conv:OpId_1882 (cycles),0,cycles,DSP,yolov8l-simplified-modified
77023381024,FORWARD_PROPAGATE_LAYER,361,/model.22/cv3.2/cv3.2.0/conv/Conv:OpId_1890 (cycles),0,cycles,DSP,yolov8l-simplified-modified
77023381024,FORWARD_PROPAGATE_LAYER,362,/model.22/cv2.2/cv2.2.0/act/Sigmoid:OpId_1893 (cycles),0,cycles,DSP,yolov8l-simplified-modified
77023381024,FORWARD_PROPAGATE_LAYER,363,/model.22/cv3.2/cv3.2.0/act/Sigmoid:OpId_1900 (cycles),0,cycles,DSP,yolov8l-simplified-modified
77023381024,FORWARD_PROPAGATE_LAYER,364,/model.22/cv2.2/cv2.2.0/act/Mul:OpId_1907 (cycles),40605,cycles,DSP,yolov8l-simplified-modified
77023381024,FORWARD_PROPAGATE_LAYER,365,/model.22/cv3.2/cv3.2.0/act/Mul:OpId_1909 (cycles),146970,cycles,DSP,yolov8l-simplified-modified
77023381024,FORWARD_PROPAGATE_LAYER,366,/model.22/cv2.2/cv2.2.1/conv/Conv:OpId_1916 (cycles),0,cycles,DSP,yolov8l-simplified-modified
77023381024,FORWARD_PROPAGATE_LAYER,367,/model.22/cv3.2/cv3.2.1/conv/Conv:OpId_1924 (cycles),0,cycles,DSP,yolov8l-simplified-modified
77023381024,FORWARD_PROPAGATE_LAYER,368,/model.22/cv2.2/cv2.2.1/act/Sigmoid:OpId_1927 (cycles),0,cycles,DSP,yolov8l-simplified-modified
77023381024,FORWARD_PROPAGATE_LAYER,369,/model.22/cv3.2/cv3.2.1/act/Sigmoid:OpId_1934 (cycles),0,cycles,DSP,yolov8l-simplified-modified
77023381024,FORWARD_PROPAGATE_LAYER,370,/model.22/cv2.2/cv2.2.1/act/Mul:OpId_1941 (cycles),7171,cycles,DSP,yolov8l-simplified-modified
77023381024,FORWARD_PROPAGATE_LAYER,371,/model.22/cv3.2/cv3.2.1/act/Mul:OpId_1943 (cycles),79519,cycles,DSP,yolov8l-simplified-modified
77023381024,FORWARD_PROPAGATE_LAYER,372,/model.22/cv2.2/cv2.2.2/Conv:OpId_1950 (cycles),2186,cycles,DSP,yolov8l-simplified-modified
77023381024,FORWARD_PROPAGATE_LAYER,373,/model.22/cv2.2/cv2.2.2/Conv_output_0.nchw:OpId_1954 (cycles),12594,cycles,DSP,yolov8l-simplified-modified
77023381024,FORWARD_PROPAGATE_LAYER,374,/model.22/cv3.2/cv3.2.2/Conv:OpId_1960 (cycles),0,cycles,DSP,yolov8l-simplified-modified
77023381024,FORWARD_PROPAGATE_LAYER,375,/model.22/Reshape_4:OpId_1963 (cycles),17669,cycles,DSP,yolov8l-simplified-modified
77023381024,FORWARD_PROPAGATE_LAYER,376,/model.22/Sigmoid_2:OpId_1964 (cycles),5846,cycles,DSP,yolov8l-simplified-modified
77023381024,FORWARD_PROPAGATE_LAYER,377,/model.22/Transpose_4:OpId_1972 (cycles),19744,cycles,DSP,yolov8l-simplified-modified
77023381024,FORWARD_PROPAGATE_LAYER,378,/model.22/ReduceMax_2:OpId_1974 (cycles),27076,cycles,DSP,yolov8l-simplified-modified
77023381024,FORWARD_PROPAGATE_LAYER,379,/model.22/Softmax_2:OpId_1976 (cycles),121533,cycles,DSP,yolov8l-simplified-modified
77023381024,FORWARD_PROPAGATE_LAYER,380,/model.22/Transpose_5:OpId_1980 (cycles),5603,cycles,DSP,yolov8l-simplified-modified
77023381024,FORWARD_PROPAGATE_LAYER,381,/model.22/proj_conv_2/Conv:OpId_1985 (cycles),1355,cycles,DSP,yolov8l-simplified-modified
77023381024,FORWARD_PROPAGATE_LAYER,382,/model.22/Gather_2_output_0_pre_reshape.nchw:OpId_1989 (cycles),0,cycles,DSP,yolov8l-simplified-modified
77023381024,FORWARD_PROPAGATE_LAYER,383,Reshape_post_/model.22/Gather_2:OpId_1990 (cycles),8098,cycles,DSP,yolov8l-simplified-modified
77023381024,FORWARD_PROPAGATE_LAYER,384,/model.22/Reshape_5_output_0.nhwc:OpId_1992 (cycles),3965,cycles,DSP,yolov8l-simplified-modified
77023381024,FORWARD_PROPAGATE_LAYER,385,/model.22/Concat_2:OpId_1993 (cycles),6241,cycles,DSP,yolov8l-simplified-modified
77023381024,FORWARD_PROPAGATE_LAYER,386,Output OpId_3 (cycles),761955,cycles,DSP,yolov8l-simplified-modified
