Msg Timestamp,Message,Layer Id,Layer Name,Time,Unit of Measurement,Runtime,Graph Name
77564367788,LOAD,,,2726,us,,
77564367788,DESERIALIZE,,,0,,,
77564367788,CREATE,,,39615,us,,
77564367788,INIT,,,45730,us,,
77564367788,DE-INIT,,,23252,us,,
77564367788,CREATE_NETWORK(S),,,39334,us,,
77564367788,RPC_INIT_TIME,,,11278,us,,
77564367788,SNPE_ACCELERATOR_INIT_TIME,,,10695,us,,
77564367788,ACCELERATOR_INIT_TIME,,,10249,us,,
77564334435,AVG_TOTAL_INFERENCE_TIME,,,32138,us,,yolov8l-simplified-modified
77564334435,AVG_FORWARD_PROPAGATE_TIME,,,32098,us,,yolov8l-simplified-modified
77564334435,AVG_RPC_EXECUTE_TIME,,,20374,us,,yolov8l-simplified-modified
77564334435,AVG_SNPE_ACCELERATOR_TIME,,,19877,us,,yolov8l-simplified-modified
77564334435,AVG_ACCELERATOR_TIME,,,9169,us,,yolov8l-simplified-modified
77564334435,AVG_EXECUTE_TIME_SUBNET_0,,,28490130,cycles,DSP,yolov8l-simplified-modified
77564334435,EXECUTE_TIME_SUBNET_0,,,28853390,cycles,DSP,yolov8l-simplified-modified
77564334435,TOTAL_INFERENCE_TIME,,,47723,us,,yolov8l-simplified-modified
77564334435,FORWARD_PROPAGATE,,,47666,us,,yolov8l-simplified-modified
77564334435,FORWARD_PROPAGATE_LAYER,0,Input OpId_2 (cycles),0,cycles,DSP,yolov8l-simplified-modified
77564334435,FORWARD_PROPAGATE_LAYER,1,/model.0/conv/Conv:OpId_23 (cycles),644981,cycles,DSP,yolov8l-simplified-modified
77564334435,FORWARD_PROPAGATE_LAYER,2,/model.0/act/Sigmoid:OpId_26 (cycles),0,cycles,DSP,yolov8l-simplified-modified
77564334435,FORWARD_PROPAGATE_LAYER,3,/model.0/act/Mul:OpId_33 (cycles),1098330,cycles,DSP,yolov8l-simplified-modified
77564334435,FORWARD_PROPAGATE_LAYER,4,/model.1/conv/Conv:OpId_42 (cycles),479720,cycles,DSP,yolov8l-simplified-modified
77564334435,FORWARD_PROPAGATE_LAYER,5,/model.1/act/Sigmoid:OpId_45 (cycles),0,cycles,DSP,yolov8l-simplified-modified
77564334435,FORWARD_PROPAGATE_LAYER,6,/model.1/act/Mul:OpId_52 (cycles),513912,cycles,DSP,yolov8l-simplified-modified
77564334435,FORWARD_PROPAGATE_LAYER,7,/model.2/cv1/conv/Conv:OpId_61 (cycles),37353,cycles,DSP,yolov8l-simplified-modified
77564334435,FORWARD_PROPAGATE_LAYER,8,/model.2/cv1/act/Sigmoid:OpId_64 (cycles),0,cycles,DSP,yolov8l-simplified-modified
77564334435,FORWARD_PROPAGATE_LAYER,9,/model.2/cv1/act/Mul:OpId_71 (cycles),487592,cycles,DSP,yolov8l-simplified-modified
77564334435,FORWARD_PROPAGATE_LAYER,10,/model.2/Slice:OpId_74 (cycles),144343,cycles,DSP,yolov8l-simplified-modified
77564334435,FORWARD_PROPAGATE_LAYER,11,/model.2/Slice_1:OpId_80 (cycles),92854,cycles,DSP,yolov8l-simplified-modified
77564334435,FORWARD_PROPAGATE_LAYER,12,/model.2/m.0/cv1/conv/Conv:OpId_92 (cycles),83442,cycles,DSP,yolov8l-simplified-modified
77564334435,FORWARD_PROPAGATE_LAYER,13,/model.2/m.0/cv1/act/Sigmoid:OpId_95 (cycles),0,cycles,DSP,yolov8l-simplified-modified
77564334435,FORWARD_PROPAGATE_LAYER,14,/model.2/m.0/cv1/act/Mul:OpId_102 (cycles),313633,cycles,DSP,yolov8l-simplified-modified
77564334435,FORWARD_PROPAGATE_LAYER,15,/model.2/m.0/cv2/conv/Conv:OpId_111 (cycles),80776,cycles,DSP,yolov8l-simplified-modified
77564334435,FORWARD_PROPAGATE_LAYER,16,/model.2/m.0/cv2/act/Sigmoid:OpId_114 (cycles),0,cycles,DSP,yolov8l-simplified-modified
77564334435,FORWARD_PROPAGATE_LAYER,17,/model.2/m.0/cv2/act/Mul:OpId_121 (cycles),245574,cycles,DSP,yolov8l-simplified-modified
77564334435,FORWARD_PROPAGATE_LAYER,18,/model.2/m.0/Add:OpId_123 (cycles),231461,cycles,DSP,yolov8l-simplified-modified
77564334435,FORWARD_PROPAGATE_LAYER,19,/model.2/m.1/cv1/conv/Conv:OpId_132 (cycles),82880,cycles,DSP,yolov8l-simplified-modified
77564334435,FORWARD_PROPAGATE_LAYER,20,/model.2/m.1/cv1/act/Sigmoid:OpId_135 (cycles),0,cycles,DSP,yolov8l-simplified-modified
77564334435,FORWARD_PROPAGATE_LAYER,21,/model.2/m.1/cv1/act/Mul:OpId_142 (cycles),275005,cycles,DSP,yolov8l-simplified-modified
77564334435,FORWARD_PROPAGATE_LAYER,22,/model.2/m.1/cv2/conv/Conv:OpId_151 (cycles),81680,cycles,DSP,yolov8l-simplified-modified
77564334435,FORWARD_PROPAGATE_LAYER,23,/model.2/m.1/cv2/act/Sigmoid:OpId_154 (cycles),0,cycles,DSP,yolov8l-simplified-modified
77564334435,FORWARD_PROPAGATE_LAYER,24,/model.2/m.1/cv2/act/Mul:OpId_161 (cycles),249722,cycles,DSP,yolov8l-simplified-modified
77564334435,FORWARD_PROPAGATE_LAYER,25,/model.2/m.1/Add:OpId_163 (cycles),234019,cycles,DSP,yolov8l-simplified-modified
77564334435,FORWARD_PROPAGATE_LAYER,26,/model.2/m.2/cv1/conv/Conv:OpId_172 (cycles),81806,cycles,DSP,yolov8l-simplified-modified
77564334435,FORWARD_PROPAGATE_LAYER,27,/model.2/m.2/cv1/act/Sigmoid:OpId_175 (cycles),0,cycles,DSP,yolov8l-simplified-modified
77564334435,FORWARD_PROPAGATE_LAYER,28,/model.2/m.2/cv1/act/Mul:OpId_182 (cycles),239975,cycles,DSP,yolov8l-simplified-modified
77564334435,FORWARD_PROPAGATE_LAYER,29,/model.2/m.2/cv2/conv/Conv:OpId_191 (cycles),81921,cycles,DSP,yolov8l-simplified-modified
77564334435,FORWARD_PROPAGATE_LAYER,30,/model.2/m.2/cv2/act/Sigmoid:OpId_194 (cycles),0,cycles,DSP,yolov8l-simplified-modified
77564334435,FORWARD_PROPAGATE_LAYER,31,/model.2/m.2/cv2/act/Mul:OpId_201 (cycles),234035,cycles,DSP,yolov8l-simplified-modified
77564334435,FORWARD_PROPAGATE_LAYER,32,/model.2/m.2/Add:OpId_203 (cycles),119006,cycles,DSP,yolov8l-simplified-modified
77564334435,FORWARD_PROPAGATE_LAYER,33,/model.2/Concat:OpId_205 (cycles),0,cycles,DSP,yolov8l-simplified-modified
77564334435,FORWARD_PROPAGATE_LAYER,34,/model.2/cv2/conv/Conv:OpId_214 (cycles),96882,cycles,DSP,yolov8l-simplified-modified
77564334435,FORWARD_PROPAGATE_LAYER,35,/model.2/cv2/act/Sigmoid:OpId_217 (cycles),0,cycles,DSP,yolov8l-simplified-modified
77564334435,FORWARD_PROPAGATE_LAYER,36,/model.2/cv2/act/Mul:OpId_224 (cycles),515399,cycles,DSP,yolov8l-simplified-modified
77564334435,FORWARD_PROPAGATE_LAYER,37,/model.3/conv/Conv:OpId_233 (cycles),329939,cycles,DSP,yolov8l-simplified-modified
77564334435,FORWARD_PROPAGATE_LAYER,38,/model.3/act/Sigmoid:OpId_236 (cycles),0,cycles,DSP,yolov8l-simplified-modified
77564334435,FORWARD_PROPAGATE_LAYER,39,/model.3/act/Mul:OpId_243 (cycles),251468,cycles,DSP,yolov8l-simplified-modified
77564334435,FORWARD_PROPAGATE_LAYER,40,/model.4/cv1/conv/Conv:OpId_252 (cycles),34815,cycles,DSP,yolov8l-simplified-modified
77564334435,FORWARD_PROPAGATE_LAYER,41,/model.4/cv1/act/Sigmoid:OpId_255 (cycles),0,cycles,DSP,yolov8l-simplified-modified
77564334435,FORWARD_PROPAGATE_LAYER,42,/model.4/cv1/act/Mul:OpId_262 (cycles),239200,cycles,DSP,yolov8l-simplified-modified
77564334435,FORWARD_PROPAGATE_LAYER,43,/model.4/Slice:OpId_265 (cycles),44382,cycles,DSP,yolov8l-simplified-modified
77564334435,FORWARD_PROPAGATE_LAYER,44,/model.4/Slice_1:OpId_271 (cycles),48811,cycles,DSP,yolov8l-simplified-modified
77564334435,FORWARD_PROPAGATE_LAYER,45,/model.4/m.0/cv1/conv/Conv:OpId_283 (cycles),88502,cycles,DSP,yolov8l-simplified-modified
77564334435,FORWARD_PROPAGATE_LAYER,46,/model.4/m.0/cv1/act/Sigmoid:OpId_286 (cycles),0,cycles,DSP,yolov8l-simplified-modified
77564334435,FORWARD_PROPAGATE_LAYER,47,/model.4/m.0/cv1/act/Mul:OpId_293 (cycles),166819,cycles,DSP,yolov8l-simplified-modified
77564334435,FORWARD_PROPAGATE_LAYER,48,/model.4/m.0/cv2/conv/Conv:OpId_302 (cycles),85109,cycles,DSP,yolov8l-simplified-modified
77564334435,FORWARD_PROPAGATE_LAYER,49,/model.4/m.0/cv2/act/Sigmoid:OpId_305 (cycles),0,cycles,DSP,yolov8l-simplified-modified
77564334435,FORWARD_PROPAGATE_LAYER,50,/model.4/m.0/cv2/act/Mul:OpId_312 (cycles),157775,cycles,DSP,yolov8l-simplified-modified
77564334435,FORWARD_PROPAGATE_LAYER,51,/model.4/m.0/Add:OpId_314 (cycles),124784,cycles,DSP,yolov8l-simplified-modified
77564334435,FORWARD_PROPAGATE_LAYER,52,/model.4/m.1/cv1/conv/Conv:OpId_323 (cycles),91273,cycles,DSP,yolov8l-simplified-modified
77564334435,FORWARD_PROPAGATE_LAYER,53,/model.4/m.1/cv1/act/Sigmoid:OpId_326 (cycles),0,cycles,DSP,yolov8l-simplified-modified
77564334435,FORWARD_PROPAGATE_LAYER,54,/model.4/m.1/cv1/act/Mul:OpId_333 (cycles),143698,cycles,DSP,yolov8l-simplified-modified
77564334435,FORWARD_PROPAGATE_LAYER,55,/model.4/m.1/cv2/conv/Conv:OpId_342 (cycles),84412,cycles,DSP,yolov8l-simplified-modified
77564334435,FORWARD_PROPAGATE_LAYER,56,/model.4/m.1/cv2/act/Sigmoid:OpId_345 (cycles),0,cycles,DSP,yolov8l-simplified-modified
77564334435,FORWARD_PROPAGATE_LAYER,57,/model.4/m.1/cv2/act/Mul:OpId_352 (cycles),132207,cycles,DSP,yolov8l-simplified-modified
77564334435,FORWARD_PROPAGATE_LAYER,58,/model.4/m.1/Add:OpId_354 (cycles),130926,cycles,DSP,yolov8l-simplified-modified
77564334435,FORWARD_PROPAGATE_LAYER,59,/model.4/m.2/cv1/conv/Conv:OpId_363 (cycles),90765,cycles,DSP,yolov8l-simplified-modified
77564334435,FORWARD_PROPAGATE_LAYER,60,/model.4/m.2/cv1/act/Sigmoid:OpId_366 (cycles),0,cycles,DSP,yolov8l-simplified-modified
77564334435,FORWARD_PROPAGATE_LAYER,61,/model.4/m.2/cv1/act/Mul:OpId_373 (cycles),144232,cycles,DSP,yolov8l-simplified-modified
77564334435,FORWARD_PROPAGATE_LAYER,62,/model.4/m.2/cv2/conv/Conv:OpId_382 (cycles),85807,cycles,DSP,yolov8l-simplified-modified
77564334435,FORWARD_PROPAGATE_LAYER,63,/model.4/m.2/cv2/act/Sigmoid:OpId_385 (cycles),0,cycles,DSP,yolov8l-simplified-modified
77564334435,FORWARD_PROPAGATE_LAYER,64,/model.4/m.2/cv2/act/Mul:OpId_392 (cycles),143552,cycles,DSP,yolov8l-simplified-modified
77564334435,FORWARD_PROPAGATE_LAYER,65,/model.4/m.2/Add:OpId_394 (cycles),134309,cycles,DSP,yolov8l-simplified-modified
77564334435,FORWARD_PROPAGATE_LAYER,66,/model.4/m.3/cv1/conv/Conv:OpId_403 (cycles),89768,cycles,DSP,yolov8l-simplified-modified
77564334435,FORWARD_PROPAGATE_LAYER,67,/model.4/m.3/cv1/act/Sigmoid:OpId_406 (cycles),0,cycles,DSP,yolov8l-simplified-modified
77564334435,FORWARD_PROPAGATE_LAYER,68,/model.4/m.3/cv1/act/Mul:OpId_413 (cycles),161289,cycles,DSP,yolov8l-simplified-modified
77564334435,FORWARD_PROPAGATE_LAYER,69,/model.4/m.3/cv2/conv/Conv:OpId_422 (cycles),90095,cycles,DSP,yolov8l-simplified-modified
77564334435,FORWARD_PROPAGATE_LAYER,70,/model.4/m.3/cv2/act/Sigmoid:OpId_425 (cycles),0,cycles,DSP,yolov8l-simplified-modified
77564334435,FORWARD_PROPAGATE_LAYER,71,/model.4/m.3/cv2/act/Mul:OpId_432 (cycles),148708,cycles,DSP,yolov8l-simplified-modified
77564334435,FORWARD_PROPAGATE_LAYER,72,/model.4/m.3/Add:OpId_434 (cycles),137058,cycles,DSP,yolov8l-simplified-modified
77564334435,FORWARD_PROPAGATE_LAYER,73,/model.4/m.4/cv1/conv/Conv:OpId_443 (cycles),90364,cycles,DSP,yolov8l-simplified-modified
77564334435,FORWARD_PROPAGATE_LAYER,74,/model.4/m.4/cv1/act/Sigmoid:OpId_446 (cycles),0,cycles,DSP,yolov8l-simplified-modified
77564334435,FORWARD_PROPAGATE_LAYER,75,/model.4/m.4/cv1/act/Mul:OpId_453 (cycles),155035,cycles,DSP,yolov8l-simplified-modified
77564334435,FORWARD_PROPAGATE_LAYER,76,/model.4/m.4/cv2/conv/Conv:OpId_462 (cycles),83010,cycles,DSP,yolov8l-simplified-modified
77564334435,FORWARD_PROPAGATE_LAYER,77,/model.4/m.4/cv2/act/Sigmoid:OpId_465 (cycles),0,cycles,DSP,yolov8l-simplified-modified
77564334435,FORWARD_PROPAGATE_LAYER,78,/model.4/m.4/cv2/act/Mul:OpId_472 (cycles),147170,cycles,DSP,yolov8l-simplified-modified
77564334435,FORWARD_PROPAGATE_LAYER,79,/model.4/m.4/Add:OpId_474 (cycles),146211,cycles,DSP,yolov8l-simplified-modified
77564334435,FORWARD_PROPAGATE_LAYER,80,/model.4/m.5/cv1/conv/Conv:OpId_483 (cycles),89731,cycles,DSP,yolov8l-simplified-modified
77564334435,FORWARD_PROPAGATE_LAYER,81,/model.4/m.5/cv1/act/Sigmoid:OpId_486 (cycles),0,cycles,DSP,yolov8l-simplified-modified
77564334435,FORWARD_PROPAGATE_LAYER,82,/model.4/m.5/cv1/act/Mul:OpId_493 (cycles),148821,cycles,DSP,yolov8l-simplified-modified
77564334435,FORWARD_PROPAGATE_LAYER,83,/model.4/m.5/cv2/conv/Conv:OpId_502 (cycles),86903,cycles,DSP,yolov8l-simplified-modified
77564334435,FORWARD_PROPAGATE_LAYER,84,/model.4/m.5/cv2/act/Sigmoid:OpId_505 (cycles),0,cycles,DSP,yolov8l-simplified-modified
77564334435,FORWARD_PROPAGATE_LAYER,85,/model.4/m.5/cv2/act/Mul:OpId_512 (cycles),151072,cycles,DSP,yolov8l-simplified-modified
77564334435,FORWARD_PROPAGATE_LAYER,86,/model.4/m.5/Add:OpId_514 (cycles),63381,cycles,DSP,yolov8l-simplified-modified
77564334435,FORWARD_PROPAGATE_LAYER,87,/model.4/Concat:OpId_516 (cycles),0,cycles,DSP,yolov8l-simplified-modified
77564334435,FORWARD_PROPAGATE_LAYER,88,/model.4/cv2/conv/Conv:OpId_525 (cycles),141151,cycles,DSP,yolov8l-simplified-modified
77564334435,FORWARD_PROPAGATE_LAYER,89,/model.4/cv2/act/Sigmoid:OpId_528 (cycles),0,cycles,DSP,yolov8l-simplified-modified
77564334435,FORWARD_PROPAGATE_LAYER,90,/model.4/cv2/act/Mul:OpId_535 (cycles),568170,cycles,DSP,yolov8l-simplified-modified
77564334435,FORWARD_PROPAGATE_LAYER,91,/model.5/conv/Conv:OpId_544 (cycles),276804,cycles,DSP,yolov8l-simplified-modified
77564334435,FORWARD_PROPAGATE_LAYER,92,/model.5/act/Sigmoid:OpId_547 (cycles),0,cycles,DSP,yolov8l-simplified-modified
77564334435,FORWARD_PROPAGATE_LAYER,93,/model.5/act/Mul:OpId_554 (cycles),128743,cycles,DSP,yolov8l-simplified-modified
77564334435,FORWARD_PROPAGATE_LAYER,94,/model.6/cv1/conv/Conv:OpId_563 (cycles),44158,cycles,DSP,yolov8l-simplified-modified
77564334435,FORWARD_PROPAGATE_LAYER,95,/model.6/cv1/act/Sigmoid:OpId_566 (cycles),0,cycles,DSP,yolov8l-simplified-modified
77564334435,FORWARD_PROPAGATE_LAYER,96,/model.6/cv1/act/Mul:OpId_573 (cycles),138569,cycles,DSP,yolov8l-simplified-modified
77564334435,FORWARD_PROPAGATE_LAYER,97,/model.6/Slice:OpId_576 (cycles),22416,cycles,DSP,yolov8l-simplified-modified
77564334435,FORWARD_PROPAGATE_LAYER,98,/model.6/Slice_1:OpId_582 (cycles),23364,cycles,DSP,yolov8l-simplified-modified
77564334435,FORWARD_PROPAGATE_LAYER,99,/model.6/m.0/cv1/conv/Conv:OpId_594 (cycles),86943,cycles,DSP,yolov8l-simplified-modified
77564334435,FORWARD_PROPAGATE_LAYER,100,/model.6/m.0/cv1/act/Sigmoid:OpId_597 (cycles),0,cycles,DSP,yolov8l-simplified-modified
77564334435,FORWARD_PROPAGATE_LAYER,101,/model.6/m.0/cv1/act/Mul:OpId_604 (cycles),87146,cycles,DSP,yolov8l-simplified-modified
77564334435,FORWARD_PROPAGATE_LAYER,102,/model.6/m.0/cv2/conv/Conv:OpId_613 (cycles),100604,cycles,DSP,yolov8l-simplified-modified
77564334435,FORWARD_PROPAGATE_LAYER,103,/model.6/m.0/cv2/act/Sigmoid:OpId_616 (cycles),0,cycles,DSP,yolov8l-simplified-modified
77564334435,FORWARD_PROPAGATE_LAYER,104,/model.6/m.0/cv2/act/Mul:OpId_623 (cycles),83351,cycles,DSP,yolov8l-simplified-modified
77564334435,FORWARD_PROPAGATE_LAYER,105,/model.6/m.0/Add:OpId_625 (cycles),57701,cycles,DSP,yolov8l-simplified-modified
77564334435,FORWARD_PROPAGATE_LAYER,106,/model.6/m.1/cv1/conv/Conv:OpId_634 (cycles),102099,cycles,DSP,yolov8l-simplified-modified
77564334435,FORWARD_PROPAGATE_LAYER,107,/model.6/m.1/cv1/act/Sigmoid:OpId_637 (cycles),0,cycles,DSP,yolov8l-simplified-modified
77564334435,FORWARD_PROPAGATE_LAYER,108,/model.6/m.1/cv1/act/Mul:OpId_644 (cycles),87123,cycles,DSP,yolov8l-simplified-modified
77564334435,FORWARD_PROPAGATE_LAYER,109,/model.6/m.1/cv2/conv/Conv:OpId_653 (cycles),88141,cycles,DSP,yolov8l-simplified-modified
77564334435,FORWARD_PROPAGATE_LAYER,110,/model.6/m.1/cv2/act/Sigmoid:OpId_656 (cycles),0,cycles,DSP,yolov8l-simplified-modified
77564334435,FORWARD_PROPAGATE_LAYER,111,/model.6/m.1/cv2/act/Mul:OpId_663 (cycles),81104,cycles,DSP,yolov8l-simplified-modified
77564334435,FORWARD_PROPAGATE_LAYER,112,/model.6/m.1/Add:OpId_665 (cycles),55817,cycles,DSP,yolov8l-simplified-modified
77564334435,FORWARD_PROPAGATE_LAYER,113,/model.6/m.2/cv1/conv/Conv:OpId_674 (cycles),101927,cycles,DSP,yolov8l-simplified-modified
77564334435,FORWARD_PROPAGATE_LAYER,114,/model.6/m.2/cv1/act/Sigmoid:OpId_677 (cycles),0,cycles,DSP,yolov8l-simplified-modified
77564334435,FORWARD_PROPAGATE_LAYER,115,/model.6/m.2/cv1/act/Mul:OpId_684 (cycles),89557,cycles,DSP,yolov8l-simplified-modified
77564334435,FORWARD_PROPAGATE_LAYER,116,/model.6/m.2/cv2/conv/Conv:OpId_693 (cycles),86562,cycles,DSP,yolov8l-simplified-modified
77564334435,FORWARD_PROPAGATE_LAYER,117,/model.6/m.2/cv2/act/Sigmoid:OpId_696 (cycles),0,cycles,DSP,yolov8l-simplified-modified
77564334435,FORWARD_PROPAGATE_LAYER,118,/model.6/m.2/cv2/act/Mul:OpId_703 (cycles),82721,cycles,DSP,yolov8l-simplified-modified
77564334435,FORWARD_PROPAGATE_LAYER,119,/model.6/m.2/Add:OpId_705 (cycles),55150,cycles,DSP,yolov8l-simplified-modified
77564334435,FORWARD_PROPAGATE_LAYER,120,/model.6/m.3/cv1/conv/Conv:OpId_714 (cycles),102060,cycles,DSP,yolov8l-simplified-modified
77564334435,FORWARD_PROPAGATE_LAYER,121,/model.6/m.3/cv1/act/Sigmoid:OpId_717 (cycles),0,cycles,DSP,yolov8l-simplified-modified
77564334435,FORWARD_PROPAGATE_LAYER,122,/model.6/m.3/cv1/act/Mul:OpId_724 (cycles),90298,cycles,DSP,yolov8l-simplified-modified
77564334435,FORWARD_PROPAGATE_LAYER,123,/model.6/m.3/cv2/conv/Conv:OpId_733 (cycles),100792,cycles,DSP,yolov8l-simplified-modified
77564334435,FORWARD_PROPAGATE_LAYER,124,/model.6/m.3/cv2/act/Sigmoid:OpId_736 (cycles),0,cycles,DSP,yolov8l-simplified-modified
77564334435,FORWARD_PROPAGATE_LAYER,125,/model.6/m.3/cv2/act/Mul:OpId_743 (cycles),85529,cycles,DSP,yolov8l-simplified-modified
77564334435,FORWARD_PROPAGATE_LAYER,126,/model.6/m.3/Add:OpId_745 (cycles),56564,cycles,DSP,yolov8l-simplified-modified
77564334435,FORWARD_PROPAGATE_LAYER,127,/model.6/m.4/cv1/conv/Conv:OpId_754 (cycles),102006,cycles,DSP,yolov8l-simplified-modified
77564334435,FORWARD_PROPAGATE_LAYER,128,/model.6/m.4/cv1/act/Sigmoid:OpId_757 (cycles),0,cycles,DSP,yolov8l-simplified-modified
77564334435,FORWARD_PROPAGATE_LAYER,129,/model.6/m.4/cv1/act/Mul:OpId_764 (cycles),90647,cycles,DSP,yolov8l-simplified-modified
77564334435,FORWARD_PROPAGATE_LAYER,130,/model.6/m.4/cv2/conv/Conv:OpId_773 (cycles),90152,cycles,DSP,yolov8l-simplified-modified
77564334435,FORWARD_PROPAGATE_LAYER,131,/model.6/m.4/cv2/act/Sigmoid:OpId_776 (cycles),0,cycles,DSP,yolov8l-simplified-modified
77564334435,FORWARD_PROPAGATE_LAYER,132,/model.6/m.4/cv2/act/Mul:OpId_783 (cycles),83492,cycles,DSP,yolov8l-simplified-modified
77564334435,FORWARD_PROPAGATE_LAYER,133,/model.6/m.4/Add:OpId_785 (cycles),59170,cycles,DSP,yolov8l-simplified-modified
77564334435,FORWARD_PROPAGATE_LAYER,134,/model.6/m.5/cv1/conv/Conv:OpId_794 (cycles),117987,cycles,DSP,yolov8l-simplified-modified
77564334435,FORWARD_PROPAGATE_LAYER,135,/model.6/m.5/cv1/act/Sigmoid:OpId_797 (cycles),0,cycles,DSP,yolov8l-simplified-modified
77564334435,FORWARD_PROPAGATE_LAYER,136,/model.6/m.5/cv1/act/Mul:OpId_804 (cycles),81718,cycles,DSP,yolov8l-simplified-modified
77564334435,FORWARD_PROPAGATE_LAYER,137,/model.6/m.5/cv2/conv/Conv:OpId_813 (cycles),85946,cycles,DSP,yolov8l-simplified-modified
77564334435,FORWARD_PROPAGATE_LAYER,138,/model.6/m.5/cv2/act/Sigmoid:OpId_816 (cycles),0,cycles,DSP,yolov8l-simplified-modified
77564334435,FORWARD_PROPAGATE_LAYER,139,/model.6/m.5/cv2/act/Mul:OpId_823 (cycles),83216,cycles,DSP,yolov8l-simplified-modified
77564334435,FORWARD_PROPAGATE_LAYER,140,/model.6/m.5/Add:OpId_825 (cycles),30375,cycles,DSP,yolov8l-simplified-modified
77564334435,FORWARD_PROPAGATE_LAYER,141,/model.6/Concat:OpId_827 (cycles),0,cycles,DSP,yolov8l-simplified-modified
77564334435,FORWARD_PROPAGATE_LAYER,142,/model.6/cv2/conv/Conv:OpId_836 (cycles),139839,cycles,DSP,yolov8l-simplified-modified
77564334435,FORWARD_PROPAGATE_LAYER,143,/model.6/cv2/act/Sigmoid:OpId_839 (cycles),0,cycles,DSP,yolov8l-simplified-modified
77564334435,FORWARD_PROPAGATE_LAYER,144,/model.6/cv2/act/Mul:OpId_846 (cycles),303530,cycles,DSP,yolov8l-simplified-modified
77564334435,FORWARD_PROPAGATE_LAYER,145,/model.7/conv/Conv:OpId_855 (cycles),228615,cycles,DSP,yolov8l-simplified-modified
77564334435,FORWARD_PROPAGATE_LAYER,146,/model.7/act/Sigmoid:OpId_858 (cycles),0,cycles,DSP,yolov8l-simplified-modified
77564334435,FORWARD_PROPAGATE_LAYER,147,/model.7/act/Mul:OpId_865 (cycles),43911,cycles,DSP,yolov8l-simplified-modified
77564334435,FORWARD_PROPAGATE_LAYER,148,/model.8/cv1/conv/Conv:OpId_874 (cycles),13395,cycles,DSP,yolov8l-simplified-modified
77564334435,FORWARD_PROPAGATE_LAYER,149,/model.8/cv1/act/Sigmoid:OpId_877 (cycles),0,cycles,DSP,yolov8l-simplified-modified
77564334435,FORWARD_PROPAGATE_LAYER,150,/model.8/cv1/act/Mul:OpId_884 (cycles),40537,cycles,DSP,yolov8l-simplified-modified
77564334435,FORWARD_PROPAGATE_LAYER,151,/model.8/Slice:OpId_887 (cycles),8224,cycles,DSP,yolov8l-simplified-modified
77564334435,FORWARD_PROPAGATE_LAYER,152,/model.8/Slice_1:OpId_893 (cycles),8987,cycles,DSP,yolov8l-simplified-modified
77564334435,FORWARD_PROPAGATE_LAYER,153,/model.8/m.0/cv1/conv/Conv:OpId_905 (cycles),47920,cycles,DSP,yolov8l-simplified-modified
77564334435,FORWARD_PROPAGATE_LAYER,154,/model.8/m.0/cv1/act/Sigmoid:OpId_908 (cycles),0,cycles,DSP,yolov8l-simplified-modified
77564334435,FORWARD_PROPAGATE_LAYER,155,/model.8/m.0/cv1/act/Mul:OpId_915 (cycles),26891,cycles,DSP,yolov8l-simplified-modified
77564334435,FORWARD_PROPAGATE_LAYER,156,/model.8/m.0/cv2/conv/Conv:OpId_924 (cycles),37789,cycles,DSP,yolov8l-simplified-modified
77564334435,FORWARD_PROPAGATE_LAYER,157,/model.8/m.0/cv2/act/Sigmoid:OpId_927 (cycles),0,cycles,DSP,yolov8l-simplified-modified
77564334435,FORWARD_PROPAGATE_LAYER,158,/model.8/m.0/cv2/act/Mul:OpId_934 (cycles),29004,cycles,DSP,yolov8l-simplified-modified
77564334435,FORWARD_PROPAGATE_LAYER,159,/model.8/m.0/Add:OpId_936 (cycles),21761,cycles,DSP,yolov8l-simplified-modified
77564334435,FORWARD_PROPAGATE_LAYER,160,/model.8/m.1/cv1/conv/Conv:OpId_945 (cycles),39688,cycles,DSP,yolov8l-simplified-modified
77564334435,FORWARD_PROPAGATE_LAYER,161,/model.8/m.1/cv1/act/Sigmoid:OpId_948 (cycles),0,cycles,DSP,yolov8l-simplified-modified
77564334435,FORWARD_PROPAGATE_LAYER,162,/model.8/m.1/cv1/act/Mul:OpId_955 (cycles),27468,cycles,DSP,yolov8l-simplified-modified
77564334435,FORWARD_PROPAGATE_LAYER,163,/model.8/m.1/cv2/conv/Conv:OpId_964 (cycles),35616,cycles,DSP,yolov8l-simplified-modified
77564334435,FORWARD_PROPAGATE_LAYER,164,/model.8/m.1/cv2/act/Sigmoid:OpId_967 (cycles),0,cycles,DSP,yolov8l-simplified-modified
77564334435,FORWARD_PROPAGATE_LAYER,165,/model.8/m.1/cv2/act/Mul:OpId_974 (cycles),29697,cycles,DSP,yolov8l-simplified-modified
77564334435,FORWARD_PROPAGATE_LAYER,166,/model.8/m.1/Add:OpId_976 (cycles),21212,cycles,DSP,yolov8l-simplified-modified
77564334435,FORWARD_PROPAGATE_LAYER,167,/model.8/m.2/cv1/conv/Conv:OpId_985 (cycles),38148,cycles,DSP,yolov8l-simplified-modified
77564334435,FORWARD_PROPAGATE_LAYER,168,/model.8/m.2/cv1/act/Sigmoid:OpId_988 (cycles),0,cycles,DSP,yolov8l-simplified-modified
77564334435,FORWARD_PROPAGATE_LAYER,169,/model.8/m.2/cv1/act/Mul:OpId_995 (cycles),29752,cycles,DSP,yolov8l-simplified-modified
77564334435,FORWARD_PROPAGATE_LAYER,170,/model.8/m.2/cv2/conv/Conv:OpId_1004 (cycles),37130,cycles,DSP,yolov8l-simplified-modified
77564334435,FORWARD_PROPAGATE_LAYER,171,/model.8/m.2/cv2/act/Sigmoid:OpId_1007 (cycles),0,cycles,DSP,yolov8l-simplified-modified
77564334435,FORWARD_PROPAGATE_LAYER,172,/model.8/m.2/cv2/act/Mul:OpId_1014 (cycles),28821,cycles,DSP,yolov8l-simplified-modified
77564334435,FORWARD_PROPAGATE_LAYER,173,/model.8/m.2/Add:OpId_1016 (cycles),10688,cycles,DSP,yolov8l-simplified-modified
77564334435,FORWARD_PROPAGATE_LAYER,174,/model.8/Concat:OpId_1018 (cycles),0,cycles,DSP,yolov8l-simplified-modified
77564334435,FORWARD_PROPAGATE_LAYER,175,/model.8/cv2/conv/Conv:OpId_1027 (cycles),32154,cycles,DSP,yolov8l-simplified-modified
77564334435,FORWARD_PROPAGATE_LAYER,176,/model.8/cv2/act/Sigmoid:OpId_1030 (cycles),0,cycles,DSP,yolov8l-simplified-modified
77564334435,FORWARD_PROPAGATE_LAYER,177,/model.8/cv2/act/Mul:OpId_1037 (cycles),49099,cycles,DSP,yolov8l-simplified-modified
77564334435,FORWARD_PROPAGATE_LAYER,178,/model.9/cv1/conv/Conv:OpId_1046 (cycles),7206,cycles,DSP,yolov8l-simplified-modified
77564334435,FORWARD_PROPAGATE_LAYER,179,/model.9/cv1/act/Sigmoid:OpId_1049 (cycles),0,cycles,DSP,yolov8l-simplified-modified
77564334435,FORWARD_PROPAGATE_LAYER,180,/model.9/cv1/act/Mul:OpId_1056 (cycles),22249,cycles,DSP,yolov8l-simplified-modified
77564334435,FORWARD_PROPAGATE_LAYER,181,/model.9/m/MaxPool:OpId_1061 (cycles),54531,cycles,DSP,yolov8l-simplified-modified
77564334435,FORWARD_PROPAGATE_LAYER,182,/model.9/m_1/MaxPool:OpId_1066 (cycles),35351,cycles,DSP,yolov8l-simplified-modified
77564334435,FORWARD_PROPAGATE_LAYER,183,/model.9/m_2/MaxPool:OpId_1071 (cycles),42124,cycles,DSP,yolov8l-simplified-modified
77564334435,FORWARD_PROPAGATE_LAYER,184,/model.9/Concat:OpId_1073 (cycles),0,cycles,DSP,yolov8l-simplified-modified
77564334435,FORWARD_PROPAGATE_LAYER,185,/model.9/cv2/conv/Conv:OpId_1082 (cycles),26045,cycles,DSP,yolov8l-simplified-modified
77564334435,FORWARD_PROPAGATE_LAYER,186,/model.9/cv2/act/Sigmoid:OpId_1085 (cycles),0,cycles,DSP,yolov8l-simplified-modified
77564334435,FORWARD_PROPAGATE_LAYER,187,/model.9/cv2/act/Mul:OpId_1092 (cycles),85277,cycles,DSP,yolov8l-simplified-modified
77564334435,FORWARD_PROPAGATE_LAYER,188,/model.10/Resize:OpId_1094 (cycles),70968,cycles,DSP,yolov8l-simplified-modified
77564334435,FORWARD_PROPAGATE_LAYER,189,/model.11/Concat:OpId_1097 (cycles),0,cycles,DSP,yolov8l-simplified-modified
77564334435,FORWARD_PROPAGATE_LAYER,190,/model.12/cv1/conv/Conv:OpId_1106 (cycles),70874,cycles,DSP,yolov8l-simplified-modified
77564334435,FORWARD_PROPAGATE_LAYER,191,/model.12/cv1/act/Sigmoid:OpId_1109 (cycles),0,cycles,DSP,yolov8l-simplified-modified
77564334435,FORWARD_PROPAGATE_LAYER,192,/model.12/cv1/act/Mul:OpId_1116 (cycles),131109,cycles,DSP,yolov8l-simplified-modified
77564334435,FORWARD_PROPAGATE_LAYER,193,/model.12/Slice:OpId_1119 (cycles),20552,cycles,DSP,yolov8l-simplified-modified
77564334435,FORWARD_PROPAGATE_LAYER,194,/model.12/Slice_1:OpId_1125 (cycles),23193,cycles,DSP,yolov8l-simplified-modified
77564334435,FORWARD_PROPAGATE_LAYER,195,/model.12/m.0/cv1/conv/Conv:OpId_1137 (cycles),86314,cycles,DSP,yolov8l-simplified-modified
77564334435,FORWARD_PROPAGATE_LAYER,196,/model.12/m.0/cv1/act/Sigmoid:OpId_1140 (cycles),0,cycles,DSP,yolov8l-simplified-modified
77564334435,FORWARD_PROPAGATE_LAYER,197,/model.12/m.0/cv1/act/Mul:OpId_1147 (cycles),87816,cycles,DSP,yolov8l-simplified-modified
77564334435,FORWARD_PROPAGATE_LAYER,198,/model.12/m.0/cv2/conv/Conv:OpId_1156 (cycles),87672,cycles,DSP,yolov8l-simplified-modified
77564334435,FORWARD_PROPAGATE_LAYER,199,/model.12/m.0/cv2/act/Sigmoid:OpId_1159 (cycles),0,cycles,DSP,yolov8l-simplified-modified
77564334435,FORWARD_PROPAGATE_LAYER,200,/model.12/m.0/cv2/act/Mul:OpId_1166 (cycles),159614,cycles,DSP,yolov8l-simplified-modified
77564334435,FORWARD_PROPAGATE_LAYER,201,/model.12/m.1/cv1/conv/Conv:OpId_1175 (cycles),86287,cycles,DSP,yolov8l-simplified-modified
77564334435,FORWARD_PROPAGATE_LAYER,202,/model.12/m.1/cv1/act/Sigmoid:OpId_1178 (cycles),0,cycles,DSP,yolov8l-simplified-modified
77564334435,FORWARD_PROPAGATE_LAYER,203,/model.12/m.1/cv1/act/Mul:OpId_1185 (cycles),93809,cycles,DSP,yolov8l-simplified-modified
77564334435,FORWARD_PROPAGATE_LAYER,204,/model.12/m.1/cv2/conv/Conv:OpId_1194 (cycles),91608,cycles,DSP,yolov8l-simplified-modified
77564334435,FORWARD_PROPAGATE_LAYER,205,/model.12/m.1/cv2/act/Sigmoid:OpId_1197 (cycles),0,cycles,DSP,yolov8l-simplified-modified
77564334435,FORWARD_PROPAGATE_LAYER,206,/model.12/m.1/cv2/act/Mul:OpId_1204 (cycles),167421,cycles,DSP,yolov8l-simplified-modified
77564334435,FORWARD_PROPAGATE_LAYER,207,/model.12/m.2/cv1/conv/Conv:OpId_1213 (cycles),86684,cycles,DSP,yolov8l-simplified-modified
77564334435,FORWARD_PROPAGATE_LAYER,208,/model.12/m.2/cv1/act/Sigmoid:OpId_1216 (cycles),0,cycles,DSP,yolov8l-simplified-modified
77564334435,FORWARD_PROPAGATE_LAYER,209,/model.12/m.2/cv1/act/Mul:OpId_1223 (cycles),83005,cycles,DSP,yolov8l-simplified-modified
77564334435,FORWARD_PROPAGATE_LAYER,210,/model.12/m.2/cv2/conv/Conv:OpId_1232 (cycles),93450,cycles,DSP,yolov8l-simplified-modified
77564334435,FORWARD_PROPAGATE_LAYER,211,/model.12/m.2/cv2/act/Sigmoid:OpId_1235 (cycles),0,cycles,DSP,yolov8l-simplified-modified
77564334435,FORWARD_PROPAGATE_LAYER,212,/model.12/m.2/cv2/act/Mul:OpId_1242 (cycles),80927,cycles,DSP,yolov8l-simplified-modified
77564334435,FORWARD_PROPAGATE_LAYER,213,/model.12/Concat:OpId_1244 (cycles),0,cycles,DSP,yolov8l-simplified-modified
77564334435,FORWARD_PROPAGATE_LAYER,214,/model.12/cv2/conv/Conv:OpId_1253 (cycles),73648,cycles,DSP,yolov8l-simplified-modified
77564334435,FORWARD_PROPAGATE_LAYER,215,/model.12/cv2/act/Sigmoid:OpId_1256 (cycles),0,cycles,DSP,yolov8l-simplified-modified
77564334435,FORWARD_PROPAGATE_LAYER,216,/model.12/cv2/act/Mul:OpId_1263 (cycles),142222,cycles,DSP,yolov8l-simplified-modified
77564334435,FORWARD_PROPAGATE_LAYER,217,/model.13/Resize:OpId_1265 (cycles),128337,cycles,DSP,yolov8l-simplified-modified
77564334435,FORWARD_PROPAGATE_LAYER,218,/model.14/Concat:OpId_1268 (cycles),0,cycles,DSP,yolov8l-simplified-modified
77564334435,FORWARD_PROPAGATE_LAYER,219,/model.15/cv1/conv/Conv:OpId_1277 (cycles),96020,cycles,DSP,yolov8l-simplified-modified
77564334435,FORWARD_PROPAGATE_LAYER,220,/model.15/cv1/act/Sigmoid:OpId_1280 (cycles),0,cycles,DSP,yolov8l-simplified-modified
77564334435,FORWARD_PROPAGATE_LAYER,221,/model.15/cv1/act/Mul:OpId_1287 (cycles),246129,cycles,DSP,yolov8l-simplified-modified
77564334435,FORWARD_PROPAGATE_LAYER,222,/model.15/Slice:OpId_1290 (cycles),55180,cycles,DSP,yolov8l-simplified-modified
77564334435,FORWARD_PROPAGATE_LAYER,223,/model.15/Slice_1:OpId_1296 (cycles),50320,cycles,DSP,yolov8l-simplified-modified
77564334435,FORWARD_PROPAGATE_LAYER,224,/model.15/m.0/cv1/conv/Conv:OpId_1308 (cycles),85447,cycles,DSP,yolov8l-simplified-modified
77564334435,FORWARD_PROPAGATE_LAYER,225,/model.15/m.0/cv1/act/Sigmoid:OpId_1311 (cycles),0,cycles,DSP,yolov8l-simplified-modified
77564334435,FORWARD_PROPAGATE_LAYER,226,/model.15/m.0/cv1/act/Mul:OpId_1318 (cycles),141543,cycles,DSP,yolov8l-simplified-modified
77564334435,FORWARD_PROPAGATE_LAYER,227,/model.15/m.0/cv2/conv/Conv:OpId_1327 (cycles),78700,cycles,DSP,yolov8l-simplified-modified
77564334435,FORWARD_PROPAGATE_LAYER,228,/model.15/m.0/cv2/act/Sigmoid:OpId_1330 (cycles),0,cycles,DSP,yolov8l-simplified-modified
77564334435,FORWARD_PROPAGATE_LAYER,229,/model.15/m.0/cv2/act/Mul:OpId_1337 (cycles),272627,cycles,DSP,yolov8l-simplified-modified
77564334435,FORWARD_PROPAGATE_LAYER,230,/model.15/m.1/cv1/conv/Conv:OpId_1346 (cycles),77770,cycles,DSP,yolov8l-simplified-modified
77564334435,FORWARD_PROPAGATE_LAYER,231,/model.15/m.1/cv1/act/Sigmoid:OpId_1349 (cycles),0,cycles,DSP,yolov8l-simplified-modified
77564334435,FORWARD_PROPAGATE_LAYER,232,/model.15/m.1/cv1/act/Mul:OpId_1356 (cycles),157761,cycles,DSP,yolov8l-simplified-modified
77564334435,FORWARD_PROPAGATE_LAYER,233,/model.15/m.1/cv2/conv/Conv:OpId_1365 (cycles),88848,cycles,DSP,yolov8l-simplified-modified
77564334435,FORWARD_PROPAGATE_LAYER,234,/model.15/m.1/cv2/act/Sigmoid:OpId_1368 (cycles),0,cycles,DSP,yolov8l-simplified-modified
77564334435,FORWARD_PROPAGATE_LAYER,235,/model.15/m.1/cv2/act/Mul:OpId_1375 (cycles),326377,cycles,DSP,yolov8l-simplified-modified
77564334435,FORWARD_PROPAGATE_LAYER,236,/model.15/m.2/cv1/conv/Conv:OpId_1384 (cycles),89127,cycles,DSP,yolov8l-simplified-modified
77564334435,FORWARD_PROPAGATE_LAYER,237,/model.15/m.2/cv1/act/Sigmoid:OpId_1387 (cycles),0,cycles,DSP,yolov8l-simplified-modified
77564334435,FORWARD_PROPAGATE_LAYER,238,/model.15/m.2/cv1/act/Mul:OpId_1394 (cycles),158443,cycles,DSP,yolov8l-simplified-modified
77564334435,FORWARD_PROPAGATE_LAYER,239,/model.15/m.2/cv2/conv/Conv:OpId_1403 (cycles),80657,cycles,DSP,yolov8l-simplified-modified
77564334435,FORWARD_PROPAGATE_LAYER,240,/model.15/m.2/cv2/act/Sigmoid:OpId_1406 (cycles),0,cycles,DSP,yolov8l-simplified-modified
77564334435,FORWARD_PROPAGATE_LAYER,241,/model.15/m.2/cv2/act/Mul:OpId_1413 (cycles),157524,cycles,DSP,yolov8l-simplified-modified
77564334435,FORWARD_PROPAGATE_LAYER,242,/model.15/Concat:OpId_1415 (cycles),0,cycles,DSP,yolov8l-simplified-modified
77564334435,FORWARD_PROPAGATE_LAYER,243,/model.15/cv2/conv/Conv:OpId_1424 (cycles),78028,cycles,DSP,yolov8l-simplified-modified
77564334435,FORWARD_PROPAGATE_LAYER,244,/model.15/cv2/act/Sigmoid:OpId_1427 (cycles),0,cycles,DSP,yolov8l-simplified-modified
77564334435,FORWARD_PROPAGATE_LAYER,245,/model.15/cv2/act/Mul:OpId_1434 (cycles),316192,cycles,DSP,yolov8l-simplified-modified
77564334435,FORWARD_PROPAGATE_LAYER,246,/model.16/conv/Conv:OpId_1443 (cycles),198793,cycles,DSP,yolov8l-simplified-modified
77564334435,FORWARD_PROPAGATE_LAYER,247,/model.22/cv2.0/cv2.0.0/conv/Conv:OpId_1453 (cycles),75553,cycles,DSP,yolov8l-simplified-modified
77564334435,FORWARD_PROPAGATE_LAYER,248,/model.22/cv3.0/cv3.0.0/conv/Conv:OpId_1463 (cycles),295352,cycles,DSP,yolov8l-simplified-modified
77564334435,FORWARD_PROPAGATE_LAYER,249,/model.16/act/Sigmoid:OpId_1466 (cycles),0,cycles,DSP,yolov8l-simplified-modified
77564334435,FORWARD_PROPAGATE_LAYER,250,/model.22/cv2.0/cv2.0.0/act/Sigmoid:OpId_1473 (cycles),0,cycles,DSP,yolov8l-simplified-modified
77564334435,FORWARD_PROPAGATE_LAYER,251,/model.22/cv3.0/cv3.0.0/act/Sigmoid:OpId_1480 (cycles),0,cycles,DSP,yolov8l-simplified-modified
77564334435,FORWARD_PROPAGATE_LAYER,252,/model.16/act/Mul:OpId_1487 (cycles),76044,cycles,DSP,yolov8l-simplified-modified
77564334435,FORWARD_PROPAGATE_LAYER,253,/model.22/cv2.0/cv2.0.0/act/Mul:OpId_1489 (cycles),93875,cycles,DSP,yolov8l-simplified-modified
77564334435,FORWARD_PROPAGATE_LAYER,254,/model.22/cv3.0/cv3.0.0/act/Mul:OpId_1491 (cycles),336232,cycles,DSP,yolov8l-simplified-modified
77564334435,FORWARD_PROPAGATE_LAYER,255,/model.17/Concat:OpId_1493 (cycles),0,cycles,DSP,yolov8l-simplified-modified
77564334435,FORWARD_PROPAGATE_LAYER,256,/model.22/cv2.0/cv2.0.1/conv/Conv:OpId_1502 (cycles),22065,cycles,DSP,yolov8l-simplified-modified
77564334435,FORWARD_PROPAGATE_LAYER,257,/model.22/cv3.0/cv3.0.1/conv/Conv:OpId_1512 (cycles),312872,cycles,DSP,yolov8l-simplified-modified
77564334435,FORWARD_PROPAGATE_LAYER,258,/model.18/cv1/conv/Conv:OpId_1522 (cycles),50792,cycles,DSP,yolov8l-simplified-modified
77564334435,FORWARD_PROPAGATE_LAYER,259,/model.22/cv2.0/cv2.0.1/act/Sigmoid:OpId_1525 (cycles),0,cycles,DSP,yolov8l-simplified-modified
77564334435,FORWARD_PROPAGATE_LAYER,260,/model.22/cv3.0/cv3.0.1/act/Sigmoid:OpId_1532 (cycles),0,cycles,DSP,yolov8l-simplified-modified
77564334435,FORWARD_PROPAGATE_LAYER,261,/model.18/cv1/act/Sigmoid:OpId_1539 (cycles),0,cycles,DSP,yolov8l-simplified-modified
77564334435,FORWARD_PROPAGATE_LAYER,262,/model.22/cv2.0/cv2.0.1/act/Mul:OpId_1546 (cycles),73873,cycles,DSP,yolov8l-simplified-modified
77564334435,FORWARD_PROPAGATE_LAYER,263,/model.22/cv3.0/cv3.0.1/act/Mul:OpId_1548 (cycles),328058,cycles,DSP,yolov8l-simplified-modified
77564334435,FORWARD_PROPAGATE_LAYER,264,/model.18/cv1/act/Mul:OpId_1550 (cycles),140007,cycles,DSP,yolov8l-simplified-modified
77564334435,FORWARD_PROPAGATE_LAYER,265,/model.22/cv2.0/cv2.0.2/Conv:OpId_1559 (cycles),4958,cycles,DSP,yolov8l-simplified-modified
77564334435,FORWARD_PROPAGATE_LAYER,266,/model.22/cv2.0/cv2.0.2/Conv_output_0.nchw:OpId_1563 (cycles),228299,cycles,DSP,yolov8l-simplified-modified
77564334435,FORWARD_PROPAGATE_LAYER,267,/model.22/cv3.0/cv3.0.2/Conv:OpId_1571 (cycles),212069,cycles,DSP,yolov8l-simplified-modified
77564334435,FORWARD_PROPAGATE_LAYER,268,/model.18/Slice:OpId_1575 (cycles),25089,cycles,DSP,yolov8l-simplified-modified
77564334435,FORWARD_PROPAGATE_LAYER,269,/model.18/Slice_1:OpId_1581 (cycles),22845,cycles,DSP,yolov8l-simplified-modified
77564334435,FORWARD_PROPAGATE_LAYER,270,/model.22/Reshape:OpId_1586 (cycles),29652,cycles,DSP,yolov8l-simplified-modified
77564334435,FORWARD_PROPAGATE_LAYER,271,/model.22/Sigmoid:OpId_1587 (cycles),335396,cycles,DSP,yolov8l-simplified-modified
77564334435,FORWARD_PROPAGATE_LAYER,272,/model.18/m.0/cv1/conv/Conv:OpId_1601 (cycles),88284,cycles,DSP,yolov8l-simplified-modified
77564334435,FORWARD_PROPAGATE_LAYER,273,/model.22/Transpose:OpId_1605 (cycles),108372,cycles,DSP,yolov8l-simplified-modified
77564334435,FORWARD_PROPAGATE_LAYER,274,/model.22/ReduceMax:OpId_1607 (cycles),234513,cycles,DSP,yolov8l-simplified-modified
77564334435,FORWARD_PROPAGATE_LAYER,275,/model.18/m.0/cv1/act/Sigmoid:OpId_1609 (cycles),0,cycles,DSP,yolov8l-simplified-modified
77564334435,FORWARD_PROPAGATE_LAYER,276,/model.22/Softmax:OpId_1616 (cycles),515898,cycles,DSP,yolov8l-simplified-modified
77564334435,FORWARD_PROPAGATE_LAYER,277,/model.18/m.0/cv1/act/Mul:OpId_1619 (cycles),88610,cycles,DSP,yolov8l-simplified-modified
77564334435,FORWARD_PROPAGATE_LAYER,278,/model.22/Transpose_1:OpId_1622 (cycles),36713,cycles,DSP,yolov8l-simplified-modified
77564334435,FORWARD_PROPAGATE_LAYER,279,/model.18/m.0/cv2/conv/Conv:OpId_1630 (cycles),88581,cycles,DSP,yolov8l-simplified-modified
77564334435,FORWARD_PROPAGATE_LAYER,280,/model.22/proj_conv/Conv:OpId_1640 (cycles),11462,cycles,DSP,yolov8l-simplified-modified
77564334435,FORWARD_PROPAGATE_LAYER,281,/model.18/m.0/cv2/act/Sigmoid:OpId_1643 (cycles),0,cycles,DSP,yolov8l-simplified-modified
77564334435,FORWARD_PROPAGATE_LAYER,282,/model.22/Gather_output_0_pre_reshape.nchw:OpId_1651 (cycles),0,cycles,DSP,yolov8l-simplified-modified
77564334435,FORWARD_PROPAGATE_LAYER,283,Reshape_post_/model.22/Gather:OpId_1652 (cycles),55926,cycles,DSP,yolov8l-simplified-modified
77564334435,FORWARD_PROPAGATE_LAYER,284,/model.22/Reshape_1_output_0.nhwc:OpId_1654 (cycles),16306,cycles,DSP,yolov8l-simplified-modified
77564334435,FORWARD_PROPAGATE_LAYER,285,/model.18/m.0/cv2/act/Mul:OpId_1655 (cycles),179339,cycles,DSP,yolov8l-simplified-modified
77564334435,FORWARD_PROPAGATE_LAYER,286,/model.18/m.1/cv1/conv/Conv:OpId_1664 (cycles),102203,cycles,DSP,yolov8l-simplified-modified
77564334435,FORWARD_PROPAGATE_LAYER,287,/model.22/Concat:OpId_1667 (cycles),81153,cycles,DSP,yolov8l-simplified-modified
77564334435,FORWARD_PROPAGATE_LAYER,288,/model.18/m.1/cv1/act/Sigmoid:OpId_1669 (cycles),0,cycles,DSP,yolov8l-simplified-modified
77564334435,FORWARD_PROPAGATE_LAYER,289,/model.18/m.1/cv1/act/Mul:OpId_1676 (cycles),89358,cycles,DSP,yolov8l-simplified-modified
77564334435,FORWARD_PROPAGATE_LAYER,290,/model.18/m.1/cv2/conv/Conv:OpId_1685 (cycles),88587,cycles,DSP,yolov8l-simplified-modified
77564334435,FORWARD_PROPAGATE_LAYER,291,/model.18/m.1/cv2/act/Sigmoid:OpId_1688 (cycles),0,cycles,DSP,yolov8l-simplified-modified
77564334435,FORWARD_PROPAGATE_LAYER,292,/model.18/m.1/cv2/act/Mul:OpId_1695 (cycles),180001,cycles,DSP,yolov8l-simplified-modified
77564334435,FORWARD_PROPAGATE_LAYER,293,/model.18/m.2/cv1/conv/Conv:OpId_1704 (cycles),98263,cycles,DSP,yolov8l-simplified-modified
77564334435,FORWARD_PROPAGATE_LAYER,294,/model.18/m.2/cv1/act/Sigmoid:OpId_1707 (cycles),0,cycles,DSP,yolov8l-simplified-modified
77564334435,FORWARD_PROPAGATE_LAYER,295,/model.18/m.2/cv1/act/Mul:OpId_1714 (cycles),90190,cycles,DSP,yolov8l-simplified-modified
77564334435,FORWARD_PROPAGATE_LAYER,296,/model.18/m.2/cv2/conv/Conv:OpId_1723 (cycles),87265,cycles,DSP,yolov8l-simplified-modified
77564334435,FORWARD_PROPAGATE_LAYER,297,/model.18/m.2/cv2/act/Sigmoid:OpId_1726 (cycles),0,cycles,DSP,yolov8l-simplified-modified
77564334435,FORWARD_PROPAGATE_LAYER,298,/model.18/m.2/cv2/act/Mul:OpId_1733 (cycles),84769,cycles,DSP,yolov8l-simplified-modified
77564334435,FORWARD_PROPAGATE_LAYER,299,/model.18/Concat:OpId_1735 (cycles),0,cycles,DSP,yolov8l-simplified-modified
77564334435,FORWARD_PROPAGATE_LAYER,300,/model.18/cv2/conv/Conv:OpId_1744 (cycles),87292,cycles,DSP,yolov8l-simplified-modified
77564334435,FORWARD_PROPAGATE_LAYER,301,/model.18/cv2/act/Sigmoid:OpId_1747 (cycles),0,cycles,DSP,yolov8l-simplified-modified
77564334435,FORWARD_PROPAGATE_LAYER,302,/model.18/cv2/act/Mul:OpId_1754 (cycles),160952,cycles,DSP,yolov8l-simplified-modified
77564334435,FORWARD_PROPAGATE_LAYER,303,/model.19/conv/Conv:OpId_1763 (cycles),218223,cycles,DSP,yolov8l-simplified-modified
77564334435,FORWARD_PROPAGATE_LAYER,304,/model.22/cv2.1/cv2.1.0/conv/Conv:OpId_1773 (cycles),43777,cycles,DSP,yolov8l-simplified-modified
77564334435,FORWARD_PROPAGATE_LAYER,305,/model.22/cv3.1/cv3.1.0/conv/Conv:OpId_1783 (cycles),173306,cycles,DSP,yolov8l-simplified-modified
77564334435,FORWARD_PROPAGATE_LAYER,306,/model.19/act/Sigmoid:OpId_1786 (cycles),0,cycles,DSP,yolov8l-simplified-modified
77564334435,FORWARD_PROPAGATE_LAYER,307,/model.22/cv2.1/cv2.1.0/act/Sigmoid:OpId_1793 (cycles),0,cycles,DSP,yolov8l-simplified-modified
77564334435,FORWARD_PROPAGATE_LAYER,308,/model.22/cv3.1/cv3.1.0/act/Sigmoid:OpId_1800 (cycles),0,cycles,DSP,yolov8l-simplified-modified
77564334435,FORWARD_PROPAGATE_LAYER,309,/model.19/act/Mul:OpId_1807 (cycles),43403,cycles,DSP,yolov8l-simplified-modified
77564334435,FORWARD_PROPAGATE_LAYER,310,/model.22/cv2.1/cv2.1.0/act/Mul:OpId_1809 (cycles),17961,cycles,DSP,yolov8l-simplified-modified
77564334435,FORWARD_PROPAGATE_LAYER,311,/model.22/cv3.1/cv3.1.0/act/Mul:OpId_1811 (cycles),87385,cycles,DSP,yolov8l-simplified-modified
77564334435,FORWARD_PROPAGATE_LAYER,312,/model.20/Concat:OpId_1813 (cycles),0,cycles,DSP,yolov8l-simplified-modified
77564334435,FORWARD_PROPAGATE_LAYER,313,/model.22/cv2.1/cv2.1.1/conv/Conv:OpId_1822 (cycles),7278,cycles,DSP,yolov8l-simplified-modified
77564334435,FORWARD_PROPAGATE_LAYER,314,/model.22/cv3.1/cv3.1.1/conv/Conv:OpId_1832 (cycles),93123,cycles,DSP,yolov8l-simplified-modified
77564334435,FORWARD_PROPAGATE_LAYER,315,/model.21/cv1/conv/Conv:OpId_1842 (cycles),24419,cycles,DSP,yolov8l-simplified-modified
77564334435,FORWARD_PROPAGATE_LAYER,316,/model.22/cv2.1/cv2.1.1/act/Sigmoid:OpId_1845 (cycles),0,cycles,DSP,yolov8l-simplified-modified
77564334435,FORWARD_PROPAGATE_LAYER,317,/model.22/cv3.1/cv3.1.1/act/Sigmoid:OpId_1852 (cycles),0,cycles,DSP,yolov8l-simplified-modified
77564334435,FORWARD_PROPAGATE_LAYER,318,/model.21/cv1/act/Sigmoid:OpId_1859 (cycles),0,cycles,DSP,yolov8l-simplified-modified
77564334435,FORWARD_PROPAGATE_LAYER,319,/model.22/cv2.1/cv2.1.1/act/Mul:OpId_1866 (cycles),18505,cycles,DSP,yolov8l-simplified-modified
77564334435,FORWARD_PROPAGATE_LAYER,320,/model.22/cv3.1/cv3.1.1/act/Mul:OpId_1868 (cycles),84413,cycles,DSP,yolov8l-simplified-modified
77564334435,FORWARD_PROPAGATE_LAYER,321,/model.21/cv1/act/Mul:OpId_1870 (cycles),45368,cycles,DSP,yolov8l-simplified-modified
77564334435,FORWARD_PROPAGATE_LAYER,322,/model.22/cv2.1/cv2.1.2/Conv:OpId_1879 (cycles),1988,cycles,DSP,yolov8l-simplified-modified
77564334435,FORWARD_PROPAGATE_LAYER,323,/model.22/cv2.1/cv2.1.2/Conv_output_0.nchw:OpId_1883 (cycles),16307,cycles,DSP,yolov8l-simplified-modified
77564334435,FORWARD_PROPAGATE_LAYER,324,/model.22/cv3.1/cv3.1.2/Conv:OpId_1891 (cycles),4811,cycles,DSP,yolov8l-simplified-modified
77564334435,FORWARD_PROPAGATE_LAYER,325,/model.21/Slice:OpId_1895 (cycles),10748,cycles,DSP,yolov8l-simplified-modified
77564334435,FORWARD_PROPAGATE_LAYER,326,/model.21/Slice_1:OpId_1901 (cycles),8691,cycles,DSP,yolov8l-simplified-modified
77564334435,FORWARD_PROPAGATE_LAYER,327,/model.22/Reshape_2:OpId_1906 (cycles),33878,cycles,DSP,yolov8l-simplified-modified
77564334435,FORWARD_PROPAGATE_LAYER,328,/model.22/Sigmoid_1:OpId_1907 (cycles),147325,cycles,DSP,yolov8l-simplified-modified
77564334435,FORWARD_PROPAGATE_LAYER,329,/model.21/m.0/cv1/conv/Conv:OpId_1921 (cycles),38757,cycles,DSP,yolov8l-simplified-modified
77564334435,FORWARD_PROPAGATE_LAYER,330,/model.22/Transpose_2:OpId_1925 (cycles),25323,cycles,DSP,yolov8l-simplified-modified
77564334435,FORWARD_PROPAGATE_LAYER,331,/model.22/ReduceMax_1:OpId_1927 (cycles),58976,cycles,DSP,yolov8l-simplified-modified
77564334435,FORWARD_PROPAGATE_LAYER,332,/model.21/m.0/cv1/act/Sigmoid:OpId_1929 (cycles),0,cycles,DSP,yolov8l-simplified-modified
77564334435,FORWARD_PROPAGATE_LAYER,333,/model.22/Softmax_1:OpId_1936 (cycles),125927,cycles,DSP,yolov8l-simplified-modified
77564334435,FORWARD_PROPAGATE_LAYER,334,/model.21/m.0/cv1/act/Mul:OpId_1939 (cycles),29702,cycles,DSP,yolov8l-simplified-modified
77564334435,FORWARD_PROPAGATE_LAYER,335,/model.22/Transpose_3:OpId_1942 (cycles),12199,cycles,DSP,yolov8l-simplified-modified
77564334435,FORWARD_PROPAGATE_LAYER,336,/model.21/m.0/cv2/conv/Conv:OpId_1950 (cycles),37177,cycles,DSP,yolov8l-simplified-modified
77564334435,FORWARD_PROPAGATE_LAYER,337,/model.22/proj_conv_1/Conv:OpId_1958 (cycles),2141,cycles,DSP,yolov8l-simplified-modified
77564334435,FORWARD_PROPAGATE_LAYER,338,/model.21/m.0/cv2/act/Sigmoid:OpId_1961 (cycles),0,cycles,DSP,yolov8l-simplified-modified
77564334435,FORWARD_PROPAGATE_LAYER,339,/model.22/Gather_1_output_0_pre_reshape.nchw:OpId_1969 (cycles),0,cycles,DSP,yolov8l-simplified-modified
77564334435,FORWARD_PROPAGATE_LAYER,340,Reshape_post_/model.22/Gather_1:OpId_1970 (cycles),13713,cycles,DSP,yolov8l-simplified-modified
77564334435,FORWARD_PROPAGATE_LAYER,341,/model.22/Reshape_3_output_0.nhwc:OpId_1972 (cycles),2109,cycles,DSP,yolov8l-simplified-modified
77564334435,FORWARD_PROPAGATE_LAYER,342,/model.21/m.0/cv2/act/Mul:OpId_1973 (cycles),53313,cycles,DSP,yolov8l-simplified-modified
77564334435,FORWARD_PROPAGATE_LAYER,343,/model.21/m.1/cv1/conv/Conv:OpId_1982 (cycles),35799,cycles,DSP,yolov8l-simplified-modified
77564334435,FORWARD_PROPAGATE_LAYER,344,/model.22/Concat_1:OpId_1985 (cycles),20115,cycles,DSP,yolov8l-simplified-modified
77564334435,FORWARD_PROPAGATE_LAYER,345,/model.21/m.1/cv1/act/Sigmoid:OpId_1987 (cycles),0,cycles,DSP,yolov8l-simplified-modified
77564334435,FORWARD_PROPAGATE_LAYER,346,/model.21/m.1/cv1/act/Mul:OpId_1994 (cycles),26405,cycles,DSP,yolov8l-simplified-modified
77564334435,FORWARD_PROPAGATE_LAYER,347,/model.21/m.1/cv2/conv/Conv:OpId_2003 (cycles),35678,cycles,DSP,yolov8l-simplified-modified
77564334435,FORWARD_PROPAGATE_LAYER,348,/model.21/m.1/cv2/act/Sigmoid:OpId_2006 (cycles),0,cycles,DSP,yolov8l-simplified-modified
77564334435,FORWARD_PROPAGATE_LAYER,349,/model.21/m.1/cv2/act/Mul:OpId_2013 (cycles),57304,cycles,DSP,yolov8l-simplified-modified
77564334435,FORWARD_PROPAGATE_LAYER,350,/model.21/m.2/cv1/conv/Conv:OpId_2022 (cycles),34714,cycles,DSP,yolov8l-simplified-modified
77564334435,FORWARD_PROPAGATE_LAYER,351,/model.21/m.2/cv1/act/Sigmoid:OpId_2025 (cycles),0,cycles,DSP,yolov8l-simplified-modified
77564334435,FORWARD_PROPAGATE_LAYER,352,/model.21/m.2/cv1/act/Mul:OpId_2032 (cycles),27026,cycles,DSP,yolov8l-simplified-modified
77564334435,FORWARD_PROPAGATE_LAYER,353,/model.21/m.2/cv2/conv/Conv:OpId_2041 (cycles),37558,cycles,DSP,yolov8l-simplified-modified
77564334435,FORWARD_PROPAGATE_LAYER,354,/model.21/m.2/cv2/act/Sigmoid:OpId_2044 (cycles),0,cycles,DSP,yolov8l-simplified-modified
77564334435,FORWARD_PROPAGATE_LAYER,355,/model.21/m.2/cv2/act/Mul:OpId_2051 (cycles),28435,cycles,DSP,yolov8l-simplified-modified
77564334435,FORWARD_PROPAGATE_LAYER,356,/model.21/Concat:OpId_2053 (cycles),0,cycles,DSP,yolov8l-simplified-modified
77564334435,FORWARD_PROPAGATE_LAYER,357,/model.21/cv2/conv/Conv:OpId_2062 (cycles),30852,cycles,DSP,yolov8l-simplified-modified
77564334435,FORWARD_PROPAGATE_LAYER,358,/model.21/cv2/act/Sigmoid:OpId_2065 (cycles),0,cycles,DSP,yolov8l-simplified-modified
77564334435,FORWARD_PROPAGATE_LAYER,359,/model.21/cv2/act/Mul:OpId_2072 (cycles),44517,cycles,DSP,yolov8l-simplified-modified
77564334435,FORWARD_PROPAGATE_LAYER,360,/model.22/cv2.2/cv2.2.0/conv/Conv:OpId_2081 (cycles),19848,cycles,DSP,yolov8l-simplified-modified
77564334435,FORWARD_PROPAGATE_LAYER,361,/model.22/cv3.2/cv3.2.0/conv/Conv:OpId_2091 (cycles),63655,cycles,DSP,yolov8l-simplified-modified
77564334435,FORWARD_PROPAGATE_LAYER,362,/model.22/cv2.2/cv2.2.0/act/Sigmoid:OpId_2094 (cycles),0,cycles,DSP,yolov8l-simplified-modified
77564334435,FORWARD_PROPAGATE_LAYER,363,/model.22/cv3.2/cv3.2.0/act/Sigmoid:OpId_2101 (cycles),0,cycles,DSP,yolov8l-simplified-modified
77564334435,FORWARD_PROPAGATE_LAYER,364,/model.22/cv2.2/cv2.2.0/act/Mul:OpId_2108 (cycles),10169,cycles,DSP,yolov8l-simplified-modified
77564334435,FORWARD_PROPAGATE_LAYER,365,/model.22/cv3.2/cv3.2.0/act/Mul:OpId_2110 (cycles),28031,cycles,DSP,yolov8l-simplified-modified
77564334435,FORWARD_PROPAGATE_LAYER,366,/model.22/cv2.2/cv2.2.1/conv/Conv:OpId_2119 (cycles),3728,cycles,DSP,yolov8l-simplified-modified
77564334435,FORWARD_PROPAGATE_LAYER,367,/model.22/cv3.2/cv3.2.1/conv/Conv:OpId_2129 (cycles),36390,cycles,DSP,yolov8l-simplified-modified
77564334435,FORWARD_PROPAGATE_LAYER,368,/model.22/cv2.2/cv2.2.1/act/Sigmoid:OpId_2132 (cycles),0,cycles,DSP,yolov8l-simplified-modified
77564334435,FORWARD_PROPAGATE_LAYER,369,/model.22/cv3.2/cv3.2.1/act/Sigmoid:OpId_2139 (cycles),0,cycles,DSP,yolov8l-simplified-modified
77564334435,FORWARD_PROPAGATE_LAYER,370,/model.22/cv2.2/cv2.2.1/act/Mul:OpId_2146 (cycles),7323,cycles,DSP,yolov8l-simplified-modified
77564334435,FORWARD_PROPAGATE_LAYER,371,/model.22/cv3.2/cv3.2.1/act/Mul:OpId_2148 (cycles),30756,cycles,DSP,yolov8l-simplified-modified
77564334435,FORWARD_PROPAGATE_LAYER,372,/model.22/cv2.2/cv2.2.2/Conv:OpId_2157 (cycles),1183,cycles,DSP,yolov8l-simplified-modified
77564334435,FORWARD_PROPAGATE_LAYER,373,/model.22/cv2.2/cv2.2.2/Conv_output_0.nchw:OpId_2161 (cycles),5132,cycles,DSP,yolov8l-simplified-modified
77564334435,FORWARD_PROPAGATE_LAYER,374,/model.22/cv3.2/cv3.2.2/Conv:OpId_2169 (cycles),15860,cycles,DSP,yolov8l-simplified-modified
77564334435,FORWARD_PROPAGATE_LAYER,375,/model.22/Reshape_4:OpId_2172 (cycles),12270,cycles,DSP,yolov8l-simplified-modified
77564334435,FORWARD_PROPAGATE_LAYER,376,/model.22/Sigmoid_2:OpId_2173 (cycles),27096,cycles,DSP,yolov8l-simplified-modified
77564334435,FORWARD_PROPAGATE_LAYER,377,/model.22/Transpose_4:OpId_2181 (cycles),6740,cycles,DSP,yolov8l-simplified-modified
77564334435,FORWARD_PROPAGATE_LAYER,378,/model.22/ReduceMax_2:OpId_2183 (cycles),20059,cycles,DSP,yolov8l-simplified-modified
77564334435,FORWARD_PROPAGATE_LAYER,379,/model.22/Softmax_2:OpId_2185 (cycles),34126,cycles,DSP,yolov8l-simplified-modified
77564334435,FORWARD_PROPAGATE_LAYER,380,/model.22/Transpose_5:OpId_2189 (cycles),2080,cycles,DSP,yolov8l-simplified-modified
77564334435,FORWARD_PROPAGATE_LAYER,381,/model.22/proj_conv_2/Conv:OpId_2195 (cycles),987,cycles,DSP,yolov8l-simplified-modified
77564334435,FORWARD_PROPAGATE_LAYER,382,/model.22/Gather_2_output_0_pre_reshape.nchw:OpId_2199 (cycles),0,cycles,DSP,yolov8l-simplified-modified
77564334435,FORWARD_PROPAGATE_LAYER,383,Reshape_post_/model.22/Gather_2:OpId_2200 (cycles),2858,cycles,DSP,yolov8l-simplified-modified
77564334435,FORWARD_PROPAGATE_LAYER,384,/model.22/Reshape_5_output_0.nhwc:OpId_2202 (cycles),2559,cycles,DSP,yolov8l-simplified-modified
77564334435,FORWARD_PROPAGATE_LAYER,385,/model.22/Concat_2:OpId_2203 (cycles),5650,cycles,DSP,yolov8l-simplified-modified
77564334435,FORWARD_PROPAGATE_LAYER,386,Output OpId_3 (cycles),60543,cycles,DSP,yolov8l-simplified-modified
77564334435,EXECUTE_TIME_SUBNET_0,,,28399923,cycles,DSP,yolov8l-simplified-modified
77564334435,TOTAL_INFERENCE_TIME,,,27352,us,,yolov8l-simplified-modified
77564334435,FORWARD_PROPAGATE,,,27311,us,,yolov8l-simplified-modified
77564334435,FORWARD_PROPAGATE_LAYER,0,Input OpId_2 (cycles),0,cycles,DSP,yolov8l-simplified-modified
77564334435,FORWARD_PROPAGATE_LAYER,1,/model.0/conv/Conv:OpId_23 (cycles),589884,cycles,DSP,yolov8l-simplified-modified
77564334435,FORWARD_PROPAGATE_LAYER,2,/model.0/act/Sigmoid:OpId_26 (cycles),0,cycles,DSP,yolov8l-simplified-modified
77564334435,FORWARD_PROPAGATE_LAYER,3,/model.0/act/Mul:OpId_33 (cycles),993602,cycles,DSP,yolov8l-simplified-modified
77564334435,FORWARD_PROPAGATE_LAYER,4,/model.1/conv/Conv:OpId_42 (cycles),470345,cycles,DSP,yolov8l-simplified-modified
77564334435,FORWARD_PROPAGATE_LAYER,5,/model.1/act/Sigmoid:OpId_45 (cycles),0,cycles,DSP,yolov8l-simplified-modified
77564334435,FORWARD_PROPAGATE_LAYER,6,/model.1/act/Mul:OpId_52 (cycles),453686,cycles,DSP,yolov8l-simplified-modified
77564334435,FORWARD_PROPAGATE_LAYER,7,/model.2/cv1/conv/Conv:OpId_61 (cycles),39444,cycles,DSP,yolov8l-simplified-modified
77564334435,FORWARD_PROPAGATE_LAYER,8,/model.2/cv1/act/Sigmoid:OpId_64 (cycles),0,cycles,DSP,yolov8l-simplified-modified
77564334435,FORWARD_PROPAGATE_LAYER,9,/model.2/cv1/act/Mul:OpId_71 (cycles),446552,cycles,DSP,yolov8l-simplified-modified
77564334435,FORWARD_PROPAGATE_LAYER,10,/model.2/Slice:OpId_74 (cycles),98965,cycles,DSP,yolov8l-simplified-modified
77564334435,FORWARD_PROPAGATE_LAYER,11,/model.2/Slice_1:OpId_80 (cycles),87027,cycles,DSP,yolov8l-simplified-modified
77564334435,FORWARD_PROPAGATE_LAYER,12,/model.2/m.0/cv1/conv/Conv:OpId_92 (cycles),84522,cycles,DSP,yolov8l-simplified-modified
77564334435,FORWARD_PROPAGATE_LAYER,13,/model.2/m.0/cv1/act/Sigmoid:OpId_95 (cycles),0,cycles,DSP,yolov8l-simplified-modified
77564334435,FORWARD_PROPAGATE_LAYER,14,/model.2/m.0/cv1/act/Mul:OpId_102 (cycles),241526,cycles,DSP,yolov8l-simplified-modified
77564334435,FORWARD_PROPAGATE_LAYER,15,/model.2/m.0/cv2/conv/Conv:OpId_111 (cycles),83442,cycles,DSP,yolov8l-simplified-modified
77564334435,FORWARD_PROPAGATE_LAYER,16,/model.2/m.0/cv2/act/Sigmoid:OpId_114 (cycles),0,cycles,DSP,yolov8l-simplified-modified
77564334435,FORWARD_PROPAGATE_LAYER,17,/model.2/m.0/cv2/act/Mul:OpId_121 (cycles),235508,cycles,DSP,yolov8l-simplified-modified
77564334435,FORWARD_PROPAGATE_LAYER,18,/model.2/m.0/Add:OpId_123 (cycles),221506,cycles,DSP,yolov8l-simplified-modified
77564334435,FORWARD_PROPAGATE_LAYER,19,/model.2/m.1/cv1/conv/Conv:OpId_132 (cycles),85384,cycles,DSP,yolov8l-simplified-modified
77564334435,FORWARD_PROPAGATE_LAYER,20,/model.2/m.1/cv1/act/Sigmoid:OpId_135 (cycles),0,cycles,DSP,yolov8l-simplified-modified
77564334435,FORWARD_PROPAGATE_LAYER,21,/model.2/m.1/cv1/act/Mul:OpId_142 (cycles),238133,cycles,DSP,yolov8l-simplified-modified
77564334435,FORWARD_PROPAGATE_LAYER,22,/model.2/m.1/cv2/conv/Conv:OpId_151 (cycles),83628,cycles,DSP,yolov8l-simplified-modified
77564334435,FORWARD_PROPAGATE_LAYER,23,/model.2/m.1/cv2/act/Sigmoid:OpId_154 (cycles),0,cycles,DSP,yolov8l-simplified-modified
77564334435,FORWARD_PROPAGATE_LAYER,24,/model.2/m.1/cv2/act/Mul:OpId_161 (cycles),248415,cycles,DSP,yolov8l-simplified-modified
77564334435,FORWARD_PROPAGATE_LAYER,25,/model.2/m.1/Add:OpId_163 (cycles),231517,cycles,DSP,yolov8l-simplified-modified
77564334435,FORWARD_PROPAGATE_LAYER,26,/model.2/m.2/cv1/conv/Conv:OpId_172 (cycles),84484,cycles,DSP,yolov8l-simplified-modified
77564334435,FORWARD_PROPAGATE_LAYER,27,/model.2/m.2/cv1/act/Sigmoid:OpId_175 (cycles),0,cycles,DSP,yolov8l-simplified-modified
77564334435,FORWARD_PROPAGATE_LAYER,28,/model.2/m.2/cv1/act/Mul:OpId_182 (cycles),244452,cycles,DSP,yolov8l-simplified-modified
77564334435,FORWARD_PROPAGATE_LAYER,29,/model.2/m.2/cv2/conv/Conv:OpId_191 (cycles),84076,cycles,DSP,yolov8l-simplified-modified
77564334435,FORWARD_PROPAGATE_LAYER,30,/model.2/m.2/cv2/act/Sigmoid:OpId_194 (cycles),0,cycles,DSP,yolov8l-simplified-modified
77564334435,FORWARD_PROPAGATE_LAYER,31,/model.2/m.2/cv2/act/Mul:OpId_201 (cycles),232716,cycles,DSP,yolov8l-simplified-modified
77564334435,FORWARD_PROPAGATE_LAYER,32,/model.2/m.2/Add:OpId_203 (cycles),119286,cycles,DSP,yolov8l-simplified-modified
77564334435,FORWARD_PROPAGATE_LAYER,33,/model.2/Concat:OpId_205 (cycles),0,cycles,DSP,yolov8l-simplified-modified
77564334435,FORWARD_PROPAGATE_LAYER,34,/model.2/cv2/conv/Conv:OpId_214 (cycles),94449,cycles,DSP,yolov8l-simplified-modified
77564334435,FORWARD_PROPAGATE_LAYER,35,/model.2/cv2/act/Sigmoid:OpId_217 (cycles),0,cycles,DSP,yolov8l-simplified-modified
77564334435,FORWARD_PROPAGATE_LAYER,36,/model.2/cv2/act/Mul:OpId_224 (cycles),512901,cycles,DSP,yolov8l-simplified-modified
77564334435,FORWARD_PROPAGATE_LAYER,37,/model.3/conv/Conv:OpId_233 (cycles),332620,cycles,DSP,yolov8l-simplified-modified
77564334435,FORWARD_PROPAGATE_LAYER,38,/model.3/act/Sigmoid:OpId_236 (cycles),0,cycles,DSP,yolov8l-simplified-modified
77564334435,FORWARD_PROPAGATE_LAYER,39,/model.3/act/Mul:OpId_243 (cycles),251908,cycles,DSP,yolov8l-simplified-modified
77564334435,FORWARD_PROPAGATE_LAYER,40,/model.4/cv1/conv/Conv:OpId_252 (cycles),36821,cycles,DSP,yolov8l-simplified-modified
77564334435,FORWARD_PROPAGATE_LAYER,41,/model.4/cv1/act/Sigmoid:OpId_255 (cycles),0,cycles,DSP,yolov8l-simplified-modified
77564334435,FORWARD_PROPAGATE_LAYER,42,/model.4/cv1/act/Mul:OpId_262 (cycles),239348,cycles,DSP,yolov8l-simplified-modified
77564334435,FORWARD_PROPAGATE_LAYER,43,/model.4/Slice:OpId_265 (cycles),46059,cycles,DSP,yolov8l-simplified-modified
77564334435,FORWARD_PROPAGATE_LAYER,44,/model.4/Slice_1:OpId_271 (cycles),49599,cycles,DSP,yolov8l-simplified-modified
77564334435,FORWARD_PROPAGATE_LAYER,45,/model.4/m.0/cv1/conv/Conv:OpId_283 (cycles),90213,cycles,DSP,yolov8l-simplified-modified
77564334435,FORWARD_PROPAGATE_LAYER,46,/model.4/m.0/cv1/act/Sigmoid:OpId_286 (cycles),0,cycles,DSP,yolov8l-simplified-modified
77564334435,FORWARD_PROPAGATE_LAYER,47,/model.4/m.0/cv1/act/Mul:OpId_293 (cycles),163210,cycles,DSP,yolov8l-simplified-modified
77564334435,FORWARD_PROPAGATE_LAYER,48,/model.4/m.0/cv2/conv/Conv:OpId_302 (cycles),84266,cycles,DSP,yolov8l-simplified-modified
77564334435,FORWARD_PROPAGATE_LAYER,49,/model.4/m.0/cv2/act/Sigmoid:OpId_305 (cycles),0,cycles,DSP,yolov8l-simplified-modified
77564334435,FORWARD_PROPAGATE_LAYER,50,/model.4/m.0/cv2/act/Mul:OpId_312 (cycles),152581,cycles,DSP,yolov8l-simplified-modified
77564334435,FORWARD_PROPAGATE_LAYER,51,/model.4/m.0/Add:OpId_314 (cycles),123989,cycles,DSP,yolov8l-simplified-modified
77564334435,FORWARD_PROPAGATE_LAYER,52,/model.4/m.1/cv1/conv/Conv:OpId_323 (cycles),91468,cycles,DSP,yolov8l-simplified-modified
77564334435,FORWARD_PROPAGATE_LAYER,53,/model.4/m.1/cv1/act/Sigmoid:OpId_326 (cycles),0,cycles,DSP,yolov8l-simplified-modified
77564334435,FORWARD_PROPAGATE_LAYER,54,/model.4/m.1/cv1/act/Mul:OpId_333 (cycles),144593,cycles,DSP,yolov8l-simplified-modified
77564334435,FORWARD_PROPAGATE_LAYER,55,/model.4/m.1/cv2/conv/Conv:OpId_342 (cycles),81210,cycles,DSP,yolov8l-simplified-modified
77564334435,FORWARD_PROPAGATE_LAYER,56,/model.4/m.1/cv2/act/Sigmoid:OpId_345 (cycles),0,cycles,DSP,yolov8l-simplified-modified
77564334435,FORWARD_PROPAGATE_LAYER,57,/model.4/m.1/cv2/act/Mul:OpId_352 (cycles),134561,cycles,DSP,yolov8l-simplified-modified
77564334435,FORWARD_PROPAGATE_LAYER,58,/model.4/m.1/Add:OpId_354 (cycles),127665,cycles,DSP,yolov8l-simplified-modified
77564334435,FORWARD_PROPAGATE_LAYER,59,/model.4/m.2/cv1/conv/Conv:OpId_363 (cycles),91668,cycles,DSP,yolov8l-simplified-modified
77564334435,FORWARD_PROPAGATE_LAYER,60,/model.4/m.2/cv1/act/Sigmoid:OpId_366 (cycles),0,cycles,DSP,yolov8l-simplified-modified
77564334435,FORWARD_PROPAGATE_LAYER,61,/model.4/m.2/cv1/act/Mul:OpId_373 (cycles),146290,cycles,DSP,yolov8l-simplified-modified
77564334435,FORWARD_PROPAGATE_LAYER,62,/model.4/m.2/cv2/conv/Conv:OpId_382 (cycles),87379,cycles,DSP,yolov8l-simplified-modified
77564334435,FORWARD_PROPAGATE_LAYER,63,/model.4/m.2/cv2/act/Sigmoid:OpId_385 (cycles),0,cycles,DSP,yolov8l-simplified-modified
77564334435,FORWARD_PROPAGATE_LAYER,64,/model.4/m.2/cv2/act/Mul:OpId_392 (cycles),142242,cycles,DSP,yolov8l-simplified-modified
77564334435,FORWARD_PROPAGATE_LAYER,65,/model.4/m.2/Add:OpId_394 (cycles),131142,cycles,DSP,yolov8l-simplified-modified
77564334435,FORWARD_PROPAGATE_LAYER,66,/model.4/m.3/cv1/conv/Conv:OpId_403 (cycles),90484,cycles,DSP,yolov8l-simplified-modified
77564334435,FORWARD_PROPAGATE_LAYER,67,/model.4/m.3/cv1/act/Sigmoid:OpId_406 (cycles),0,cycles,DSP,yolov8l-simplified-modified
77564334435,FORWARD_PROPAGATE_LAYER,68,/model.4/m.3/cv1/act/Mul:OpId_413 (cycles),161400,cycles,DSP,yolov8l-simplified-modified
77564334435,FORWARD_PROPAGATE_LAYER,69,/model.4/m.3/cv2/conv/Conv:OpId_422 (cycles),89171,cycles,DSP,yolov8l-simplified-modified
77564334435,FORWARD_PROPAGATE_LAYER,70,/model.4/m.3/cv2/act/Sigmoid:OpId_425 (cycles),0,cycles,DSP,yolov8l-simplified-modified
77564334435,FORWARD_PROPAGATE_LAYER,71,/model.4/m.3/cv2/act/Mul:OpId_432 (cycles),149736,cycles,DSP,yolov8l-simplified-modified
77564334435,FORWARD_PROPAGATE_LAYER,72,/model.4/m.3/Add:OpId_434 (cycles),135645,cycles,DSP,yolov8l-simplified-modified
77564334435,FORWARD_PROPAGATE_LAYER,73,/model.4/m.4/cv1/conv/Conv:OpId_443 (cycles),90072,cycles,DSP,yolov8l-simplified-modified
77564334435,FORWARD_PROPAGATE_LAYER,74,/model.4/m.4/cv1/act/Sigmoid:OpId_446 (cycles),0,cycles,DSP,yolov8l-simplified-modified
77564334435,FORWARD_PROPAGATE_LAYER,75,/model.4/m.4/cv1/act/Mul:OpId_453 (cycles),155409,cycles,DSP,yolov8l-simplified-modified
77564334435,FORWARD_PROPAGATE_LAYER,76,/model.4/m.4/cv2/conv/Conv:OpId_462 (cycles),80934,cycles,DSP,yolov8l-simplified-modified
77564334435,FORWARD_PROPAGATE_LAYER,77,/model.4/m.4/cv2/act/Sigmoid:OpId_465 (cycles),0,cycles,DSP,yolov8l-simplified-modified
77564334435,FORWARD_PROPAGATE_LAYER,78,/model.4/m.4/cv2/act/Mul:OpId_472 (cycles),145869,cycles,DSP,yolov8l-simplified-modified
77564334435,FORWARD_PROPAGATE_LAYER,79,/model.4/m.4/Add:OpId_474 (cycles),145356,cycles,DSP,yolov8l-simplified-modified
77564334435,FORWARD_PROPAGATE_LAYER,80,/model.4/m.5/cv1/conv/Conv:OpId_483 (cycles),89150,cycles,DSP,yolov8l-simplified-modified
77564334435,FORWARD_PROPAGATE_LAYER,81,/model.4/m.5/cv1/act/Sigmoid:OpId_486 (cycles),0,cycles,DSP,yolov8l-simplified-modified
77564334435,FORWARD_PROPAGATE_LAYER,82,/model.4/m.5/cv1/act/Mul:OpId_493 (cycles),146618,cycles,DSP,yolov8l-simplified-modified
77564334435,FORWARD_PROPAGATE_LAYER,83,/model.4/m.5/cv2/conv/Conv:OpId_502 (cycles),87148,cycles,DSP,yolov8l-simplified-modified
77564334435,FORWARD_PROPAGATE_LAYER,84,/model.4/m.5/cv2/act/Sigmoid:OpId_505 (cycles),0,cycles,DSP,yolov8l-simplified-modified
77564334435,FORWARD_PROPAGATE_LAYER,85,/model.4/m.5/cv2/act/Mul:OpId_512 (cycles),145271,cycles,DSP,yolov8l-simplified-modified
77564334435,FORWARD_PROPAGATE_LAYER,86,/model.4/m.5/Add:OpId_514 (cycles),62299,cycles,DSP,yolov8l-simplified-modified
77564334435,FORWARD_PROPAGATE_LAYER,87,/model.4/Concat:OpId_516 (cycles),0,cycles,DSP,yolov8l-simplified-modified
77564334435,FORWARD_PROPAGATE_LAYER,88,/model.4/cv2/conv/Conv:OpId_525 (cycles),141031,cycles,DSP,yolov8l-simplified-modified
77564334435,FORWARD_PROPAGATE_LAYER,89,/model.4/cv2/act/Sigmoid:OpId_528 (cycles),0,cycles,DSP,yolov8l-simplified-modified
77564334435,FORWARD_PROPAGATE_LAYER,90,/model.4/cv2/act/Mul:OpId_535 (cycles),568592,cycles,DSP,yolov8l-simplified-modified
77564334435,FORWARD_PROPAGATE_LAYER,91,/model.5/conv/Conv:OpId_544 (cycles),277909,cycles,DSP,yolov8l-simplified-modified
77564334435,FORWARD_PROPAGATE_LAYER,92,/model.5/act/Sigmoid:OpId_547 (cycles),0,cycles,DSP,yolov8l-simplified-modified
77564334435,FORWARD_PROPAGATE_LAYER,93,/model.5/act/Mul:OpId_554 (cycles),131079,cycles,DSP,yolov8l-simplified-modified
77564334435,FORWARD_PROPAGATE_LAYER,94,/model.6/cv1/conv/Conv:OpId_563 (cycles),37696,cycles,DSP,yolov8l-simplified-modified
77564334435,FORWARD_PROPAGATE_LAYER,95,/model.6/cv1/act/Sigmoid:OpId_566 (cycles),0,cycles,DSP,yolov8l-simplified-modified
77564334435,FORWARD_PROPAGATE_LAYER,96,/model.6/cv1/act/Mul:OpId_573 (cycles),138165,cycles,DSP,yolov8l-simplified-modified
77564334435,FORWARD_PROPAGATE_LAYER,97,/model.6/Slice:OpId_576 (cycles),21982,cycles,DSP,yolov8l-simplified-modified
77564334435,FORWARD_PROPAGATE_LAYER,98,/model.6/Slice_1:OpId_582 (cycles),24877,cycles,DSP,yolov8l-simplified-modified
77564334435,FORWARD_PROPAGATE_LAYER,99,/model.6/m.0/cv1/conv/Conv:OpId_594 (cycles),89991,cycles,DSP,yolov8l-simplified-modified
77564334435,FORWARD_PROPAGATE_LAYER,100,/model.6/m.0/cv1/act/Sigmoid:OpId_597 (cycles),0,cycles,DSP,yolov8l-simplified-modified
77564334435,FORWARD_PROPAGATE_LAYER,101,/model.6/m.0/cv1/act/Mul:OpId_604 (cycles),89334,cycles,DSP,yolov8l-simplified-modified
77564334435,FORWARD_PROPAGATE_LAYER,102,/model.6/m.0/cv2/conv/Conv:OpId_613 (cycles),100746,cycles,DSP,yolov8l-simplified-modified
77564334435,FORWARD_PROPAGATE_LAYER,103,/model.6/m.0/cv2/act/Sigmoid:OpId_616 (cycles),0,cycles,DSP,yolov8l-simplified-modified
77564334435,FORWARD_PROPAGATE_LAYER,104,/model.6/m.0/cv2/act/Mul:OpId_623 (cycles),84487,cycles,DSP,yolov8l-simplified-modified
77564334435,FORWARD_PROPAGATE_LAYER,105,/model.6/m.0/Add:OpId_625 (cycles),57283,cycles,DSP,yolov8l-simplified-modified
77564334435,FORWARD_PROPAGATE_LAYER,106,/model.6/m.1/cv1/conv/Conv:OpId_634 (cycles),102089,cycles,DSP,yolov8l-simplified-modified
77564334435,FORWARD_PROPAGATE_LAYER,107,/model.6/m.1/cv1/act/Sigmoid:OpId_637 (cycles),0,cycles,DSP,yolov8l-simplified-modified
77564334435,FORWARD_PROPAGATE_LAYER,108,/model.6/m.1/cv1/act/Mul:OpId_644 (cycles),89973,cycles,DSP,yolov8l-simplified-modified
77564334435,FORWARD_PROPAGATE_LAYER,109,/model.6/m.1/cv2/conv/Conv:OpId_653 (cycles),88707,cycles,DSP,yolov8l-simplified-modified
77564334435,FORWARD_PROPAGATE_LAYER,110,/model.6/m.1/cv2/act/Sigmoid:OpId_656 (cycles),0,cycles,DSP,yolov8l-simplified-modified
77564334435,FORWARD_PROPAGATE_LAYER,111,/model.6/m.1/cv2/act/Mul:OpId_663 (cycles),82639,cycles,DSP,yolov8l-simplified-modified
77564334435,FORWARD_PROPAGATE_LAYER,112,/model.6/m.1/Add:OpId_665 (cycles),55137,cycles,DSP,yolov8l-simplified-modified
77564334435,FORWARD_PROPAGATE_LAYER,113,/model.6/m.2/cv1/conv/Conv:OpId_674 (cycles),102025,cycles,DSP,yolov8l-simplified-modified
77564334435,FORWARD_PROPAGATE_LAYER,114,/model.6/m.2/cv1/act/Sigmoid:OpId_677 (cycles),0,cycles,DSP,yolov8l-simplified-modified
77564334435,FORWARD_PROPAGATE_LAYER,115,/model.6/m.2/cv1/act/Mul:OpId_684 (cycles),88784,cycles,DSP,yolov8l-simplified-modified
77564334435,FORWARD_PROPAGATE_LAYER,116,/model.6/m.2/cv2/conv/Conv:OpId_693 (cycles),86710,cycles,DSP,yolov8l-simplified-modified
77564334435,FORWARD_PROPAGATE_LAYER,117,/model.6/m.2/cv2/act/Sigmoid:OpId_696 (cycles),0,cycles,DSP,yolov8l-simplified-modified
77564334435,FORWARD_PROPAGATE_LAYER,118,/model.6/m.2/cv2/act/Mul:OpId_703 (cycles),81382,cycles,DSP,yolov8l-simplified-modified
77564334435,FORWARD_PROPAGATE_LAYER,119,/model.6/m.2/Add:OpId_705 (cycles),54682,cycles,DSP,yolov8l-simplified-modified
77564334435,FORWARD_PROPAGATE_LAYER,120,/model.6/m.3/cv1/conv/Conv:OpId_714 (cycles),102069,cycles,DSP,yolov8l-simplified-modified
77564334435,FORWARD_PROPAGATE_LAYER,121,/model.6/m.3/cv1/act/Sigmoid:OpId_717 (cycles),0,cycles,DSP,yolov8l-simplified-modified
77564334435,FORWARD_PROPAGATE_LAYER,122,/model.6/m.3/cv1/act/Mul:OpId_724 (cycles),88575,cycles,DSP,yolov8l-simplified-modified
77564334435,FORWARD_PROPAGATE_LAYER,123,/model.6/m.3/cv2/conv/Conv:OpId_733 (cycles),100788,cycles,DSP,yolov8l-simplified-modified
77564334435,FORWARD_PROPAGATE_LAYER,124,/model.6/m.3/cv2/act/Sigmoid:OpId_736 (cycles),0,cycles,DSP,yolov8l-simplified-modified
77564334435,FORWARD_PROPAGATE_LAYER,125,/model.6/m.3/cv2/act/Mul:OpId_743 (cycles),84099,cycles,DSP,yolov8l-simplified-modified
77564334435,FORWARD_PROPAGATE_LAYER,126,/model.6/m.3/Add:OpId_745 (cycles),57992,cycles,DSP,yolov8l-simplified-modified
77564334435,FORWARD_PROPAGATE_LAYER,127,/model.6/m.4/cv1/conv/Conv:OpId_754 (cycles),102005,cycles,DSP,yolov8l-simplified-modified
77564334435,FORWARD_PROPAGATE_LAYER,128,/model.6/m.4/cv1/act/Sigmoid:OpId_757 (cycles),0,cycles,DSP,yolov8l-simplified-modified
77564334435,FORWARD_PROPAGATE_LAYER,129,/model.6/m.4/cv1/act/Mul:OpId_764 (cycles),89573,cycles,DSP,yolov8l-simplified-modified
77564334435,FORWARD_PROPAGATE_LAYER,130,/model.6/m.4/cv2/conv/Conv:OpId_773 (cycles),90765,cycles,DSP,yolov8l-simplified-modified
77564334435,FORWARD_PROPAGATE_LAYER,131,/model.6/m.4/cv2/act/Sigmoid:OpId_776 (cycles),0,cycles,DSP,yolov8l-simplified-modified
77564334435,FORWARD_PROPAGATE_LAYER,132,/model.6/m.4/cv2/act/Mul:OpId_783 (cycles),82825,cycles,DSP,yolov8l-simplified-modified
77564334435,FORWARD_PROPAGATE_LAYER,133,/model.6/m.4/Add:OpId_785 (cycles),58973,cycles,DSP,yolov8l-simplified-modified
77564334435,FORWARD_PROPAGATE_LAYER,134,/model.6/m.5/cv1/conv/Conv:OpId_794 (cycles),117014,cycles,DSP,yolov8l-simplified-modified
77564334435,FORWARD_PROPAGATE_LAYER,135,/model.6/m.5/cv1/act/Sigmoid:OpId_797 (cycles),0,cycles,DSP,yolov8l-simplified-modified
77564334435,FORWARD_PROPAGATE_LAYER,136,/model.6/m.5/cv1/act/Mul:OpId_804 (cycles),83960,cycles,DSP,yolov8l-simplified-modified
77564334435,FORWARD_PROPAGATE_LAYER,137,/model.6/m.5/cv2/conv/Conv:OpId_813 (cycles),85997,cycles,DSP,yolov8l-simplified-modified
77564334435,FORWARD_PROPAGATE_LAYER,138,/model.6/m.5/cv2/act/Sigmoid:OpId_816 (cycles),0,cycles,DSP,yolov8l-simplified-modified
77564334435,FORWARD_PROPAGATE_LAYER,139,/model.6/m.5/cv2/act/Mul:OpId_823 (cycles),83769,cycles,DSP,yolov8l-simplified-modified
77564334435,FORWARD_PROPAGATE_LAYER,140,/model.6/m.5/Add:OpId_825 (cycles),29965,cycles,DSP,yolov8l-simplified-modified
77564334435,FORWARD_PROPAGATE_LAYER,141,/model.6/Concat:OpId_827 (cycles),0,cycles,DSP,yolov8l-simplified-modified
77564334435,FORWARD_PROPAGATE_LAYER,142,/model.6/cv2/conv/Conv:OpId_836 (cycles),139793,cycles,DSP,yolov8l-simplified-modified
77564334435,FORWARD_PROPAGATE_LAYER,143,/model.6/cv2/act/Sigmoid:OpId_839 (cycles),0,cycles,DSP,yolov8l-simplified-modified
77564334435,FORWARD_PROPAGATE_LAYER,144,/model.6/cv2/act/Mul:OpId_846 (cycles),303553,cycles,DSP,yolov8l-simplified-modified
77564334435,FORWARD_PROPAGATE_LAYER,145,/model.7/conv/Conv:OpId_855 (cycles),227937,cycles,DSP,yolov8l-simplified-modified
77564334435,FORWARD_PROPAGATE_LAYER,146,/model.7/act/Sigmoid:OpId_858 (cycles),0,cycles,DSP,yolov8l-simplified-modified
77564334435,FORWARD_PROPAGATE_LAYER,147,/model.7/act/Mul:OpId_865 (cycles),42917,cycles,DSP,yolov8l-simplified-modified
77564334435,FORWARD_PROPAGATE_LAYER,148,/model.8/cv1/conv/Conv:OpId_874 (cycles),13430,cycles,DSP,yolov8l-simplified-modified
77564334435,FORWARD_PROPAGATE_LAYER,149,/model.8/cv1/act/Sigmoid:OpId_877 (cycles),0,cycles,DSP,yolov8l-simplified-modified
77564334435,FORWARD_PROPAGATE_LAYER,150,/model.8/cv1/act/Mul:OpId_884 (cycles),40532,cycles,DSP,yolov8l-simplified-modified
77564334435,FORWARD_PROPAGATE_LAYER,151,/model.8/Slice:OpId_887 (cycles),8020,cycles,DSP,yolov8l-simplified-modified
77564334435,FORWARD_PROPAGATE_LAYER,152,/model.8/Slice_1:OpId_893 (cycles),9522,cycles,DSP,yolov8l-simplified-modified
77564334435,FORWARD_PROPAGATE_LAYER,153,/model.8/m.0/cv1/conv/Conv:OpId_905 (cycles),47254,cycles,DSP,yolov8l-simplified-modified
77564334435,FORWARD_PROPAGATE_LAYER,154,/model.8/m.0/cv1/act/Sigmoid:OpId_908 (cycles),0,cycles,DSP,yolov8l-simplified-modified
77564334435,FORWARD_PROPAGATE_LAYER,155,/model.8/m.0/cv1/act/Mul:OpId_915 (cycles),25831,cycles,DSP,yolov8l-simplified-modified
77564334435,FORWARD_PROPAGATE_LAYER,156,/model.8/m.0/cv2/conv/Conv:OpId_924 (cycles),37142,cycles,DSP,yolov8l-simplified-modified
77564334435,FORWARD_PROPAGATE_LAYER,157,/model.8/m.0/cv2/act/Sigmoid:OpId_927 (cycles),0,cycles,DSP,yolov8l-simplified-modified
77564334435,FORWARD_PROPAGATE_LAYER,158,/model.8/m.0/cv2/act/Mul:OpId_934 (cycles),28195,cycles,DSP,yolov8l-simplified-modified
77564334435,FORWARD_PROPAGATE_LAYER,159,/model.8/m.0/Add:OpId_936 (cycles),21091,cycles,DSP,yolov8l-simplified-modified
77564334435,FORWARD_PROPAGATE_LAYER,160,/model.8/m.1/cv1/conv/Conv:OpId_945 (cycles),39079,cycles,DSP,yolov8l-simplified-modified
77564334435,FORWARD_PROPAGATE_LAYER,161,/model.8/m.1/cv1/act/Sigmoid:OpId_948 (cycles),0,cycles,DSP,yolov8l-simplified-modified
77564334435,FORWARD_PROPAGATE_LAYER,162,/model.8/m.1/cv1/act/Mul:OpId_955 (cycles),27697,cycles,DSP,yolov8l-simplified-modified
77564334435,FORWARD_PROPAGATE_LAYER,163,/model.8/m.1/cv2/conv/Conv:OpId_964 (cycles),35876,cycles,DSP,yolov8l-simplified-modified
77564334435,FORWARD_PROPAGATE_LAYER,164,/model.8/m.1/cv2/act/Sigmoid:OpId_967 (cycles),0,cycles,DSP,yolov8l-simplified-modified
77564334435,FORWARD_PROPAGATE_LAYER,165,/model.8/m.1/cv2/act/Mul:OpId_974 (cycles),29153,cycles,DSP,yolov8l-simplified-modified
77564334435,FORWARD_PROPAGATE_LAYER,166,/model.8/m.1/Add:OpId_976 (cycles),20885,cycles,DSP,yolov8l-simplified-modified
77564334435,FORWARD_PROPAGATE_LAYER,167,/model.8/m.2/cv1/conv/Conv:OpId_985 (cycles),38189,cycles,DSP,yolov8l-simplified-modified
77564334435,FORWARD_PROPAGATE_LAYER,168,/model.8/m.2/cv1/act/Sigmoid:OpId_988 (cycles),0,cycles,DSP,yolov8l-simplified-modified
77564334435,FORWARD_PROPAGATE_LAYER,169,/model.8/m.2/cv1/act/Mul:OpId_995 (cycles),29586,cycles,DSP,yolov8l-simplified-modified
77564334435,FORWARD_PROPAGATE_LAYER,170,/model.8/m.2/cv2/conv/Conv:OpId_1004 (cycles),37445,cycles,DSP,yolov8l-simplified-modified
77564334435,FORWARD_PROPAGATE_LAYER,171,/model.8/m.2/cv2/act/Sigmoid:OpId_1007 (cycles),0,cycles,DSP,yolov8l-simplified-modified
77564334435,FORWARD_PROPAGATE_LAYER,172,/model.8/m.2/cv2/act/Mul:OpId_1014 (cycles),29107,cycles,DSP,yolov8l-simplified-modified
77564334435,FORWARD_PROPAGATE_LAYER,173,/model.8/m.2/Add:OpId_1016 (cycles),10603,cycles,DSP,yolov8l-simplified-modified
77564334435,FORWARD_PROPAGATE_LAYER,174,/model.8/Concat:OpId_1018 (cycles),0,cycles,DSP,yolov8l-simplified-modified
77564334435,FORWARD_PROPAGATE_LAYER,175,/model.8/cv2/conv/Conv:OpId_1027 (cycles),32057,cycles,DSP,yolov8l-simplified-modified
77564334435,FORWARD_PROPAGATE_LAYER,176,/model.8/cv2/act/Sigmoid:OpId_1030 (cycles),0,cycles,DSP,yolov8l-simplified-modified
77564334435,FORWARD_PROPAGATE_LAYER,177,/model.8/cv2/act/Mul:OpId_1037 (cycles),48387,cycles,DSP,yolov8l-simplified-modified
77564334435,FORWARD_PROPAGATE_LAYER,178,/model.9/cv1/conv/Conv:OpId_1046 (cycles),7242,cycles,DSP,yolov8l-simplified-modified
77564334435,FORWARD_PROPAGATE_LAYER,179,/model.9/cv1/act/Sigmoid:OpId_1049 (cycles),0,cycles,DSP,yolov8l-simplified-modified
77564334435,FORWARD_PROPAGATE_LAYER,180,/model.9/cv1/act/Mul:OpId_1056 (cycles),22066,cycles,DSP,yolov8l-simplified-modified
77564334435,FORWARD_PROPAGATE_LAYER,181,/model.9/m/MaxPool:OpId_1061 (cycles),55180,cycles,DSP,yolov8l-simplified-modified
77564334435,FORWARD_PROPAGATE_LAYER,182,/model.9/m_1/MaxPool:OpId_1066 (cycles),35586,cycles,DSP,yolov8l-simplified-modified
77564334435,FORWARD_PROPAGATE_LAYER,183,/model.9/m_2/MaxPool:OpId_1071 (cycles),41665,cycles,DSP,yolov8l-simplified-modified
77564334435,FORWARD_PROPAGATE_LAYER,184,/model.9/Concat:OpId_1073 (cycles),0,cycles,DSP,yolov8l-simplified-modified
77564334435,FORWARD_PROPAGATE_LAYER,185,/model.9/cv2/conv/Conv:OpId_1082 (cycles),26084,cycles,DSP,yolov8l-simplified-modified
77564334435,FORWARD_PROPAGATE_LAYER,186,/model.9/cv2/act/Sigmoid:OpId_1085 (cycles),0,cycles,DSP,yolov8l-simplified-modified
77564334435,FORWARD_PROPAGATE_LAYER,187,/model.9/cv2/act/Mul:OpId_1092 (cycles),83990,cycles,DSP,yolov8l-simplified-modified
77564334435,FORWARD_PROPAGATE_LAYER,188,/model.10/Resize:OpId_1094 (cycles),70616,cycles,DSP,yolov8l-simplified-modified
77564334435,FORWARD_PROPAGATE_LAYER,189,/model.11/Concat:OpId_1097 (cycles),0,cycles,DSP,yolov8l-simplified-modified
77564334435,FORWARD_PROPAGATE_LAYER,190,/model.12/cv1/conv/Conv:OpId_1106 (cycles),71524,cycles,DSP,yolov8l-simplified-modified
77564334435,FORWARD_PROPAGATE_LAYER,191,/model.12/cv1/act/Sigmoid:OpId_1109 (cycles),0,cycles,DSP,yolov8l-simplified-modified
77564334435,FORWARD_PROPAGATE_LAYER,192,/model.12/cv1/act/Mul:OpId_1116 (cycles),131179,cycles,DSP,yolov8l-simplified-modified
77564334435,FORWARD_PROPAGATE_LAYER,193,/model.12/Slice:OpId_1119 (cycles),20410,cycles,DSP,yolov8l-simplified-modified
77564334435,FORWARD_PROPAGATE_LAYER,194,/model.12/Slice_1:OpId_1125 (cycles),23882,cycles,DSP,yolov8l-simplified-modified
77564334435,FORWARD_PROPAGATE_LAYER,195,/model.12/m.0/cv1/conv/Conv:OpId_1137 (cycles),87917,cycles,DSP,yolov8l-simplified-modified
77564334435,FORWARD_PROPAGATE_LAYER,196,/model.12/m.0/cv1/act/Sigmoid:OpId_1140 (cycles),0,cycles,DSP,yolov8l-simplified-modified
77564334435,FORWARD_PROPAGATE_LAYER,197,/model.12/m.0/cv1/act/Mul:OpId_1147 (cycles),89057,cycles,DSP,yolov8l-simplified-modified
77564334435,FORWARD_PROPAGATE_LAYER,198,/model.12/m.0/cv2/conv/Conv:OpId_1156 (cycles),88978,cycles,DSP,yolov8l-simplified-modified
77564334435,FORWARD_PROPAGATE_LAYER,199,/model.12/m.0/cv2/act/Sigmoid:OpId_1159 (cycles),0,cycles,DSP,yolov8l-simplified-modified
77564334435,FORWARD_PROPAGATE_LAYER,200,/model.12/m.0/cv2/act/Mul:OpId_1166 (cycles),155929,cycles,DSP,yolov8l-simplified-modified
77564334435,FORWARD_PROPAGATE_LAYER,201,/model.12/m.1/cv1/conv/Conv:OpId_1175 (cycles),87982,cycles,DSP,yolov8l-simplified-modified
77564334435,FORWARD_PROPAGATE_LAYER,202,/model.12/m.1/cv1/act/Sigmoid:OpId_1178 (cycles),0,cycles,DSP,yolov8l-simplified-modified
77564334435,FORWARD_PROPAGATE_LAYER,203,/model.12/m.1/cv1/act/Mul:OpId_1185 (cycles),87937,cycles,DSP,yolov8l-simplified-modified
77564334435,FORWARD_PROPAGATE_LAYER,204,/model.12/m.1/cv2/conv/Conv:OpId_1194 (cycles),91720,cycles,DSP,yolov8l-simplified-modified
77564334435,FORWARD_PROPAGATE_LAYER,205,/model.12/m.1/cv2/act/Sigmoid:OpId_1197 (cycles),0,cycles,DSP,yolov8l-simplified-modified
77564334435,FORWARD_PROPAGATE_LAYER,206,/model.12/m.1/cv2/act/Mul:OpId_1204 (cycles),164821,cycles,DSP,yolov8l-simplified-modified
77564334435,FORWARD_PROPAGATE_LAYER,207,/model.12/m.2/cv1/conv/Conv:OpId_1213 (cycles),86719,cycles,DSP,yolov8l-simplified-modified
77564334435,FORWARD_PROPAGATE_LAYER,208,/model.12/m.2/cv1/act/Sigmoid:OpId_1216 (cycles),0,cycles,DSP,yolov8l-simplified-modified
77564334435,FORWARD_PROPAGATE_LAYER,209,/model.12/m.2/cv1/act/Mul:OpId_1223 (cycles),82649,cycles,DSP,yolov8l-simplified-modified
77564334435,FORWARD_PROPAGATE_LAYER,210,/model.12/m.2/cv2/conv/Conv:OpId_1232 (cycles),93196,cycles,DSP,yolov8l-simplified-modified
77564334435,FORWARD_PROPAGATE_LAYER,211,/model.12/m.2/cv2/act/Sigmoid:OpId_1235 (cycles),0,cycles,DSP,yolov8l-simplified-modified
77564334435,FORWARD_PROPAGATE_LAYER,212,/model.12/m.2/cv2/act/Mul:OpId_1242 (cycles),81864,cycles,DSP,yolov8l-simplified-modified
77564334435,FORWARD_PROPAGATE_LAYER,213,/model.12/Concat:OpId_1244 (cycles),0,cycles,DSP,yolov8l-simplified-modified
77564334435,FORWARD_PROPAGATE_LAYER,214,/model.12/cv2/conv/Conv:OpId_1253 (cycles),75865,cycles,DSP,yolov8l-simplified-modified
77564334435,FORWARD_PROPAGATE_LAYER,215,/model.12/cv2/act/Sigmoid:OpId_1256 (cycles),0,cycles,DSP,yolov8l-simplified-modified
77564334435,FORWARD_PROPAGATE_LAYER,216,/model.12/cv2/act/Mul:OpId_1263 (cycles),142319,cycles,DSP,yolov8l-simplified-modified
77564334435,FORWARD_PROPAGATE_LAYER,217,/model.13/Resize:OpId_1265 (cycles),127202,cycles,DSP,yolov8l-simplified-modified
77564334435,FORWARD_PROPAGATE_LAYER,218,/model.14/Concat:OpId_1268 (cycles),0,cycles,DSP,yolov8l-simplified-modified
77564334435,FORWARD_PROPAGATE_LAYER,219,/model.15/cv1/conv/Conv:OpId_1277 (cycles),101773,cycles,DSP,yolov8l-simplified-modified
77564334435,FORWARD_PROPAGATE_LAYER,220,/model.15/cv1/act/Sigmoid:OpId_1280 (cycles),0,cycles,DSP,yolov8l-simplified-modified
77564334435,FORWARD_PROPAGATE_LAYER,221,/model.15/cv1/act/Mul:OpId_1287 (cycles),246908,cycles,DSP,yolov8l-simplified-modified
77564334435,FORWARD_PROPAGATE_LAYER,222,/model.15/Slice:OpId_1290 (cycles),62567,cycles,DSP,yolov8l-simplified-modified
77564334435,FORWARD_PROPAGATE_LAYER,223,/model.15/Slice_1:OpId_1296 (cycles),50791,cycles,DSP,yolov8l-simplified-modified
77564334435,FORWARD_PROPAGATE_LAYER,224,/model.15/m.0/cv1/conv/Conv:OpId_1308 (cycles),85914,cycles,DSP,yolov8l-simplified-modified
77564334435,FORWARD_PROPAGATE_LAYER,225,/model.15/m.0/cv1/act/Sigmoid:OpId_1311 (cycles),0,cycles,DSP,yolov8l-simplified-modified
77564334435,FORWARD_PROPAGATE_LAYER,226,/model.15/m.0/cv1/act/Mul:OpId_1318 (cycles),142835,cycles,DSP,yolov8l-simplified-modified
77564334435,FORWARD_PROPAGATE_LAYER,227,/model.15/m.0/cv2/conv/Conv:OpId_1327 (cycles),80294,cycles,DSP,yolov8l-simplified-modified
77564334435,FORWARD_PROPAGATE_LAYER,228,/model.15/m.0/cv2/act/Sigmoid:OpId_1330 (cycles),0,cycles,DSP,yolov8l-simplified-modified
77564334435,FORWARD_PROPAGATE_LAYER,229,/model.15/m.0/cv2/act/Mul:OpId_1337 (cycles),274139,cycles,DSP,yolov8l-simplified-modified
77564334435,FORWARD_PROPAGATE_LAYER,230,/model.15/m.1/cv1/conv/Conv:OpId_1346 (cycles),80713,cycles,DSP,yolov8l-simplified-modified
77564334435,FORWARD_PROPAGATE_LAYER,231,/model.15/m.1/cv1/act/Sigmoid:OpId_1349 (cycles),0,cycles,DSP,yolov8l-simplified-modified
77564334435,FORWARD_PROPAGATE_LAYER,232,/model.15/m.1/cv1/act/Mul:OpId_1356 (cycles),159917,cycles,DSP,yolov8l-simplified-modified
77564334435,FORWARD_PROPAGATE_LAYER,233,/model.15/m.1/cv2/conv/Conv:OpId_1365 (cycles),88683,cycles,DSP,yolov8l-simplified-modified
77564334435,FORWARD_PROPAGATE_LAYER,234,/model.15/m.1/cv2/act/Sigmoid:OpId_1368 (cycles),0,cycles,DSP,yolov8l-simplified-modified
77564334435,FORWARD_PROPAGATE_LAYER,235,/model.15/m.1/cv2/act/Mul:OpId_1375 (cycles),324684,cycles,DSP,yolov8l-simplified-modified
77564334435,FORWARD_PROPAGATE_LAYER,236,/model.15/m.2/cv1/conv/Conv:OpId_1384 (cycles),89298,cycles,DSP,yolov8l-simplified-modified
77564334435,FORWARD_PROPAGATE_LAYER,237,/model.15/m.2/cv1/act/Sigmoid:OpId_1387 (cycles),0,cycles,DSP,yolov8l-simplified-modified
77564334435,FORWARD_PROPAGATE_LAYER,238,/model.15/m.2/cv1/act/Mul:OpId_1394 (cycles),159314,cycles,DSP,yolov8l-simplified-modified
77564334435,FORWARD_PROPAGATE_LAYER,239,/model.15/m.2/cv2/conv/Conv:OpId_1403 (cycles),79155,cycles,DSP,yolov8l-simplified-modified
77564334435,FORWARD_PROPAGATE_LAYER,240,/model.15/m.2/cv2/act/Sigmoid:OpId_1406 (cycles),0,cycles,DSP,yolov8l-simplified-modified
77564334435,FORWARD_PROPAGATE_LAYER,241,/model.15/m.2/cv2/act/Mul:OpId_1413 (cycles),154808,cycles,DSP,yolov8l-simplified-modified
77564334435,FORWARD_PROPAGATE_LAYER,242,/model.15/Concat:OpId_1415 (cycles),0,cycles,DSP,yolov8l-simplified-modified
77564334435,FORWARD_PROPAGATE_LAYER,243,/model.15/cv2/conv/Conv:OpId_1424 (cycles),82071,cycles,DSP,yolov8l-simplified-modified
77564334435,FORWARD_PROPAGATE_LAYER,244,/model.15/cv2/act/Sigmoid:OpId_1427 (cycles),0,cycles,DSP,yolov8l-simplified-modified
77564334435,FORWARD_PROPAGATE_LAYER,245,/model.15/cv2/act/Mul:OpId_1434 (cycles),317042,cycles,DSP,yolov8l-simplified-modified
77564334435,FORWARD_PROPAGATE_LAYER,246,/model.16/conv/Conv:OpId_1443 (cycles),200152,cycles,DSP,yolov8l-simplified-modified
77564334435,FORWARD_PROPAGATE_LAYER,247,/model.22/cv2.0/cv2.0.0/conv/Conv:OpId_1453 (cycles),75906,cycles,DSP,yolov8l-simplified-modified
77564334435,FORWARD_PROPAGATE_LAYER,248,/model.22/cv3.0/cv3.0.0/conv/Conv:OpId_1463 (cycles),294904,cycles,DSP,yolov8l-simplified-modified
77564334435,FORWARD_PROPAGATE_LAYER,249,/model.16/act/Sigmoid:OpId_1466 (cycles),0,cycles,DSP,yolov8l-simplified-modified
77564334435,FORWARD_PROPAGATE_LAYER,250,/model.22/cv2.0/cv2.0.0/act/Sigmoid:OpId_1473 (cycles),0,cycles,DSP,yolov8l-simplified-modified
77564334435,FORWARD_PROPAGATE_LAYER,251,/model.22/cv3.0/cv3.0.0/act/Sigmoid:OpId_1480 (cycles),0,cycles,DSP,yolov8l-simplified-modified
77564334435,FORWARD_PROPAGATE_LAYER,252,/model.16/act/Mul:OpId_1487 (cycles),68635,cycles,DSP,yolov8l-simplified-modified
77564334435,FORWARD_PROPAGATE_LAYER,253,/model.22/cv2.0/cv2.0.0/act/Mul:OpId_1489 (cycles),89698,cycles,DSP,yolov8l-simplified-modified
77564334435,FORWARD_PROPAGATE_LAYER,254,/model.22/cv3.0/cv3.0.0/act/Mul:OpId_1491 (cycles),334521,cycles,DSP,yolov8l-simplified-modified
77564334435,FORWARD_PROPAGATE_LAYER,255,/model.17/Concat:OpId_1493 (cycles),0,cycles,DSP,yolov8l-simplified-modified
77564334435,FORWARD_PROPAGATE_LAYER,256,/model.22/cv2.0/cv2.0.1/conv/Conv:OpId_1502 (cycles),23369,cycles,DSP,yolov8l-simplified-modified
77564334435,FORWARD_PROPAGATE_LAYER,257,/model.22/cv3.0/cv3.0.1/conv/Conv:OpId_1512 (cycles),318191,cycles,DSP,yolov8l-simplified-modified
77564334435,FORWARD_PROPAGATE_LAYER,258,/model.18/cv1/conv/Conv:OpId_1522 (cycles),51056,cycles,DSP,yolov8l-simplified-modified
77564334435,FORWARD_PROPAGATE_LAYER,259,/model.22/cv2.0/cv2.0.1/act/Sigmoid:OpId_1525 (cycles),0,cycles,DSP,yolov8l-simplified-modified
77564334435,FORWARD_PROPAGATE_LAYER,260,/model.22/cv3.0/cv3.0.1/act/Sigmoid:OpId_1532 (cycles),0,cycles,DSP,yolov8l-simplified-modified
77564334435,FORWARD_PROPAGATE_LAYER,261,/model.18/cv1/act/Sigmoid:OpId_1539 (cycles),0,cycles,DSP,yolov8l-simplified-modified
77564334435,FORWARD_PROPAGATE_LAYER,262,/model.22/cv2.0/cv2.0.1/act/Mul:OpId_1546 (cycles),74362,cycles,DSP,yolov8l-simplified-modified
77564334435,FORWARD_PROPAGATE_LAYER,263,/model.22/cv3.0/cv3.0.1/act/Mul:OpId_1548 (cycles),333141,cycles,DSP,yolov8l-simplified-modified
77564334435,FORWARD_PROPAGATE_LAYER,264,/model.18/cv1/act/Mul:OpId_1550 (cycles),138835,cycles,DSP,yolov8l-simplified-modified
77564334435,FORWARD_PROPAGATE_LAYER,265,/model.22/cv2.0/cv2.0.2/Conv:OpId_1559 (cycles),4972,cycles,DSP,yolov8l-simplified-modified
77564334435,FORWARD_PROPAGATE_LAYER,266,/model.22/cv2.0/cv2.0.2/Conv_output_0.nchw:OpId_1563 (cycles),230424,cycles,DSP,yolov8l-simplified-modified
77564334435,FORWARD_PROPAGATE_LAYER,267,/model.22/cv3.0/cv3.0.2/Conv:OpId_1571 (cycles),210740,cycles,DSP,yolov8l-simplified-modified
77564334435,FORWARD_PROPAGATE_LAYER,268,/model.18/Slice:OpId_1575 (cycles),25674,cycles,DSP,yolov8l-simplified-modified
77564334435,FORWARD_PROPAGATE_LAYER,269,/model.18/Slice_1:OpId_1581 (cycles),25268,cycles,DSP,yolov8l-simplified-modified
77564334435,FORWARD_PROPAGATE_LAYER,270,/model.22/Reshape:OpId_1586 (cycles),29722,cycles,DSP,yolov8l-simplified-modified
77564334435,FORWARD_PROPAGATE_LAYER,271,/model.22/Sigmoid:OpId_1587 (cycles),332891,cycles,DSP,yolov8l-simplified-modified
77564334435,FORWARD_PROPAGATE_LAYER,272,/model.18/m.0/cv1/conv/Conv:OpId_1601 (cycles),87239,cycles,DSP,yolov8l-simplified-modified
77564334435,FORWARD_PROPAGATE_LAYER,273,/model.22/Transpose:OpId_1605 (cycles),108408,cycles,DSP,yolov8l-simplified-modified
77564334435,FORWARD_PROPAGATE_LAYER,274,/model.22/ReduceMax:OpId_1607 (cycles),230316,cycles,DSP,yolov8l-simplified-modified
77564334435,FORWARD_PROPAGATE_LAYER,275,/model.18/m.0/cv1/act/Sigmoid:OpId_1609 (cycles),0,cycles,DSP,yolov8l-simplified-modified
77564334435,FORWARD_PROPAGATE_LAYER,276,/model.22/Softmax:OpId_1616 (cycles),515177,cycles,DSP,yolov8l-simplified-modified
77564334435,FORWARD_PROPAGATE_LAYER,277,/model.18/m.0/cv1/act/Mul:OpId_1619 (cycles),87553,cycles,DSP,yolov8l-simplified-modified
77564334435,FORWARD_PROPAGATE_LAYER,278,/model.22/Transpose_1:OpId_1622 (cycles),36185,cycles,DSP,yolov8l-simplified-modified
77564334435,FORWARD_PROPAGATE_LAYER,279,/model.18/m.0/cv2/conv/Conv:OpId_1630 (cycles),89456,cycles,DSP,yolov8l-simplified-modified
77564334435,FORWARD_PROPAGATE_LAYER,280,/model.22/proj_conv/Conv:OpId_1640 (cycles),11127,cycles,DSP,yolov8l-simplified-modified
77564334435,FORWARD_PROPAGATE_LAYER,281,/model.18/m.0/cv2/act/Sigmoid:OpId_1643 (cycles),0,cycles,DSP,yolov8l-simplified-modified
77564334435,FORWARD_PROPAGATE_LAYER,282,/model.22/Gather_output_0_pre_reshape.nchw:OpId_1651 (cycles),0,cycles,DSP,yolov8l-simplified-modified
77564334435,FORWARD_PROPAGATE_LAYER,283,Reshape_post_/model.22/Gather:OpId_1652 (cycles),62565,cycles,DSP,yolov8l-simplified-modified
77564334435,FORWARD_PROPAGATE_LAYER,284,/model.22/Reshape_1_output_0.nhwc:OpId_1654 (cycles),13248,cycles,DSP,yolov8l-simplified-modified
77564334435,FORWARD_PROPAGATE_LAYER,285,/model.18/m.0/cv2/act/Mul:OpId_1655 (cycles),183322,cycles,DSP,yolov8l-simplified-modified
77564334435,FORWARD_PROPAGATE_LAYER,286,/model.18/m.1/cv1/conv/Conv:OpId_1664 (cycles),102992,cycles,DSP,yolov8l-simplified-modified
77564334435,FORWARD_PROPAGATE_LAYER,287,/model.22/Concat:OpId_1667 (cycles),80980,cycles,DSP,yolov8l-simplified-modified
77564334435,FORWARD_PROPAGATE_LAYER,288,/model.18/m.1/cv1/act/Sigmoid:OpId_1669 (cycles),0,cycles,DSP,yolov8l-simplified-modified
77564334435,FORWARD_PROPAGATE_LAYER,289,/model.18/m.1/cv1/act/Mul:OpId_1676 (cycles),88806,cycles,DSP,yolov8l-simplified-modified
77564334435,FORWARD_PROPAGATE_LAYER,290,/model.18/m.1/cv2/conv/Conv:OpId_1685 (cycles),88306,cycles,DSP,yolov8l-simplified-modified
77564334435,FORWARD_PROPAGATE_LAYER,291,/model.18/m.1/cv2/act/Sigmoid:OpId_1688 (cycles),0,cycles,DSP,yolov8l-simplified-modified
77564334435,FORWARD_PROPAGATE_LAYER,292,/model.18/m.1/cv2/act/Mul:OpId_1695 (cycles),178661,cycles,DSP,yolov8l-simplified-modified
77564334435,FORWARD_PROPAGATE_LAYER,293,/model.18/m.2/cv1/conv/Conv:OpId_1704 (cycles),98456,cycles,DSP,yolov8l-simplified-modified
77564334435,FORWARD_PROPAGATE_LAYER,294,/model.18/m.2/cv1/act/Sigmoid:OpId_1707 (cycles),0,cycles,DSP,yolov8l-simplified-modified
77564334435,FORWARD_PROPAGATE_LAYER,295,/model.18/m.2/cv1/act/Mul:OpId_1714 (cycles),89960,cycles,DSP,yolov8l-simplified-modified
77564334435,FORWARD_PROPAGATE_LAYER,296,/model.18/m.2/cv2/conv/Conv:OpId_1723 (cycles),87454,cycles,DSP,yolov8l-simplified-modified
77564334435,FORWARD_PROPAGATE_LAYER,297,/model.18/m.2/cv2/act/Sigmoid:OpId_1726 (cycles),0,cycles,DSP,yolov8l-simplified-modified
77564334435,FORWARD_PROPAGATE_LAYER,298,/model.18/m.2/cv2/act/Mul:OpId_1733 (cycles),85546,cycles,DSP,yolov8l-simplified-modified
77564334435,FORWARD_PROPAGATE_LAYER,299,/model.18/Concat:OpId_1735 (cycles),0,cycles,DSP,yolov8l-simplified-modified
77564334435,FORWARD_PROPAGATE_LAYER,300,/model.18/cv2/conv/Conv:OpId_1744 (cycles),87265,cycles,DSP,yolov8l-simplified-modified
77564334435,FORWARD_PROPAGATE_LAYER,301,/model.18/cv2/act/Sigmoid:OpId_1747 (cycles),0,cycles,DSP,yolov8l-simplified-modified
77564334435,FORWARD_PROPAGATE_LAYER,302,/model.18/cv2/act/Mul:OpId_1754 (cycles),157256,cycles,DSP,yolov8l-simplified-modified
77564334435,FORWARD_PROPAGATE_LAYER,303,/model.19/conv/Conv:OpId_1763 (cycles),216239,cycles,DSP,yolov8l-simplified-modified
77564334435,FORWARD_PROPAGATE_LAYER,304,/model.22/cv2.1/cv2.1.0/conv/Conv:OpId_1773 (cycles),43753,cycles,DSP,yolov8l-simplified-modified
77564334435,FORWARD_PROPAGATE_LAYER,305,/model.22/cv3.1/cv3.1.0/conv/Conv:OpId_1783 (cycles),173369,cycles,DSP,yolov8l-simplified-modified
77564334435,FORWARD_PROPAGATE_LAYER,306,/model.19/act/Sigmoid:OpId_1786 (cycles),0,cycles,DSP,yolov8l-simplified-modified
77564334435,FORWARD_PROPAGATE_LAYER,307,/model.22/cv2.1/cv2.1.0/act/Sigmoid:OpId_1793 (cycles),0,cycles,DSP,yolov8l-simplified-modified
77564334435,FORWARD_PROPAGATE_LAYER,308,/model.22/cv3.1/cv3.1.0/act/Sigmoid:OpId_1800 (cycles),0,cycles,DSP,yolov8l-simplified-modified
77564334435,FORWARD_PROPAGATE_LAYER,309,/model.19/act/Mul:OpId_1807 (cycles),44431,cycles,DSP,yolov8l-simplified-modified
77564334435,FORWARD_PROPAGATE_LAYER,310,/model.22/cv2.1/cv2.1.0/act/Mul:OpId_1809 (cycles),18050,cycles,DSP,yolov8l-simplified-modified
77564334435,FORWARD_PROPAGATE_LAYER,311,/model.22/cv3.1/cv3.1.0/act/Mul:OpId_1811 (cycles),87282,cycles,DSP,yolov8l-simplified-modified
77564334435,FORWARD_PROPAGATE_LAYER,312,/model.20/Concat:OpId_1813 (cycles),0,cycles,DSP,yolov8l-simplified-modified
77564334435,FORWARD_PROPAGATE_LAYER,313,/model.22/cv2.1/cv2.1.1/conv/Conv:OpId_1822 (cycles),7317,cycles,DSP,yolov8l-simplified-modified
77564334435,FORWARD_PROPAGATE_LAYER,314,/model.22/cv3.1/cv3.1.1/conv/Conv:OpId_1832 (cycles),96965,cycles,DSP,yolov8l-simplified-modified
77564334435,FORWARD_PROPAGATE_LAYER,315,/model.21/cv1/conv/Conv:OpId_1842 (cycles),25472,cycles,DSP,yolov8l-simplified-modified
77564334435,FORWARD_PROPAGATE_LAYER,316,/model.22/cv2.1/cv2.1.1/act/Sigmoid:OpId_1845 (cycles),0,cycles,DSP,yolov8l-simplified-modified
77564334435,FORWARD_PROPAGATE_LAYER,317,/model.22/cv3.1/cv3.1.1/act/Sigmoid:OpId_1852 (cycles),0,cycles,DSP,yolov8l-simplified-modified
77564334435,FORWARD_PROPAGATE_LAYER,318,/model.21/cv1/act/Sigmoid:OpId_1859 (cycles),0,cycles,DSP,yolov8l-simplified-modified
77564334435,FORWARD_PROPAGATE_LAYER,319,/model.22/cv2.1/cv2.1.1/act/Mul:OpId_1866 (cycles),18371,cycles,DSP,yolov8l-simplified-modified
77564334435,FORWARD_PROPAGATE_LAYER,320,/model.22/cv3.1/cv3.1.1/act/Mul:OpId_1868 (cycles),82862,cycles,DSP,yolov8l-simplified-modified
77564334435,FORWARD_PROPAGATE_LAYER,321,/model.21/cv1/act/Mul:OpId_1870 (cycles),44492,cycles,DSP,yolov8l-simplified-modified
77564334435,FORWARD_PROPAGATE_LAYER,322,/model.22/cv2.1/cv2.1.2/Conv:OpId_1879 (cycles),1974,cycles,DSP,yolov8l-simplified-modified
77564334435,FORWARD_PROPAGATE_LAYER,323,/model.22/cv2.1/cv2.1.2/Conv_output_0.nchw:OpId_1883 (cycles),16227,cycles,DSP,yolov8l-simplified-modified
77564334435,FORWARD_PROPAGATE_LAYER,324,/model.22/cv3.1/cv3.1.2/Conv:OpId_1891 (cycles),4793,cycles,DSP,yolov8l-simplified-modified
77564334435,FORWARD_PROPAGATE_LAYER,325,/model.21/Slice:OpId_1895 (cycles),10328,cycles,DSP,yolov8l-simplified-modified
77564334435,FORWARD_PROPAGATE_LAYER,326,/model.21/Slice_1:OpId_1901 (cycles),8862,cycles,DSP,yolov8l-simplified-modified
77564334435,FORWARD_PROPAGATE_LAYER,327,/model.22/Reshape_2:OpId_1906 (cycles),32833,cycles,DSP,yolov8l-simplified-modified
77564334435,FORWARD_PROPAGATE_LAYER,328,/model.22/Sigmoid_1:OpId_1907 (cycles),146011,cycles,DSP,yolov8l-simplified-modified
77564334435,FORWARD_PROPAGATE_LAYER,329,/model.21/m.0/cv1/conv/Conv:OpId_1921 (cycles),38284,cycles,DSP,yolov8l-simplified-modified
77564334435,FORWARD_PROPAGATE_LAYER,330,/model.22/Transpose_2:OpId_1925 (cycles),25335,cycles,DSP,yolov8l-simplified-modified
77564334435,FORWARD_PROPAGATE_LAYER,331,/model.22/ReduceMax_1:OpId_1927 (cycles),58390,cycles,DSP,yolov8l-simplified-modified
77564334435,FORWARD_PROPAGATE_LAYER,332,/model.21/m.0/cv1/act/Sigmoid:OpId_1929 (cycles),0,cycles,DSP,yolov8l-simplified-modified
77564334435,FORWARD_PROPAGATE_LAYER,333,/model.22/Softmax_1:OpId_1936 (cycles),125765,cycles,DSP,yolov8l-simplified-modified
77564334435,FORWARD_PROPAGATE_LAYER,334,/model.21/m.0/cv1/act/Mul:OpId_1939 (cycles),27601,cycles,DSP,yolov8l-simplified-modified
77564334435,FORWARD_PROPAGATE_LAYER,335,/model.22/Transpose_3:OpId_1942 (cycles),11911,cycles,DSP,yolov8l-simplified-modified
77564334435,FORWARD_PROPAGATE_LAYER,336,/model.21/m.0/cv2/conv/Conv:OpId_1950 (cycles),37375,cycles,DSP,yolov8l-simplified-modified
77564334435,FORWARD_PROPAGATE_LAYER,337,/model.22/proj_conv_1/Conv:OpId_1958 (cycles),2209,cycles,DSP,yolov8l-simplified-modified
77564334435,FORWARD_PROPAGATE_LAYER,338,/model.21/m.0/cv2/act/Sigmoid:OpId_1961 (cycles),0,cycles,DSP,yolov8l-simplified-modified
77564334435,FORWARD_PROPAGATE_LAYER,339,/model.22/Gather_1_output_0_pre_reshape.nchw:OpId_1969 (cycles),0,cycles,DSP,yolov8l-simplified-modified
77564334435,FORWARD_PROPAGATE_LAYER,340,Reshape_post_/model.22/Gather_1:OpId_1970 (cycles),14086,cycles,DSP,yolov8l-simplified-modified
77564334435,FORWARD_PROPAGATE_LAYER,341,/model.22/Reshape_3_output_0.nhwc:OpId_1972 (cycles),2143,cycles,DSP,yolov8l-simplified-modified
77564334435,FORWARD_PROPAGATE_LAYER,342,/model.21/m.0/cv2/act/Mul:OpId_1973 (cycles),52065,cycles,DSP,yolov8l-simplified-modified
77564334435,FORWARD_PROPAGATE_LAYER,343,/model.21/m.1/cv1/conv/Conv:OpId_1982 (cycles),37076,cycles,DSP,yolov8l-simplified-modified
77564334435,FORWARD_PROPAGATE_LAYER,344,/model.22/Concat_1:OpId_1985 (cycles),20177,cycles,DSP,yolov8l-simplified-modified
77564334435,FORWARD_PROPAGATE_LAYER,345,/model.21/m.1/cv1/act/Sigmoid:OpId_1987 (cycles),0,cycles,DSP,yolov8l-simplified-modified
77564334435,FORWARD_PROPAGATE_LAYER,346,/model.21/m.1/cv1/act/Mul:OpId_1994 (cycles),27746,cycles,DSP,yolov8l-simplified-modified
77564334435,FORWARD_PROPAGATE_LAYER,347,/model.21/m.1/cv2/conv/Conv:OpId_2003 (cycles),37501,cycles,DSP,yolov8l-simplified-modified
77564334435,FORWARD_PROPAGATE_LAYER,348,/model.21/m.1/cv2/act/Sigmoid:OpId_2006 (cycles),0,cycles,DSP,yolov8l-simplified-modified
77564334435,FORWARD_PROPAGATE_LAYER,349,/model.21/m.1/cv2/act/Mul:OpId_2013 (cycles),56667,cycles,DSP,yolov8l-simplified-modified
77564334435,FORWARD_PROPAGATE_LAYER,350,/model.21/m.2/cv1/conv/Conv:OpId_2022 (cycles),36969,cycles,DSP,yolov8l-simplified-modified
77564334435,FORWARD_PROPAGATE_LAYER,351,/model.21/m.2/cv1/act/Sigmoid:OpId_2025 (cycles),0,cycles,DSP,yolov8l-simplified-modified
77564334435,FORWARD_PROPAGATE_LAYER,352,/model.21/m.2/cv1/act/Mul:OpId_2032 (cycles),26047,cycles,DSP,yolov8l-simplified-modified
77564334435,FORWARD_PROPAGATE_LAYER,353,/model.21/m.2/cv2/conv/Conv:OpId_2041 (cycles),37624,cycles,DSP,yolov8l-simplified-modified
77564334435,FORWARD_PROPAGATE_LAYER,354,/model.21/m.2/cv2/act/Sigmoid:OpId_2044 (cycles),0,cycles,DSP,yolov8l-simplified-modified
77564334435,FORWARD_PROPAGATE_LAYER,355,/model.21/m.2/cv2/act/Mul:OpId_2051 (cycles),30666,cycles,DSP,yolov8l-simplified-modified
77564334435,FORWARD_PROPAGATE_LAYER,356,/model.21/Concat:OpId_2053 (cycles),0,cycles,DSP,yolov8l-simplified-modified
77564334435,FORWARD_PROPAGATE_LAYER,357,/model.21/cv2/conv/Conv:OpId_2062 (cycles),30312,cycles,DSP,yolov8l-simplified-modified
77564334435,FORWARD_PROPAGATE_LAYER,358,/model.21/cv2/act/Sigmoid:OpId_2065 (cycles),0,cycles,DSP,yolov8l-simplified-modified
77564334435,FORWARD_PROPAGATE_LAYER,359,/model.21/cv2/act/Mul:OpId_2072 (cycles),45011,cycles,DSP,yolov8l-simplified-modified
77564334435,FORWARD_PROPAGATE_LAYER,360,/model.22/cv2.2/cv2.2.0/conv/Conv:OpId_2081 (cycles),20885,cycles,DSP,yolov8l-simplified-modified
77564334435,FORWARD_PROPAGATE_LAYER,361,/model.22/cv3.2/cv3.2.0/conv/Conv:OpId_2091 (cycles),67799,cycles,DSP,yolov8l-simplified-modified
77564334435,FORWARD_PROPAGATE_LAYER,362,/model.22/cv2.2/cv2.2.0/act/Sigmoid:OpId_2094 (cycles),0,cycles,DSP,yolov8l-simplified-modified
77564334435,FORWARD_PROPAGATE_LAYER,363,/model.22/cv3.2/cv3.2.0/act/Sigmoid:OpId_2101 (cycles),0,cycles,DSP,yolov8l-simplified-modified
77564334435,FORWARD_PROPAGATE_LAYER,364,/model.22/cv2.2/cv2.2.0/act/Mul:OpId_2108 (cycles),9939,cycles,DSP,yolov8l-simplified-modified
77564334435,FORWARD_PROPAGATE_LAYER,365,/model.22/cv3.2/cv3.2.0/act/Mul:OpId_2110 (cycles),27897,cycles,DSP,yolov8l-simplified-modified
77564334435,FORWARD_PROPAGATE_LAYER,366,/model.22/cv2.2/cv2.2.1/conv/Conv:OpId_2119 (cycles),3759,cycles,DSP,yolov8l-simplified-modified
77564334435,FORWARD_PROPAGATE_LAYER,367,/model.22/cv3.2/cv3.2.1/conv/Conv:OpId_2129 (cycles),37480,cycles,DSP,yolov8l-simplified-modified
77564334435,FORWARD_PROPAGATE_LAYER,368,/model.22/cv2.2/cv2.2.1/act/Sigmoid:OpId_2132 (cycles),0,cycles,DSP,yolov8l-simplified-modified
77564334435,FORWARD_PROPAGATE_LAYER,369,/model.22/cv3.2/cv3.2.1/act/Sigmoid:OpId_2139 (cycles),0,cycles,DSP,yolov8l-simplified-modified
77564334435,FORWARD_PROPAGATE_LAYER,370,/model.22/cv2.2/cv2.2.1/act/Mul:OpId_2146 (cycles),7395,cycles,DSP,yolov8l-simplified-modified
77564334435,FORWARD_PROPAGATE_LAYER,371,/model.22/cv3.2/cv3.2.1/act/Mul:OpId_2148 (cycles),31299,cycles,DSP,yolov8l-simplified-modified
77564334435,FORWARD_PROPAGATE_LAYER,372,/model.22/cv2.2/cv2.2.2/Conv:OpId_2157 (cycles),1208,cycles,DSP,yolov8l-simplified-modified
77564334435,FORWARD_PROPAGATE_LAYER,373,/model.22/cv2.2/cv2.2.2/Conv_output_0.nchw:OpId_2161 (cycles),5152,cycles,DSP,yolov8l-simplified-modified
77564334435,FORWARD_PROPAGATE_LAYER,374,/model.22/cv3.2/cv3.2.2/Conv:OpId_2169 (cycles),14603,cycles,DSP,yolov8l-simplified-modified
77564334435,FORWARD_PROPAGATE_LAYER,375,/model.22/Reshape_4:OpId_2172 (cycles),11956,cycles,DSP,yolov8l-simplified-modified
77564334435,FORWARD_PROPAGATE_LAYER,376,/model.22/Sigmoid_2:OpId_2173 (cycles),26165,cycles,DSP,yolov8l-simplified-modified
77564334435,FORWARD_PROPAGATE_LAYER,377,/model.22/Transpose_4:OpId_2181 (cycles),6716,cycles,DSP,yolov8l-simplified-modified
77564334435,FORWARD_PROPAGATE_LAYER,378,/model.22/ReduceMax_2:OpId_2183 (cycles),20190,cycles,DSP,yolov8l-simplified-modified
77564334435,FORWARD_PROPAGATE_LAYER,379,/model.22/Softmax_2:OpId_2185 (cycles),34133,cycles,DSP,yolov8l-simplified-modified
77564334435,FORWARD_PROPAGATE_LAYER,380,/model.22/Transpose_5:OpId_2189 (cycles),2097,cycles,DSP,yolov8l-simplified-modified
77564334435,FORWARD_PROPAGATE_LAYER,381,/model.22/proj_conv_2/Conv:OpId_2195 (cycles),1125,cycles,DSP,yolov8l-simplified-modified
77564334435,FORWARD_PROPAGATE_LAYER,382,/model.22/Gather_2_output_0_pre_reshape.nchw:OpId_2199 (cycles),0,cycles,DSP,yolov8l-simplified-modified
77564334435,FORWARD_PROPAGATE_LAYER,383,Reshape_post_/model.22/Gather_2:OpId_2200 (cycles),2983,cycles,DSP,yolov8l-simplified-modified
77564334435,FORWARD_PROPAGATE_LAYER,384,/model.22/Reshape_5_output_0.nhwc:OpId_2202 (cycles),1557,cycles,DSP,yolov8l-simplified-modified
77564334435,FORWARD_PROPAGATE_LAYER,385,/model.22/Concat_2:OpId_2203 (cycles),5691,cycles,DSP,yolov8l-simplified-modified
77564334435,FORWARD_PROPAGATE_LAYER,386,Output OpId_3 (cycles),46285,cycles,DSP,yolov8l-simplified-modified
77564334435,EXECUTE_TIME_SUBNET_0,,,28510289,cycles,DSP,yolov8l-simplified-modified
77564334435,TOTAL_INFERENCE_TIME,,,29717,us,,yolov8l-simplified-modified
77564334435,FORWARD_PROPAGATE,,,29686,us,,yolov8l-simplified-modified
77564334435,FORWARD_PROPAGATE_LAYER,0,Input OpId_2 (cycles),0,cycles,DSP,yolov8l-simplified-modified
77564334435,FORWARD_PROPAGATE_LAYER,1,/model.0/conv/Conv:OpId_23 (cycles),633132,cycles,DSP,yolov8l-simplified-modified
77564334435,FORWARD_PROPAGATE_LAYER,2,/model.0/act/Sigmoid:OpId_26 (cycles),0,cycles,DSP,yolov8l-simplified-modified
77564334435,FORWARD_PROPAGATE_LAYER,3,/model.0/act/Mul:OpId_33 (cycles),1002170,cycles,DSP,yolov8l-simplified-modified
77564334435,FORWARD_PROPAGATE_LAYER,4,/model.1/conv/Conv:OpId_42 (cycles),470733,cycles,DSP,yolov8l-simplified-modified
77564334435,FORWARD_PROPAGATE_LAYER,5,/model.1/act/Sigmoid:OpId_45 (cycles),0,cycles,DSP,yolov8l-simplified-modified
77564334435,FORWARD_PROPAGATE_LAYER,6,/model.1/act/Mul:OpId_52 (cycles),454382,cycles,DSP,yolov8l-simplified-modified
77564334435,FORWARD_PROPAGATE_LAYER,7,/model.2/cv1/conv/Conv:OpId_61 (cycles),39123,cycles,DSP,yolov8l-simplified-modified
77564334435,FORWARD_PROPAGATE_LAYER,8,/model.2/cv1/act/Sigmoid:OpId_64 (cycles),0,cycles,DSP,yolov8l-simplified-modified
77564334435,FORWARD_PROPAGATE_LAYER,9,/model.2/cv1/act/Mul:OpId_71 (cycles),445204,cycles,DSP,yolov8l-simplified-modified
77564334435,FORWARD_PROPAGATE_LAYER,10,/model.2/Slice:OpId_74 (cycles),97901,cycles,DSP,yolov8l-simplified-modified
77564334435,FORWARD_PROPAGATE_LAYER,11,/model.2/Slice_1:OpId_80 (cycles),87560,cycles,DSP,yolov8l-simplified-modified
77564334435,FORWARD_PROPAGATE_LAYER,12,/model.2/m.0/cv1/conv/Conv:OpId_92 (cycles),85183,cycles,DSP,yolov8l-simplified-modified
77564334435,FORWARD_PROPAGATE_LAYER,13,/model.2/m.0/cv1/act/Sigmoid:OpId_95 (cycles),0,cycles,DSP,yolov8l-simplified-modified
77564334435,FORWARD_PROPAGATE_LAYER,14,/model.2/m.0/cv1/act/Mul:OpId_102 (cycles),246127,cycles,DSP,yolov8l-simplified-modified
77564334435,FORWARD_PROPAGATE_LAYER,15,/model.2/m.0/cv2/conv/Conv:OpId_111 (cycles),84544,cycles,DSP,yolov8l-simplified-modified
77564334435,FORWARD_PROPAGATE_LAYER,16,/model.2/m.0/cv2/act/Sigmoid:OpId_114 (cycles),0,cycles,DSP,yolov8l-simplified-modified
77564334435,FORWARD_PROPAGATE_LAYER,17,/model.2/m.0/cv2/act/Mul:OpId_121 (cycles),234117,cycles,DSP,yolov8l-simplified-modified
77564334435,FORWARD_PROPAGATE_LAYER,18,/model.2/m.0/Add:OpId_123 (cycles),221387,cycles,DSP,yolov8l-simplified-modified
77564334435,FORWARD_PROPAGATE_LAYER,19,/model.2/m.1/cv1/conv/Conv:OpId_132 (cycles),85704,cycles,DSP,yolov8l-simplified-modified
77564334435,FORWARD_PROPAGATE_LAYER,20,/model.2/m.1/cv1/act/Sigmoid:OpId_135 (cycles),0,cycles,DSP,yolov8l-simplified-modified
77564334435,FORWARD_PROPAGATE_LAYER,21,/model.2/m.1/cv1/act/Mul:OpId_142 (cycles),236655,cycles,DSP,yolov8l-simplified-modified
77564334435,FORWARD_PROPAGATE_LAYER,22,/model.2/m.1/cv2/conv/Conv:OpId_151 (cycles),83512,cycles,DSP,yolov8l-simplified-modified
77564334435,FORWARD_PROPAGATE_LAYER,23,/model.2/m.1/cv2/act/Sigmoid:OpId_154 (cycles),0,cycles,DSP,yolov8l-simplified-modified
77564334435,FORWARD_PROPAGATE_LAYER,24,/model.2/m.1/cv2/act/Mul:OpId_161 (cycles),249669,cycles,DSP,yolov8l-simplified-modified
77564334435,FORWARD_PROPAGATE_LAYER,25,/model.2/m.1/Add:OpId_163 (cycles),231978,cycles,DSP,yolov8l-simplified-modified
77564334435,FORWARD_PROPAGATE_LAYER,26,/model.2/m.2/cv1/conv/Conv:OpId_172 (cycles),84318,cycles,DSP,yolov8l-simplified-modified
77564334435,FORWARD_PROPAGATE_LAYER,27,/model.2/m.2/cv1/act/Sigmoid:OpId_175 (cycles),0,cycles,DSP,yolov8l-simplified-modified
77564334435,FORWARD_PROPAGATE_LAYER,28,/model.2/m.2/cv1/act/Mul:OpId_182 (cycles),240216,cycles,DSP,yolov8l-simplified-modified
77564334435,FORWARD_PROPAGATE_LAYER,29,/model.2/m.2/cv2/conv/Conv:OpId_191 (cycles),83048,cycles,DSP,yolov8l-simplified-modified
77564334435,FORWARD_PROPAGATE_LAYER,30,/model.2/m.2/cv2/act/Sigmoid:OpId_194 (cycles),0,cycles,DSP,yolov8l-simplified-modified
77564334435,FORWARD_PROPAGATE_LAYER,31,/model.2/m.2/cv2/act/Mul:OpId_201 (cycles),234866,cycles,DSP,yolov8l-simplified-modified
77564334435,FORWARD_PROPAGATE_LAYER,32,/model.2/m.2/Add:OpId_203 (cycles),119319,cycles,DSP,yolov8l-simplified-modified
77564334435,FORWARD_PROPAGATE_LAYER,33,/model.2/Concat:OpId_205 (cycles),0,cycles,DSP,yolov8l-simplified-modified
77564334435,FORWARD_PROPAGATE_LAYER,34,/model.2/cv2/conv/Conv:OpId_214 (cycles),97448,cycles,DSP,yolov8l-simplified-modified
77564334435,FORWARD_PROPAGATE_LAYER,35,/model.2/cv2/act/Sigmoid:OpId_217 (cycles),0,cycles,DSP,yolov8l-simplified-modified
77564334435,FORWARD_PROPAGATE_LAYER,36,/model.2/cv2/act/Mul:OpId_224 (cycles),517477,cycles,DSP,yolov8l-simplified-modified
77564334435,FORWARD_PROPAGATE_LAYER,37,/model.3/conv/Conv:OpId_233 (cycles),333048,cycles,DSP,yolov8l-simplified-modified
77564334435,FORWARD_PROPAGATE_LAYER,38,/model.3/act/Sigmoid:OpId_236 (cycles),0,cycles,DSP,yolov8l-simplified-modified
77564334435,FORWARD_PROPAGATE_LAYER,39,/model.3/act/Mul:OpId_243 (cycles),250239,cycles,DSP,yolov8l-simplified-modified
77564334435,FORWARD_PROPAGATE_LAYER,40,/model.4/cv1/conv/Conv:OpId_252 (cycles),36849,cycles,DSP,yolov8l-simplified-modified
77564334435,FORWARD_PROPAGATE_LAYER,41,/model.4/cv1/act/Sigmoid:OpId_255 (cycles),0,cycles,DSP,yolov8l-simplified-modified
77564334435,FORWARD_PROPAGATE_LAYER,42,/model.4/cv1/act/Mul:OpId_262 (cycles),239476,cycles,DSP,yolov8l-simplified-modified
77564334435,FORWARD_PROPAGATE_LAYER,43,/model.4/Slice:OpId_265 (cycles),45741,cycles,DSP,yolov8l-simplified-modified
77564334435,FORWARD_PROPAGATE_LAYER,44,/model.4/Slice_1:OpId_271 (cycles),49331,cycles,DSP,yolov8l-simplified-modified
77564334435,FORWARD_PROPAGATE_LAYER,45,/model.4/m.0/cv1/conv/Conv:OpId_283 (cycles),90493,cycles,DSP,yolov8l-simplified-modified
77564334435,FORWARD_PROPAGATE_LAYER,46,/model.4/m.0/cv1/act/Sigmoid:OpId_286 (cycles),0,cycles,DSP,yolov8l-simplified-modified
77564334435,FORWARD_PROPAGATE_LAYER,47,/model.4/m.0/cv1/act/Mul:OpId_293 (cycles),163936,cycles,DSP,yolov8l-simplified-modified
77564334435,FORWARD_PROPAGATE_LAYER,48,/model.4/m.0/cv2/conv/Conv:OpId_302 (cycles),85329,cycles,DSP,yolov8l-simplified-modified
77564334435,FORWARD_PROPAGATE_LAYER,49,/model.4/m.0/cv2/act/Sigmoid:OpId_305 (cycles),0,cycles,DSP,yolov8l-simplified-modified
77564334435,FORWARD_PROPAGATE_LAYER,50,/model.4/m.0/cv2/act/Mul:OpId_312 (cycles),152019,cycles,DSP,yolov8l-simplified-modified
77564334435,FORWARD_PROPAGATE_LAYER,51,/model.4/m.0/Add:OpId_314 (cycles),122480,cycles,DSP,yolov8l-simplified-modified
77564334435,FORWARD_PROPAGATE_LAYER,52,/model.4/m.1/cv1/conv/Conv:OpId_323 (cycles),91179,cycles,DSP,yolov8l-simplified-modified
77564334435,FORWARD_PROPAGATE_LAYER,53,/model.4/m.1/cv1/act/Sigmoid:OpId_326 (cycles),0,cycles,DSP,yolov8l-simplified-modified
77564334435,FORWARD_PROPAGATE_LAYER,54,/model.4/m.1/cv1/act/Mul:OpId_333 (cycles),143619,cycles,DSP,yolov8l-simplified-modified
77564334435,FORWARD_PROPAGATE_LAYER,55,/model.4/m.1/cv2/conv/Conv:OpId_342 (cycles),86027,cycles,DSP,yolov8l-simplified-modified
77564334435,FORWARD_PROPAGATE_LAYER,56,/model.4/m.1/cv2/act/Sigmoid:OpId_345 (cycles),0,cycles,DSP,yolov8l-simplified-modified
77564334435,FORWARD_PROPAGATE_LAYER,57,/model.4/m.1/cv2/act/Mul:OpId_352 (cycles),132456,cycles,DSP,yolov8l-simplified-modified
77564334435,FORWARD_PROPAGATE_LAYER,58,/model.4/m.1/Add:OpId_354 (cycles),128103,cycles,DSP,yolov8l-simplified-modified
77564334435,FORWARD_PROPAGATE_LAYER,59,/model.4/m.2/cv1/conv/Conv:OpId_363 (cycles),90647,cycles,DSP,yolov8l-simplified-modified
77564334435,FORWARD_PROPAGATE_LAYER,60,/model.4/m.2/cv1/act/Sigmoid:OpId_366 (cycles),0,cycles,DSP,yolov8l-simplified-modified
77564334435,FORWARD_PROPAGATE_LAYER,61,/model.4/m.2/cv1/act/Mul:OpId_373 (cycles),143246,cycles,DSP,yolov8l-simplified-modified
77564334435,FORWARD_PROPAGATE_LAYER,62,/model.4/m.2/cv2/conv/Conv:OpId_382 (cycles),86374,cycles,DSP,yolov8l-simplified-modified
77564334435,FORWARD_PROPAGATE_LAYER,63,/model.4/m.2/cv2/act/Sigmoid:OpId_385 (cycles),0,cycles,DSP,yolov8l-simplified-modified
77564334435,FORWARD_PROPAGATE_LAYER,64,/model.4/m.2/cv2/act/Mul:OpId_392 (cycles),142769,cycles,DSP,yolov8l-simplified-modified
77564334435,FORWARD_PROPAGATE_LAYER,65,/model.4/m.2/Add:OpId_394 (cycles),132750,cycles,DSP,yolov8l-simplified-modified
77564334435,FORWARD_PROPAGATE_LAYER,66,/model.4/m.3/cv1/conv/Conv:OpId_403 (cycles),90557,cycles,DSP,yolov8l-simplified-modified
77564334435,FORWARD_PROPAGATE_LAYER,67,/model.4/m.3/cv1/act/Sigmoid:OpId_406 (cycles),0,cycles,DSP,yolov8l-simplified-modified
77564334435,FORWARD_PROPAGATE_LAYER,68,/model.4/m.3/cv1/act/Mul:OpId_413 (cycles),160261,cycles,DSP,yolov8l-simplified-modified
77564334435,FORWARD_PROPAGATE_LAYER,69,/model.4/m.3/cv2/conv/Conv:OpId_422 (cycles),89337,cycles,DSP,yolov8l-simplified-modified
77564334435,FORWARD_PROPAGATE_LAYER,70,/model.4/m.3/cv2/act/Sigmoid:OpId_425 (cycles),0,cycles,DSP,yolov8l-simplified-modified
77564334435,FORWARD_PROPAGATE_LAYER,71,/model.4/m.3/cv2/act/Mul:OpId_432 (cycles),154930,cycles,DSP,yolov8l-simplified-modified
77564334435,FORWARD_PROPAGATE_LAYER,72,/model.4/m.3/Add:OpId_434 (cycles),135882,cycles,DSP,yolov8l-simplified-modified
77564334435,FORWARD_PROPAGATE_LAYER,73,/model.4/m.4/cv1/conv/Conv:OpId_443 (cycles),89824,cycles,DSP,yolov8l-simplified-modified
77564334435,FORWARD_PROPAGATE_LAYER,74,/model.4/m.4/cv1/act/Sigmoid:OpId_446 (cycles),0,cycles,DSP,yolov8l-simplified-modified
77564334435,FORWARD_PROPAGATE_LAYER,75,/model.4/m.4/cv1/act/Mul:OpId_453 (cycles),154159,cycles,DSP,yolov8l-simplified-modified
77564334435,FORWARD_PROPAGATE_LAYER,76,/model.4/m.4/cv2/conv/Conv:OpId_462 (cycles),79578,cycles,DSP,yolov8l-simplified-modified
77564334435,FORWARD_PROPAGATE_LAYER,77,/model.4/m.4/cv2/act/Sigmoid:OpId_465 (cycles),0,cycles,DSP,yolov8l-simplified-modified
77564334435,FORWARD_PROPAGATE_LAYER,78,/model.4/m.4/cv2/act/Mul:OpId_472 (cycles),148418,cycles,DSP,yolov8l-simplified-modified
77564334435,FORWARD_PROPAGATE_LAYER,79,/model.4/m.4/Add:OpId_474 (cycles),143477,cycles,DSP,yolov8l-simplified-modified
77564334435,FORWARD_PROPAGATE_LAYER,80,/model.4/m.5/cv1/conv/Conv:OpId_483 (cycles),89203,cycles,DSP,yolov8l-simplified-modified
77564334435,FORWARD_PROPAGATE_LAYER,81,/model.4/m.5/cv1/act/Sigmoid:OpId_486 (cycles),0,cycles,DSP,yolov8l-simplified-modified
77564334435,FORWARD_PROPAGATE_LAYER,82,/model.4/m.5/cv1/act/Mul:OpId_493 (cycles),148622,cycles,DSP,yolov8l-simplified-modified
77564334435,FORWARD_PROPAGATE_LAYER,83,/model.4/m.5/cv2/conv/Conv:OpId_502 (cycles),86556,cycles,DSP,yolov8l-simplified-modified
77564334435,FORWARD_PROPAGATE_LAYER,84,/model.4/m.5/cv2/act/Sigmoid:OpId_505 (cycles),0,cycles,DSP,yolov8l-simplified-modified
77564334435,FORWARD_PROPAGATE_LAYER,85,/model.4/m.5/cv2/act/Mul:OpId_512 (cycles),145103,cycles,DSP,yolov8l-simplified-modified
77564334435,FORWARD_PROPAGATE_LAYER,86,/model.4/m.5/Add:OpId_514 (cycles),61626,cycles,DSP,yolov8l-simplified-modified
77564334435,FORWARD_PROPAGATE_LAYER,87,/model.4/Concat:OpId_516 (cycles),0,cycles,DSP,yolov8l-simplified-modified
77564334435,FORWARD_PROPAGATE_LAYER,88,/model.4/cv2/conv/Conv:OpId_525 (cycles),140996,cycles,DSP,yolov8l-simplified-modified
77564334435,FORWARD_PROPAGATE_LAYER,89,/model.4/cv2/act/Sigmoid:OpId_528 (cycles),0,cycles,DSP,yolov8l-simplified-modified
77564334435,FORWARD_PROPAGATE_LAYER,90,/model.4/cv2/act/Mul:OpId_535 (cycles),567531,cycles,DSP,yolov8l-simplified-modified
77564334435,FORWARD_PROPAGATE_LAYER,91,/model.5/conv/Conv:OpId_544 (cycles),276198,cycles,DSP,yolov8l-simplified-modified
77564334435,FORWARD_PROPAGATE_LAYER,92,/model.5/act/Sigmoid:OpId_547 (cycles),0,cycles,DSP,yolov8l-simplified-modified
77564334435,FORWARD_PROPAGATE_LAYER,93,/model.5/act/Mul:OpId_554 (cycles),129191,cycles,DSP,yolov8l-simplified-modified
77564334435,FORWARD_PROPAGATE_LAYER,94,/model.6/cv1/conv/Conv:OpId_563 (cycles),42623,cycles,DSP,yolov8l-simplified-modified
77564334435,FORWARD_PROPAGATE_LAYER,95,/model.6/cv1/act/Sigmoid:OpId_566 (cycles),0,cycles,DSP,yolov8l-simplified-modified
77564334435,FORWARD_PROPAGATE_LAYER,96,/model.6/cv1/act/Mul:OpId_573 (cycles),137640,cycles,DSP,yolov8l-simplified-modified
77564334435,FORWARD_PROPAGATE_LAYER,97,/model.6/Slice:OpId_576 (cycles),21662,cycles,DSP,yolov8l-simplified-modified
77564334435,FORWARD_PROPAGATE_LAYER,98,/model.6/Slice_1:OpId_582 (cycles),22743,cycles,DSP,yolov8l-simplified-modified
77564334435,FORWARD_PROPAGATE_LAYER,99,/model.6/m.0/cv1/conv/Conv:OpId_594 (cycles),86672,cycles,DSP,yolov8l-simplified-modified
77564334435,FORWARD_PROPAGATE_LAYER,100,/model.6/m.0/cv1/act/Sigmoid:OpId_597 (cycles),0,cycles,DSP,yolov8l-simplified-modified
77564334435,FORWARD_PROPAGATE_LAYER,101,/model.6/m.0/cv1/act/Mul:OpId_604 (cycles),86018,cycles,DSP,yolov8l-simplified-modified
77564334435,FORWARD_PROPAGATE_LAYER,102,/model.6/m.0/cv2/conv/Conv:OpId_613 (cycles),100488,cycles,DSP,yolov8l-simplified-modified
77564334435,FORWARD_PROPAGATE_LAYER,103,/model.6/m.0/cv2/act/Sigmoid:OpId_616 (cycles),0,cycles,DSP,yolov8l-simplified-modified
77564334435,FORWARD_PROPAGATE_LAYER,104,/model.6/m.0/cv2/act/Mul:OpId_623 (cycles),83687,cycles,DSP,yolov8l-simplified-modified
77564334435,FORWARD_PROPAGATE_LAYER,105,/model.6/m.0/Add:OpId_625 (cycles),58062,cycles,DSP,yolov8l-simplified-modified
77564334435,FORWARD_PROPAGATE_LAYER,106,/model.6/m.1/cv1/conv/Conv:OpId_634 (cycles),102121,cycles,DSP,yolov8l-simplified-modified
77564334435,FORWARD_PROPAGATE_LAYER,107,/model.6/m.1/cv1/act/Sigmoid:OpId_637 (cycles),0,cycles,DSP,yolov8l-simplified-modified
77564334435,FORWARD_PROPAGATE_LAYER,108,/model.6/m.1/cv1/act/Mul:OpId_644 (cycles),88202,cycles,DSP,yolov8l-simplified-modified
77564334435,FORWARD_PROPAGATE_LAYER,109,/model.6/m.1/cv2/conv/Conv:OpId_653 (cycles),87797,cycles,DSP,yolov8l-simplified-modified
77564334435,FORWARD_PROPAGATE_LAYER,110,/model.6/m.1/cv2/act/Sigmoid:OpId_656 (cycles),0,cycles,DSP,yolov8l-simplified-modified
77564334435,FORWARD_PROPAGATE_LAYER,111,/model.6/m.1/cv2/act/Mul:OpId_663 (cycles),89551,cycles,DSP,yolov8l-simplified-modified
77564334435,FORWARD_PROPAGATE_LAYER,112,/model.6/m.1/Add:OpId_665 (cycles),54620,cycles,DSP,yolov8l-simplified-modified
77564334435,FORWARD_PROPAGATE_LAYER,113,/model.6/m.2/cv1/conv/Conv:OpId_674 (cycles),101945,cycles,DSP,yolov8l-simplified-modified
77564334435,FORWARD_PROPAGATE_LAYER,114,/model.6/m.2/cv1/act/Sigmoid:OpId_677 (cycles),0,cycles,DSP,yolov8l-simplified-modified
77564334435,FORWARD_PROPAGATE_LAYER,115,/model.6/m.2/cv1/act/Mul:OpId_684 (cycles),89083,cycles,DSP,yolov8l-simplified-modified
77564334435,FORWARD_PROPAGATE_LAYER,116,/model.6/m.2/cv2/conv/Conv:OpId_693 (cycles),86617,cycles,DSP,yolov8l-simplified-modified
77564334435,FORWARD_PROPAGATE_LAYER,117,/model.6/m.2/cv2/act/Sigmoid:OpId_696 (cycles),0,cycles,DSP,yolov8l-simplified-modified
77564334435,FORWARD_PROPAGATE_LAYER,118,/model.6/m.2/cv2/act/Mul:OpId_703 (cycles),81040,cycles,DSP,yolov8l-simplified-modified
77564334435,FORWARD_PROPAGATE_LAYER,119,/model.6/m.2/Add:OpId_705 (cycles),55059,cycles,DSP,yolov8l-simplified-modified
77564334435,FORWARD_PROPAGATE_LAYER,120,/model.6/m.3/cv1/conv/Conv:OpId_714 (cycles),101918,cycles,DSP,yolov8l-simplified-modified
77564334435,FORWARD_PROPAGATE_LAYER,121,/model.6/m.3/cv1/act/Sigmoid:OpId_717 (cycles),0,cycles,DSP,yolov8l-simplified-modified
77564334435,FORWARD_PROPAGATE_LAYER,122,/model.6/m.3/cv1/act/Mul:OpId_724 (cycles),89739,cycles,DSP,yolov8l-simplified-modified
77564334435,FORWARD_PROPAGATE_LAYER,123,/model.6/m.3/cv2/conv/Conv:OpId_733 (cycles),100487,cycles,DSP,yolov8l-simplified-modified
77564334435,FORWARD_PROPAGATE_LAYER,124,/model.6/m.3/cv2/act/Sigmoid:OpId_736 (cycles),0,cycles,DSP,yolov8l-simplified-modified
77564334435,FORWARD_PROPAGATE_LAYER,125,/model.6/m.3/cv2/act/Mul:OpId_743 (cycles),85681,cycles,DSP,yolov8l-simplified-modified
77564334435,FORWARD_PROPAGATE_LAYER,126,/model.6/m.3/Add:OpId_745 (cycles),57447,cycles,DSP,yolov8l-simplified-modified
77564334435,FORWARD_PROPAGATE_LAYER,127,/model.6/m.4/cv1/conv/Conv:OpId_754 (cycles),101930,cycles,DSP,yolov8l-simplified-modified
77564334435,FORWARD_PROPAGATE_LAYER,128,/model.6/m.4/cv1/act/Sigmoid:OpId_757 (cycles),0,cycles,DSP,yolov8l-simplified-modified
77564334435,FORWARD_PROPAGATE_LAYER,129,/model.6/m.4/cv1/act/Mul:OpId_764 (cycles),89899,cycles,DSP,yolov8l-simplified-modified
77564334435,FORWARD_PROPAGATE_LAYER,130,/model.6/m.4/cv2/conv/Conv:OpId_773 (cycles),89170,cycles,DSP,yolov8l-simplified-modified
77564334435,FORWARD_PROPAGATE_LAYER,131,/model.6/m.4/cv2/act/Sigmoid:OpId_776 (cycles),0,cycles,DSP,yolov8l-simplified-modified
77564334435,FORWARD_PROPAGATE_LAYER,132,/model.6/m.4/cv2/act/Mul:OpId_783 (cycles),82725,cycles,DSP,yolov8l-simplified-modified
77564334435,FORWARD_PROPAGATE_LAYER,133,/model.6/m.4/Add:OpId_785 (cycles),59120,cycles,DSP,yolov8l-simplified-modified
77564334435,FORWARD_PROPAGATE_LAYER,134,/model.6/m.5/cv1/conv/Conv:OpId_794 (cycles),117208,cycles,DSP,yolov8l-simplified-modified
77564334435,FORWARD_PROPAGATE_LAYER,135,/model.6/m.5/cv1/act/Sigmoid:OpId_797 (cycles),0,cycles,DSP,yolov8l-simplified-modified
77564334435,FORWARD_PROPAGATE_LAYER,136,/model.6/m.5/cv1/act/Mul:OpId_804 (cycles),82984,cycles,DSP,yolov8l-simplified-modified
77564334435,FORWARD_PROPAGATE_LAYER,137,/model.6/m.5/cv2/conv/Conv:OpId_813 (cycles),85890,cycles,DSP,yolov8l-simplified-modified
77564334435,FORWARD_PROPAGATE_LAYER,138,/model.6/m.5/cv2/act/Sigmoid:OpId_816 (cycles),0,cycles,DSP,yolov8l-simplified-modified
77564334435,FORWARD_PROPAGATE_LAYER,139,/model.6/m.5/cv2/act/Mul:OpId_823 (cycles),83419,cycles,DSP,yolov8l-simplified-modified
77564334435,FORWARD_PROPAGATE_LAYER,140,/model.6/m.5/Add:OpId_825 (cycles),29968,cycles,DSP,yolov8l-simplified-modified
77564334435,FORWARD_PROPAGATE_LAYER,141,/model.6/Concat:OpId_827 (cycles),0,cycles,DSP,yolov8l-simplified-modified
77564334435,FORWARD_PROPAGATE_LAYER,142,/model.6/cv2/conv/Conv:OpId_836 (cycles),139794,cycles,DSP,yolov8l-simplified-modified
77564334435,FORWARD_PROPAGATE_LAYER,143,/model.6/cv2/act/Sigmoid:OpId_839 (cycles),0,cycles,DSP,yolov8l-simplified-modified
77564334435,FORWARD_PROPAGATE_LAYER,144,/model.6/cv2/act/Mul:OpId_846 (cycles),301636,cycles,DSP,yolov8l-simplified-modified
77564334435,FORWARD_PROPAGATE_LAYER,145,/model.7/conv/Conv:OpId_855 (cycles),227470,cycles,DSP,yolov8l-simplified-modified
77564334435,FORWARD_PROPAGATE_LAYER,146,/model.7/act/Sigmoid:OpId_858 (cycles),0,cycles,DSP,yolov8l-simplified-modified
77564334435,FORWARD_PROPAGATE_LAYER,147,/model.7/act/Mul:OpId_865 (cycles),44119,cycles,DSP,yolov8l-simplified-modified
77564334435,FORWARD_PROPAGATE_LAYER,148,/model.8/cv1/conv/Conv:OpId_874 (cycles),13406,cycles,DSP,yolov8l-simplified-modified
77564334435,FORWARD_PROPAGATE_LAYER,149,/model.8/cv1/act/Sigmoid:OpId_877 (cycles),0,cycles,DSP,yolov8l-simplified-modified
77564334435,FORWARD_PROPAGATE_LAYER,150,/model.8/cv1/act/Mul:OpId_884 (cycles),40377,cycles,DSP,yolov8l-simplified-modified
77564334435,FORWARD_PROPAGATE_LAYER,151,/model.8/Slice:OpId_887 (cycles),8138,cycles,DSP,yolov8l-simplified-modified
77564334435,FORWARD_PROPAGATE_LAYER,152,/model.8/Slice_1:OpId_893 (cycles),8740,cycles,DSP,yolov8l-simplified-modified
77564334435,FORWARD_PROPAGATE_LAYER,153,/model.8/m.0/cv1/conv/Conv:OpId_905 (cycles),45366,cycles,DSP,yolov8l-simplified-modified
77564334435,FORWARD_PROPAGATE_LAYER,154,/model.8/m.0/cv1/act/Sigmoid:OpId_908 (cycles),0,cycles,DSP,yolov8l-simplified-modified
77564334435,FORWARD_PROPAGATE_LAYER,155,/model.8/m.0/cv1/act/Mul:OpId_915 (cycles),26080,cycles,DSP,yolov8l-simplified-modified
77564334435,FORWARD_PROPAGATE_LAYER,156,/model.8/m.0/cv2/conv/Conv:OpId_924 (cycles),38837,cycles,DSP,yolov8l-simplified-modified
77564334435,FORWARD_PROPAGATE_LAYER,157,/model.8/m.0/cv2/act/Sigmoid:OpId_927 (cycles),0,cycles,DSP,yolov8l-simplified-modified
77564334435,FORWARD_PROPAGATE_LAYER,158,/model.8/m.0/cv2/act/Mul:OpId_934 (cycles),29108,cycles,DSP,yolov8l-simplified-modified
77564334435,FORWARD_PROPAGATE_LAYER,159,/model.8/m.0/Add:OpId_936 (cycles),20938,cycles,DSP,yolov8l-simplified-modified
77564334435,FORWARD_PROPAGATE_LAYER,160,/model.8/m.1/cv1/conv/Conv:OpId_945 (cycles),39705,cycles,DSP,yolov8l-simplified-modified
77564334435,FORWARD_PROPAGATE_LAYER,161,/model.8/m.1/cv1/act/Sigmoid:OpId_948 (cycles),0,cycles,DSP,yolov8l-simplified-modified
77564334435,FORWARD_PROPAGATE_LAYER,162,/model.8/m.1/cv1/act/Mul:OpId_955 (cycles),27842,cycles,DSP,yolov8l-simplified-modified
77564334435,FORWARD_PROPAGATE_LAYER,163,/model.8/m.1/cv2/conv/Conv:OpId_964 (cycles),36596,cycles,DSP,yolov8l-simplified-modified
77564334435,FORWARD_PROPAGATE_LAYER,164,/model.8/m.1/cv2/act/Sigmoid:OpId_967 (cycles),0,cycles,DSP,yolov8l-simplified-modified
77564334435,FORWARD_PROPAGATE_LAYER,165,/model.8/m.1/cv2/act/Mul:OpId_974 (cycles),28994,cycles,DSP,yolov8l-simplified-modified
77564334435,FORWARD_PROPAGATE_LAYER,166,/model.8/m.1/Add:OpId_976 (cycles),21172,cycles,DSP,yolov8l-simplified-modified
77564334435,FORWARD_PROPAGATE_LAYER,167,/model.8/m.2/cv1/conv/Conv:OpId_985 (cycles),38261,cycles,DSP,yolov8l-simplified-modified
77564334435,FORWARD_PROPAGATE_LAYER,168,/model.8/m.2/cv1/act/Sigmoid:OpId_988 (cycles),0,cycles,DSP,yolov8l-simplified-modified
77564334435,FORWARD_PROPAGATE_LAYER,169,/model.8/m.2/cv1/act/Mul:OpId_995 (cycles),29096,cycles,DSP,yolov8l-simplified-modified
77564334435,FORWARD_PROPAGATE_LAYER,170,/model.8/m.2/cv2/conv/Conv:OpId_1004 (cycles),37999,cycles,DSP,yolov8l-simplified-modified
77564334435,FORWARD_PROPAGATE_LAYER,171,/model.8/m.2/cv2/act/Sigmoid:OpId_1007 (cycles),0,cycles,DSP,yolov8l-simplified-modified
77564334435,FORWARD_PROPAGATE_LAYER,172,/model.8/m.2/cv2/act/Mul:OpId_1014 (cycles),28144,cycles,DSP,yolov8l-simplified-modified
77564334435,FORWARD_PROPAGATE_LAYER,173,/model.8/m.2/Add:OpId_1016 (cycles),10646,cycles,DSP,yolov8l-simplified-modified
77564334435,FORWARD_PROPAGATE_LAYER,174,/model.8/Concat:OpId_1018 (cycles),0,cycles,DSP,yolov8l-simplified-modified
77564334435,FORWARD_PROPAGATE_LAYER,175,/model.8/cv2/conv/Conv:OpId_1027 (cycles),32122,cycles,DSP,yolov8l-simplified-modified
77564334435,FORWARD_PROPAGATE_LAYER,176,/model.8/cv2/act/Sigmoid:OpId_1030 (cycles),0,cycles,DSP,yolov8l-simplified-modified
77564334435,FORWARD_PROPAGATE_LAYER,177,/model.8/cv2/act/Mul:OpId_1037 (cycles),49093,cycles,DSP,yolov8l-simplified-modified
77564334435,FORWARD_PROPAGATE_LAYER,178,/model.9/cv1/conv/Conv:OpId_1046 (cycles),7278,cycles,DSP,yolov8l-simplified-modified
77564334435,FORWARD_PROPAGATE_LAYER,179,/model.9/cv1/act/Sigmoid:OpId_1049 (cycles),0,cycles,DSP,yolov8l-simplified-modified
77564334435,FORWARD_PROPAGATE_LAYER,180,/model.9/cv1/act/Mul:OpId_1056 (cycles),22098,cycles,DSP,yolov8l-simplified-modified
77564334435,FORWARD_PROPAGATE_LAYER,181,/model.9/m/MaxPool:OpId_1061 (cycles),55512,cycles,DSP,yolov8l-simplified-modified
77564334435,FORWARD_PROPAGATE_LAYER,182,/model.9/m_1/MaxPool:OpId_1066 (cycles),36283,cycles,DSP,yolov8l-simplified-modified
77564334435,FORWARD_PROPAGATE_LAYER,183,/model.9/m_2/MaxPool:OpId_1071 (cycles),41304,cycles,DSP,yolov8l-simplified-modified
77564334435,FORWARD_PROPAGATE_LAYER,184,/model.9/Concat:OpId_1073 (cycles),0,cycles,DSP,yolov8l-simplified-modified
77564334435,FORWARD_PROPAGATE_LAYER,185,/model.9/cv2/conv/Conv:OpId_1082 (cycles),25998,cycles,DSP,yolov8l-simplified-modified
77564334435,FORWARD_PROPAGATE_LAYER,186,/model.9/cv2/act/Sigmoid:OpId_1085 (cycles),0,cycles,DSP,yolov8l-simplified-modified
77564334435,FORWARD_PROPAGATE_LAYER,187,/model.9/cv2/act/Mul:OpId_1092 (cycles),84059,cycles,DSP,yolov8l-simplified-modified
77564334435,FORWARD_PROPAGATE_LAYER,188,/model.10/Resize:OpId_1094 (cycles),71623,cycles,DSP,yolov8l-simplified-modified
77564334435,FORWARD_PROPAGATE_LAYER,189,/model.11/Concat:OpId_1097 (cycles),0,cycles,DSP,yolov8l-simplified-modified
77564334435,FORWARD_PROPAGATE_LAYER,190,/model.12/cv1/conv/Conv:OpId_1106 (cycles),70774,cycles,DSP,yolov8l-simplified-modified
77564334435,FORWARD_PROPAGATE_LAYER,191,/model.12/cv1/act/Sigmoid:OpId_1109 (cycles),0,cycles,DSP,yolov8l-simplified-modified
77564334435,FORWARD_PROPAGATE_LAYER,192,/model.12/cv1/act/Mul:OpId_1116 (cycles),131860,cycles,DSP,yolov8l-simplified-modified
77564334435,FORWARD_PROPAGATE_LAYER,193,/model.12/Slice:OpId_1119 (cycles),20424,cycles,DSP,yolov8l-simplified-modified
77564334435,FORWARD_PROPAGATE_LAYER,194,/model.12/Slice_1:OpId_1125 (cycles),23421,cycles,DSP,yolov8l-simplified-modified
77564334435,FORWARD_PROPAGATE_LAYER,195,/model.12/m.0/cv1/conv/Conv:OpId_1137 (cycles),86321,cycles,DSP,yolov8l-simplified-modified
77564334435,FORWARD_PROPAGATE_LAYER,196,/model.12/m.0/cv1/act/Sigmoid:OpId_1140 (cycles),0,cycles,DSP,yolov8l-simplified-modified
77564334435,FORWARD_PROPAGATE_LAYER,197,/model.12/m.0/cv1/act/Mul:OpId_1147 (cycles),86000,cycles,DSP,yolov8l-simplified-modified
77564334435,FORWARD_PROPAGATE_LAYER,198,/model.12/m.0/cv2/conv/Conv:OpId_1156 (cycles),88072,cycles,DSP,yolov8l-simplified-modified
77564334435,FORWARD_PROPAGATE_LAYER,199,/model.12/m.0/cv2/act/Sigmoid:OpId_1159 (cycles),0,cycles,DSP,yolov8l-simplified-modified
77564334435,FORWARD_PROPAGATE_LAYER,200,/model.12/m.0/cv2/act/Mul:OpId_1166 (cycles),159895,cycles,DSP,yolov8l-simplified-modified
77564334435,FORWARD_PROPAGATE_LAYER,201,/model.12/m.1/cv1/conv/Conv:OpId_1175 (cycles),86317,cycles,DSP,yolov8l-simplified-modified
77564334435,FORWARD_PROPAGATE_LAYER,202,/model.12/m.1/cv1/act/Sigmoid:OpId_1178 (cycles),0,cycles,DSP,yolov8l-simplified-modified
77564334435,FORWARD_PROPAGATE_LAYER,203,/model.12/m.1/cv1/act/Mul:OpId_1185 (cycles),88121,cycles,DSP,yolov8l-simplified-modified
77564334435,FORWARD_PROPAGATE_LAYER,204,/model.12/m.1/cv2/conv/Conv:OpId_1194 (cycles),95449,cycles,DSP,yolov8l-simplified-modified
77564334435,FORWARD_PROPAGATE_LAYER,205,/model.12/m.1/cv2/act/Sigmoid:OpId_1197 (cycles),0,cycles,DSP,yolov8l-simplified-modified
77564334435,FORWARD_PROPAGATE_LAYER,206,/model.12/m.1/cv2/act/Mul:OpId_1204 (cycles),164405,cycles,DSP,yolov8l-simplified-modified
77564334435,FORWARD_PROPAGATE_LAYER,207,/model.12/m.2/cv1/conv/Conv:OpId_1213 (cycles),86564,cycles,DSP,yolov8l-simplified-modified
77564334435,FORWARD_PROPAGATE_LAYER,208,/model.12/m.2/cv1/act/Sigmoid:OpId_1216 (cycles),0,cycles,DSP,yolov8l-simplified-modified
77564334435,FORWARD_PROPAGATE_LAYER,209,/model.12/m.2/cv1/act/Mul:OpId_1223 (cycles),83455,cycles,DSP,yolov8l-simplified-modified
77564334435,FORWARD_PROPAGATE_LAYER,210,/model.12/m.2/cv2/conv/Conv:OpId_1232 (cycles),95104,cycles,DSP,yolov8l-simplified-modified
77564334435,FORWARD_PROPAGATE_LAYER,211,/model.12/m.2/cv2/act/Sigmoid:OpId_1235 (cycles),0,cycles,DSP,yolov8l-simplified-modified
77564334435,FORWARD_PROPAGATE_LAYER,212,/model.12/m.2/cv2/act/Mul:OpId_1242 (cycles),80362,cycles,DSP,yolov8l-simplified-modified
77564334435,FORWARD_PROPAGATE_LAYER,213,/model.12/Concat:OpId_1244 (cycles),0,cycles,DSP,yolov8l-simplified-modified
77564334435,FORWARD_PROPAGATE_LAYER,214,/model.12/cv2/conv/Conv:OpId_1253 (cycles),73933,cycles,DSP,yolov8l-simplified-modified
77564334435,FORWARD_PROPAGATE_LAYER,215,/model.12/cv2/act/Sigmoid:OpId_1256 (cycles),0,cycles,DSP,yolov8l-simplified-modified
77564334435,FORWARD_PROPAGATE_LAYER,216,/model.12/cv2/act/Mul:OpId_1263 (cycles),141108,cycles,DSP,yolov8l-simplified-modified
77564334435,FORWARD_PROPAGATE_LAYER,217,/model.13/Resize:OpId_1265 (cycles),125318,cycles,DSP,yolov8l-simplified-modified
77564334435,FORWARD_PROPAGATE_LAYER,218,/model.14/Concat:OpId_1268 (cycles),0,cycles,DSP,yolov8l-simplified-modified
77564334435,FORWARD_PROPAGATE_LAYER,219,/model.15/cv1/conv/Conv:OpId_1277 (cycles),96476,cycles,DSP,yolov8l-simplified-modified
77564334435,FORWARD_PROPAGATE_LAYER,220,/model.15/cv1/act/Sigmoid:OpId_1280 (cycles),0,cycles,DSP,yolov8l-simplified-modified
77564334435,FORWARD_PROPAGATE_LAYER,221,/model.15/cv1/act/Mul:OpId_1287 (cycles),247829,cycles,DSP,yolov8l-simplified-modified
77564334435,FORWARD_PROPAGATE_LAYER,222,/model.15/Slice:OpId_1290 (cycles),62970,cycles,DSP,yolov8l-simplified-modified
77564334435,FORWARD_PROPAGATE_LAYER,223,/model.15/Slice_1:OpId_1296 (cycles),52010,cycles,DSP,yolov8l-simplified-modified
77564334435,FORWARD_PROPAGATE_LAYER,224,/model.15/m.0/cv1/conv/Conv:OpId_1308 (cycles),86061,cycles,DSP,yolov8l-simplified-modified
77564334435,FORWARD_PROPAGATE_LAYER,225,/model.15/m.0/cv1/act/Sigmoid:OpId_1311 (cycles),0,cycles,DSP,yolov8l-simplified-modified
77564334435,FORWARD_PROPAGATE_LAYER,226,/model.15/m.0/cv1/act/Mul:OpId_1318 (cycles),140204,cycles,DSP,yolov8l-simplified-modified
77564334435,FORWARD_PROPAGATE_LAYER,227,/model.15/m.0/cv2/conv/Conv:OpId_1327 (cycles),81489,cycles,DSP,yolov8l-simplified-modified
77564334435,FORWARD_PROPAGATE_LAYER,228,/model.15/m.0/cv2/act/Sigmoid:OpId_1330 (cycles),0,cycles,DSP,yolov8l-simplified-modified
77564334435,FORWARD_PROPAGATE_LAYER,229,/model.15/m.0/cv2/act/Mul:OpId_1337 (cycles),271246,cycles,DSP,yolov8l-simplified-modified
77564334435,FORWARD_PROPAGATE_LAYER,230,/model.15/m.1/cv1/conv/Conv:OpId_1346 (cycles),82016,cycles,DSP,yolov8l-simplified-modified
77564334435,FORWARD_PROPAGATE_LAYER,231,/model.15/m.1/cv1/act/Sigmoid:OpId_1349 (cycles),0,cycles,DSP,yolov8l-simplified-modified
77564334435,FORWARD_PROPAGATE_LAYER,232,/model.15/m.1/cv1/act/Mul:OpId_1356 (cycles),158323,cycles,DSP,yolov8l-simplified-modified
77564334435,FORWARD_PROPAGATE_LAYER,233,/model.15/m.1/cv2/conv/Conv:OpId_1365 (cycles),89304,cycles,DSP,yolov8l-simplified-modified
77564334435,FORWARD_PROPAGATE_LAYER,234,/model.15/m.1/cv2/act/Sigmoid:OpId_1368 (cycles),0,cycles,DSP,yolov8l-simplified-modified
77564334435,FORWARD_PROPAGATE_LAYER,235,/model.15/m.1/cv2/act/Mul:OpId_1375 (cycles),325030,cycles,DSP,yolov8l-simplified-modified
77564334435,FORWARD_PROPAGATE_LAYER,236,/model.15/m.2/cv1/conv/Conv:OpId_1384 (cycles),89274,cycles,DSP,yolov8l-simplified-modified
77564334435,FORWARD_PROPAGATE_LAYER,237,/model.15/m.2/cv1/act/Sigmoid:OpId_1387 (cycles),0,cycles,DSP,yolov8l-simplified-modified
77564334435,FORWARD_PROPAGATE_LAYER,238,/model.15/m.2/cv1/act/Mul:OpId_1394 (cycles),157526,cycles,DSP,yolov8l-simplified-modified
77564334435,FORWARD_PROPAGATE_LAYER,239,/model.15/m.2/cv2/conv/Conv:OpId_1403 (cycles),80769,cycles,DSP,yolov8l-simplified-modified
77564334435,FORWARD_PROPAGATE_LAYER,240,/model.15/m.2/cv2/act/Sigmoid:OpId_1406 (cycles),0,cycles,DSP,yolov8l-simplified-modified
77564334435,FORWARD_PROPAGATE_LAYER,241,/model.15/m.2/cv2/act/Mul:OpId_1413 (cycles),156032,cycles,DSP,yolov8l-simplified-modified
77564334435,FORWARD_PROPAGATE_LAYER,242,/model.15/Concat:OpId_1415 (cycles),0,cycles,DSP,yolov8l-simplified-modified
77564334435,FORWARD_PROPAGATE_LAYER,243,/model.15/cv2/conv/Conv:OpId_1424 (cycles),82900,cycles,DSP,yolov8l-simplified-modified
77564334435,FORWARD_PROPAGATE_LAYER,244,/model.15/cv2/act/Sigmoid:OpId_1427 (cycles),0,cycles,DSP,yolov8l-simplified-modified
77564334435,FORWARD_PROPAGATE_LAYER,245,/model.15/cv2/act/Mul:OpId_1434 (cycles),316590,cycles,DSP,yolov8l-simplified-modified
77564334435,FORWARD_PROPAGATE_LAYER,246,/model.16/conv/Conv:OpId_1443 (cycles),199101,cycles,DSP,yolov8l-simplified-modified
77564334435,FORWARD_PROPAGATE_LAYER,247,/model.22/cv2.0/cv2.0.0/conv/Conv:OpId_1453 (cycles),75126,cycles,DSP,yolov8l-simplified-modified
77564334435,FORWARD_PROPAGATE_LAYER,248,/model.22/cv3.0/cv3.0.0/conv/Conv:OpId_1463 (cycles),296127,cycles,DSP,yolov8l-simplified-modified
77564334435,FORWARD_PROPAGATE_LAYER,249,/model.16/act/Sigmoid:OpId_1466 (cycles),0,cycles,DSP,yolov8l-simplified-modified
77564334435,FORWARD_PROPAGATE_LAYER,250,/model.22/cv2.0/cv2.0.0/act/Sigmoid:OpId_1473 (cycles),0,cycles,DSP,yolov8l-simplified-modified
77564334435,FORWARD_PROPAGATE_LAYER,251,/model.22/cv3.0/cv3.0.0/act/Sigmoid:OpId_1480 (cycles),0,cycles,DSP,yolov8l-simplified-modified
77564334435,FORWARD_PROPAGATE_LAYER,252,/model.16/act/Mul:OpId_1487 (cycles),71296,cycles,DSP,yolov8l-simplified-modified
77564334435,FORWARD_PROPAGATE_LAYER,253,/model.22/cv2.0/cv2.0.0/act/Mul:OpId_1489 (cycles),91027,cycles,DSP,yolov8l-simplified-modified
77564334435,FORWARD_PROPAGATE_LAYER,254,/model.22/cv3.0/cv3.0.0/act/Mul:OpId_1491 (cycles),334504,cycles,DSP,yolov8l-simplified-modified
77564334435,FORWARD_PROPAGATE_LAYER,255,/model.17/Concat:OpId_1493 (cycles),0,cycles,DSP,yolov8l-simplified-modified
77564334435,FORWARD_PROPAGATE_LAYER,256,/model.22/cv2.0/cv2.0.1/conv/Conv:OpId_1502 (cycles),22699,cycles,DSP,yolov8l-simplified-modified
77564334435,FORWARD_PROPAGATE_LAYER,257,/model.22/cv3.0/cv3.0.1/conv/Conv:OpId_1512 (cycles),328512,cycles,DSP,yolov8l-simplified-modified
77564334435,FORWARD_PROPAGATE_LAYER,258,/model.18/cv1/conv/Conv:OpId_1522 (cycles),49222,cycles,DSP,yolov8l-simplified-modified
77564334435,FORWARD_PROPAGATE_LAYER,259,/model.22/cv2.0/cv2.0.1/act/Sigmoid:OpId_1525 (cycles),0,cycles,DSP,yolov8l-simplified-modified
77564334435,FORWARD_PROPAGATE_LAYER,260,/model.22/cv3.0/cv3.0.1/act/Sigmoid:OpId_1532 (cycles),0,cycles,DSP,yolov8l-simplified-modified
77564334435,FORWARD_PROPAGATE_LAYER,261,/model.18/cv1/act/Sigmoid:OpId_1539 (cycles),0,cycles,DSP,yolov8l-simplified-modified
77564334435,FORWARD_PROPAGATE_LAYER,262,/model.22/cv2.0/cv2.0.1/act/Mul:OpId_1546 (cycles),76310,cycles,DSP,yolov8l-simplified-modified
77564334435,FORWARD_PROPAGATE_LAYER,263,/model.22/cv3.0/cv3.0.1/act/Mul:OpId_1548 (cycles),332579,cycles,DSP,yolov8l-simplified-modified
77564334435,FORWARD_PROPAGATE_LAYER,264,/model.18/cv1/act/Mul:OpId_1550 (cycles),136533,cycles,DSP,yolov8l-simplified-modified
77564334435,FORWARD_PROPAGATE_LAYER,265,/model.22/cv2.0/cv2.0.2/Conv:OpId_1559 (cycles),5129,cycles,DSP,yolov8l-simplified-modified
77564334435,FORWARD_PROPAGATE_LAYER,266,/model.22/cv2.0/cv2.0.2/Conv_output_0.nchw:OpId_1563 (cycles),228723,cycles,DSP,yolov8l-simplified-modified
77564334435,FORWARD_PROPAGATE_LAYER,267,/model.22/cv3.0/cv3.0.2/Conv:OpId_1571 (cycles),213190,cycles,DSP,yolov8l-simplified-modified
77564334435,FORWARD_PROPAGATE_LAYER,268,/model.18/Slice:OpId_1575 (cycles),26171,cycles,DSP,yolov8l-simplified-modified
77564334435,FORWARD_PROPAGATE_LAYER,269,/model.18/Slice_1:OpId_1581 (cycles),24737,cycles,DSP,yolov8l-simplified-modified
77564334435,FORWARD_PROPAGATE_LAYER,270,/model.22/Reshape:OpId_1586 (cycles),29652,cycles,DSP,yolov8l-simplified-modified
77564334435,FORWARD_PROPAGATE_LAYER,271,/model.22/Sigmoid:OpId_1587 (cycles),335324,cycles,DSP,yolov8l-simplified-modified
77564334435,FORWARD_PROPAGATE_LAYER,272,/model.18/m.0/cv1/conv/Conv:OpId_1601 (cycles),87849,cycles,DSP,yolov8l-simplified-modified
77564334435,FORWARD_PROPAGATE_LAYER,273,/model.22/Transpose:OpId_1605 (cycles),108260,cycles,DSP,yolov8l-simplified-modified
77564334435,FORWARD_PROPAGATE_LAYER,274,/model.22/ReduceMax:OpId_1607 (cycles),235213,cycles,DSP,yolov8l-simplified-modified
77564334435,FORWARD_PROPAGATE_LAYER,275,/model.18/m.0/cv1/act/Sigmoid:OpId_1609 (cycles),0,cycles,DSP,yolov8l-simplified-modified
77564334435,FORWARD_PROPAGATE_LAYER,276,/model.22/Softmax:OpId_1616 (cycles),518716,cycles,DSP,yolov8l-simplified-modified
77564334435,FORWARD_PROPAGATE_LAYER,277,/model.18/m.0/cv1/act/Mul:OpId_1619 (cycles),87389,cycles,DSP,yolov8l-simplified-modified
77564334435,FORWARD_PROPAGATE_LAYER,278,/model.22/Transpose_1:OpId_1622 (cycles),36906,cycles,DSP,yolov8l-simplified-modified
77564334435,FORWARD_PROPAGATE_LAYER,279,/model.18/m.0/cv2/conv/Conv:OpId_1630 (cycles),90104,cycles,DSP,yolov8l-simplified-modified
77564334435,FORWARD_PROPAGATE_LAYER,280,/model.22/proj_conv/Conv:OpId_1640 (cycles),10734,cycles,DSP,yolov8l-simplified-modified
77564334435,FORWARD_PROPAGATE_LAYER,281,/model.18/m.0/cv2/act/Sigmoid:OpId_1643 (cycles),0,cycles,DSP,yolov8l-simplified-modified
77564334435,FORWARD_PROPAGATE_LAYER,282,/model.22/Gather_output_0_pre_reshape.nchw:OpId_1651 (cycles),0,cycles,DSP,yolov8l-simplified-modified
77564334435,FORWARD_PROPAGATE_LAYER,283,Reshape_post_/model.22/Gather:OpId_1652 (cycles),54995,cycles,DSP,yolov8l-simplified-modified
77564334435,FORWARD_PROPAGATE_LAYER,284,/model.22/Reshape_1_output_0.nhwc:OpId_1654 (cycles),13502,cycles,DSP,yolov8l-simplified-modified
77564334435,FORWARD_PROPAGATE_LAYER,285,/model.18/m.0/cv2/act/Mul:OpId_1655 (cycles),179895,cycles,DSP,yolov8l-simplified-modified
77564334435,FORWARD_PROPAGATE_LAYER,286,/model.18/m.1/cv1/conv/Conv:OpId_1664 (cycles),102848,cycles,DSP,yolov8l-simplified-modified
77564334435,FORWARD_PROPAGATE_LAYER,287,/model.22/Concat:OpId_1667 (cycles),81182,cycles,DSP,yolov8l-simplified-modified
77564334435,FORWARD_PROPAGATE_LAYER,288,/model.18/m.1/cv1/act/Sigmoid:OpId_1669 (cycles),0,cycles,DSP,yolov8l-simplified-modified
77564334435,FORWARD_PROPAGATE_LAYER,289,/model.18/m.1/cv1/act/Mul:OpId_1676 (cycles),90220,cycles,DSP,yolov8l-simplified-modified
77564334435,FORWARD_PROPAGATE_LAYER,290,/model.18/m.1/cv2/conv/Conv:OpId_1685 (cycles),90649,cycles,DSP,yolov8l-simplified-modified
77564334435,FORWARD_PROPAGATE_LAYER,291,/model.18/m.1/cv2/act/Sigmoid:OpId_1688 (cycles),0,cycles,DSP,yolov8l-simplified-modified
77564334435,FORWARD_PROPAGATE_LAYER,292,/model.18/m.1/cv2/act/Mul:OpId_1695 (cycles),180972,cycles,DSP,yolov8l-simplified-modified
77564334435,FORWARD_PROPAGATE_LAYER,293,/model.18/m.2/cv1/conv/Conv:OpId_1704 (cycles),100506,cycles,DSP,yolov8l-simplified-modified
77564334435,FORWARD_PROPAGATE_LAYER,294,/model.18/m.2/cv1/act/Sigmoid:OpId_1707 (cycles),0,cycles,DSP,yolov8l-simplified-modified
77564334435,FORWARD_PROPAGATE_LAYER,295,/model.18/m.2/cv1/act/Mul:OpId_1714 (cycles),88726,cycles,DSP,yolov8l-simplified-modified
77564334435,FORWARD_PROPAGATE_LAYER,296,/model.18/m.2/cv2/conv/Conv:OpId_1723 (cycles),94176,cycles,DSP,yolov8l-simplified-modified
77564334435,FORWARD_PROPAGATE_LAYER,297,/model.18/m.2/cv2/act/Sigmoid:OpId_1726 (cycles),0,cycles,DSP,yolov8l-simplified-modified
77564334435,FORWARD_PROPAGATE_LAYER,298,/model.18/m.2/cv2/act/Mul:OpId_1733 (cycles),87855,cycles,DSP,yolov8l-simplified-modified
77564334435,FORWARD_PROPAGATE_LAYER,299,/model.18/Concat:OpId_1735 (cycles),0,cycles,DSP,yolov8l-simplified-modified
77564334435,FORWARD_PROPAGATE_LAYER,300,/model.18/cv2/conv/Conv:OpId_1744 (cycles),87514,cycles,DSP,yolov8l-simplified-modified
77564334435,FORWARD_PROPAGATE_LAYER,301,/model.18/cv2/act/Sigmoid:OpId_1747 (cycles),0,cycles,DSP,yolov8l-simplified-modified
77564334435,FORWARD_PROPAGATE_LAYER,302,/model.18/cv2/act/Mul:OpId_1754 (cycles),160976,cycles,DSP,yolov8l-simplified-modified
77564334435,FORWARD_PROPAGATE_LAYER,303,/model.19/conv/Conv:OpId_1763 (cycles),218366,cycles,DSP,yolov8l-simplified-modified
77564334435,FORWARD_PROPAGATE_LAYER,304,/model.22/cv2.1/cv2.1.0/conv/Conv:OpId_1773 (cycles),45242,cycles,DSP,yolov8l-simplified-modified
77564334435,FORWARD_PROPAGATE_LAYER,305,/model.22/cv3.1/cv3.1.0/conv/Conv:OpId_1783 (cycles),173684,cycles,DSP,yolov8l-simplified-modified
77564334435,FORWARD_PROPAGATE_LAYER,306,/model.19/act/Sigmoid:OpId_1786 (cycles),0,cycles,DSP,yolov8l-simplified-modified
77564334435,FORWARD_PROPAGATE_LAYER,307,/model.22/cv2.1/cv2.1.0/act/Sigmoid:OpId_1793 (cycles),0,cycles,DSP,yolov8l-simplified-modified
77564334435,FORWARD_PROPAGATE_LAYER,308,/model.22/cv3.1/cv3.1.0/act/Sigmoid:OpId_1800 (cycles),0,cycles,DSP,yolov8l-simplified-modified
77564334435,FORWARD_PROPAGATE_LAYER,309,/model.19/act/Mul:OpId_1807 (cycles),44113,cycles,DSP,yolov8l-simplified-modified
77564334435,FORWARD_PROPAGATE_LAYER,310,/model.22/cv2.1/cv2.1.0/act/Mul:OpId_1809 (cycles),17669,cycles,DSP,yolov8l-simplified-modified
77564334435,FORWARD_PROPAGATE_LAYER,311,/model.22/cv3.1/cv3.1.0/act/Mul:OpId_1811 (cycles),87724,cycles,DSP,yolov8l-simplified-modified
77564334435,FORWARD_PROPAGATE_LAYER,312,/model.20/Concat:OpId_1813 (cycles),0,cycles,DSP,yolov8l-simplified-modified
77564334435,FORWARD_PROPAGATE_LAYER,313,/model.22/cv2.1/cv2.1.1/conv/Conv:OpId_1822 (cycles),7354,cycles,DSP,yolov8l-simplified-modified
77564334435,FORWARD_PROPAGATE_LAYER,314,/model.22/cv3.1/cv3.1.1/conv/Conv:OpId_1832 (cycles),100766,cycles,DSP,yolov8l-simplified-modified
77564334435,FORWARD_PROPAGATE_LAYER,315,/model.21/cv1/conv/Conv:OpId_1842 (cycles),25090,cycles,DSP,yolov8l-simplified-modified
77564334435,FORWARD_PROPAGATE_LAYER,316,/model.22/cv2.1/cv2.1.1/act/Sigmoid:OpId_1845 (cycles),0,cycles,DSP,yolov8l-simplified-modified
77564334435,FORWARD_PROPAGATE_LAYER,317,/model.22/cv3.1/cv3.1.1/act/Sigmoid:OpId_1852 (cycles),0,cycles,DSP,yolov8l-simplified-modified
77564334435,FORWARD_PROPAGATE_LAYER,318,/model.21/cv1/act/Sigmoid:OpId_1859 (cycles),0,cycles,DSP,yolov8l-simplified-modified
77564334435,FORWARD_PROPAGATE_LAYER,319,/model.22/cv2.1/cv2.1.1/act/Mul:OpId_1866 (cycles),18397,cycles,DSP,yolov8l-simplified-modified
77564334435,FORWARD_PROPAGATE_LAYER,320,/model.22/cv3.1/cv3.1.1/act/Mul:OpId_1868 (cycles),84780,cycles,DSP,yolov8l-simplified-modified
77564334435,FORWARD_PROPAGATE_LAYER,321,/model.21/cv1/act/Mul:OpId_1870 (cycles),43825,cycles,DSP,yolov8l-simplified-modified
77564334435,FORWARD_PROPAGATE_LAYER,322,/model.22/cv2.1/cv2.1.2/Conv:OpId_1879 (cycles),1786,cycles,DSP,yolov8l-simplified-modified
77564334435,FORWARD_PROPAGATE_LAYER,323,/model.22/cv2.1/cv2.1.2/Conv_output_0.nchw:OpId_1883 (cycles),16641,cycles,DSP,yolov8l-simplified-modified
77564334435,FORWARD_PROPAGATE_LAYER,324,/model.22/cv3.1/cv3.1.2/Conv:OpId_1891 (cycles),5361,cycles,DSP,yolov8l-simplified-modified
77564334435,FORWARD_PROPAGATE_LAYER,325,/model.21/Slice:OpId_1895 (cycles),10674,cycles,DSP,yolov8l-simplified-modified
77564334435,FORWARD_PROPAGATE_LAYER,326,/model.21/Slice_1:OpId_1901 (cycles),9938,cycles,DSP,yolov8l-simplified-modified
77564334435,FORWARD_PROPAGATE_LAYER,327,/model.22/Reshape_2:OpId_1906 (cycles),34015,cycles,DSP,yolov8l-simplified-modified
77564334435,FORWARD_PROPAGATE_LAYER,328,/model.22/Sigmoid_1:OpId_1907 (cycles),145702,cycles,DSP,yolov8l-simplified-modified
77564334435,FORWARD_PROPAGATE_LAYER,329,/model.21/m.0/cv1/conv/Conv:OpId_1921 (cycles),39121,cycles,DSP,yolov8l-simplified-modified
77564334435,FORWARD_PROPAGATE_LAYER,330,/model.22/Transpose_2:OpId_1925 (cycles),25259,cycles,DSP,yolov8l-simplified-modified
77564334435,FORWARD_PROPAGATE_LAYER,331,/model.22/ReduceMax_1:OpId_1927 (cycles),59002,cycles,DSP,yolov8l-simplified-modified
77564334435,FORWARD_PROPAGATE_LAYER,332,/model.21/m.0/cv1/act/Sigmoid:OpId_1929 (cycles),0,cycles,DSP,yolov8l-simplified-modified
77564334435,FORWARD_PROPAGATE_LAYER,333,/model.22/Softmax_1:OpId_1936 (cycles),125778,cycles,DSP,yolov8l-simplified-modified
77564334435,FORWARD_PROPAGATE_LAYER,334,/model.21/m.0/cv1/act/Mul:OpId_1939 (cycles),29448,cycles,DSP,yolov8l-simplified-modified
77564334435,FORWARD_PROPAGATE_LAYER,335,/model.22/Transpose_3:OpId_1942 (cycles),12486,cycles,DSP,yolov8l-simplified-modified
77564334435,FORWARD_PROPAGATE_LAYER,336,/model.21/m.0/cv2/conv/Conv:OpId_1950 (cycles),38111,cycles,DSP,yolov8l-simplified-modified
77564334435,FORWARD_PROPAGATE_LAYER,337,/model.22/proj_conv_1/Conv:OpId_1958 (cycles),2096,cycles,DSP,yolov8l-simplified-modified
77564334435,FORWARD_PROPAGATE_LAYER,338,/model.21/m.0/cv2/act/Sigmoid:OpId_1961 (cycles),0,cycles,DSP,yolov8l-simplified-modified
77564334435,FORWARD_PROPAGATE_LAYER,339,/model.22/Gather_1_output_0_pre_reshape.nchw:OpId_1969 (cycles),0,cycles,DSP,yolov8l-simplified-modified
77564334435,FORWARD_PROPAGATE_LAYER,340,Reshape_post_/model.22/Gather_1:OpId_1970 (cycles),13929,cycles,DSP,yolov8l-simplified-modified
77564334435,FORWARD_PROPAGATE_LAYER,341,/model.22/Reshape_3_output_0.nhwc:OpId_1972 (cycles),2459,cycles,DSP,yolov8l-simplified-modified
77564334435,FORWARD_PROPAGATE_LAYER,342,/model.21/m.0/cv2/act/Mul:OpId_1973 (cycles),52501,cycles,DSP,yolov8l-simplified-modified
77564334435,FORWARD_PROPAGATE_LAYER,343,/model.21/m.1/cv1/conv/Conv:OpId_1982 (cycles),37351,cycles,DSP,yolov8l-simplified-modified
77564334435,FORWARD_PROPAGATE_LAYER,344,/model.22/Concat_1:OpId_1985 (cycles),20190,cycles,DSP,yolov8l-simplified-modified
77564334435,FORWARD_PROPAGATE_LAYER,345,/model.21/m.1/cv1/act/Sigmoid:OpId_1987 (cycles),0,cycles,DSP,yolov8l-simplified-modified
77564334435,FORWARD_PROPAGATE_LAYER,346,/model.21/m.1/cv1/act/Mul:OpId_1994 (cycles),26349,cycles,DSP,yolov8l-simplified-modified
77564334435,FORWARD_PROPAGATE_LAYER,347,/model.21/m.1/cv2/conv/Conv:OpId_2003 (cycles),37390,cycles,DSP,yolov8l-simplified-modified
77564334435,FORWARD_PROPAGATE_LAYER,348,/model.21/m.1/cv2/act/Sigmoid:OpId_2006 (cycles),0,cycles,DSP,yolov8l-simplified-modified
77564334435,FORWARD_PROPAGATE_LAYER,349,/model.21/m.1/cv2/act/Mul:OpId_2013 (cycles),57420,cycles,DSP,yolov8l-simplified-modified
77564334435,FORWARD_PROPAGATE_LAYER,350,/model.21/m.2/cv1/conv/Conv:OpId_2022 (cycles),36851,cycles,DSP,yolov8l-simplified-modified
77564334435,FORWARD_PROPAGATE_LAYER,351,/model.21/m.2/cv1/act/Sigmoid:OpId_2025 (cycles),0,cycles,DSP,yolov8l-simplified-modified
77564334435,FORWARD_PROPAGATE_LAYER,352,/model.21/m.2/cv1/act/Mul:OpId_2032 (cycles),27287,cycles,DSP,yolov8l-simplified-modified
77564334435,FORWARD_PROPAGATE_LAYER,353,/model.21/m.2/cv2/conv/Conv:OpId_2041 (cycles),37554,cycles,DSP,yolov8l-simplified-modified
77564334435,FORWARD_PROPAGATE_LAYER,354,/model.21/m.2/cv2/act/Sigmoid:OpId_2044 (cycles),0,cycles,DSP,yolov8l-simplified-modified
77564334435,FORWARD_PROPAGATE_LAYER,355,/model.21/m.2/cv2/act/Mul:OpId_2051 (cycles),29540,cycles,DSP,yolov8l-simplified-modified
77564334435,FORWARD_PROPAGATE_LAYER,356,/model.21/Concat:OpId_2053 (cycles),0,cycles,DSP,yolov8l-simplified-modified
77564334435,FORWARD_PROPAGATE_LAYER,357,/model.21/cv2/conv/Conv:OpId_2062 (cycles),31236,cycles,DSP,yolov8l-simplified-modified
77564334435,FORWARD_PROPAGATE_LAYER,358,/model.21/cv2/act/Sigmoid:OpId_2065 (cycles),0,cycles,DSP,yolov8l-simplified-modified
77564334435,FORWARD_PROPAGATE_LAYER,359,/model.21/cv2/act/Mul:OpId_2072 (cycles),47197,cycles,DSP,yolov8l-simplified-modified
77564334435,FORWARD_PROPAGATE_LAYER,360,/model.22/cv2.2/cv2.2.0/conv/Conv:OpId_2081 (cycles),21382,cycles,DSP,yolov8l-simplified-modified
77564334435,FORWARD_PROPAGATE_LAYER,361,/model.22/cv3.2/cv3.2.0/conv/Conv:OpId_2091 (cycles),68205,cycles,DSP,yolov8l-simplified-modified
77564334435,FORWARD_PROPAGATE_LAYER,362,/model.22/cv2.2/cv2.2.0/act/Sigmoid:OpId_2094 (cycles),0,cycles,DSP,yolov8l-simplified-modified
77564334435,FORWARD_PROPAGATE_LAYER,363,/model.22/cv3.2/cv3.2.0/act/Sigmoid:OpId_2101 (cycles),0,cycles,DSP,yolov8l-simplified-modified
77564334435,FORWARD_PROPAGATE_LAYER,364,/model.22/cv2.2/cv2.2.0/act/Mul:OpId_2108 (cycles),10123,cycles,DSP,yolov8l-simplified-modified
77564334435,FORWARD_PROPAGATE_LAYER,365,/model.22/cv3.2/cv3.2.0/act/Mul:OpId_2110 (cycles),28072,cycles,DSP,yolov8l-simplified-modified
77564334435,FORWARD_PROPAGATE_LAYER,366,/model.22/cv2.2/cv2.2.1/conv/Conv:OpId_2119 (cycles),3690,cycles,DSP,yolov8l-simplified-modified
77564334435,FORWARD_PROPAGATE_LAYER,367,/model.22/cv3.2/cv3.2.1/conv/Conv:OpId_2129 (cycles),37769,cycles,DSP,yolov8l-simplified-modified
77564334435,FORWARD_PROPAGATE_LAYER,368,/model.22/cv2.2/cv2.2.1/act/Sigmoid:OpId_2132 (cycles),0,cycles,DSP,yolov8l-simplified-modified
77564334435,FORWARD_PROPAGATE_LAYER,369,/model.22/cv3.2/cv3.2.1/act/Sigmoid:OpId_2139 (cycles),0,cycles,DSP,yolov8l-simplified-modified
77564334435,FORWARD_PROPAGATE_LAYER,370,/model.22/cv2.2/cv2.2.1/act/Mul:OpId_2146 (cycles),7460,cycles,DSP,yolov8l-simplified-modified
77564334435,FORWARD_PROPAGATE_LAYER,371,/model.22/cv3.2/cv3.2.1/act/Mul:OpId_2148 (cycles),29271,cycles,DSP,yolov8l-simplified-modified
77564334435,FORWARD_PROPAGATE_LAYER,372,/model.22/cv2.2/cv2.2.2/Conv:OpId_2157 (cycles),1233,cycles,DSP,yolov8l-simplified-modified
77564334435,FORWARD_PROPAGATE_LAYER,373,/model.22/cv2.2/cv2.2.2/Conv_output_0.nchw:OpId_2161 (cycles),5139,cycles,DSP,yolov8l-simplified-modified
77564334435,FORWARD_PROPAGATE_LAYER,374,/model.22/cv3.2/cv3.2.2/Conv:OpId_2169 (cycles),14906,cycles,DSP,yolov8l-simplified-modified
77564334435,FORWARD_PROPAGATE_LAYER,375,/model.22/Reshape_4:OpId_2172 (cycles),12289,cycles,DSP,yolov8l-simplified-modified
77564334435,FORWARD_PROPAGATE_LAYER,376,/model.22/Sigmoid_2:OpId_2173 (cycles),26665,cycles,DSP,yolov8l-simplified-modified
77564334435,FORWARD_PROPAGATE_LAYER,377,/model.22/Transpose_4:OpId_2181 (cycles),6817,cycles,DSP,yolov8l-simplified-modified
77564334435,FORWARD_PROPAGATE_LAYER,378,/model.22/ReduceMax_2:OpId_2183 (cycles),19942,cycles,DSP,yolov8l-simplified-modified
77564334435,FORWARD_PROPAGATE_LAYER,379,/model.22/Softmax_2:OpId_2185 (cycles),34170,cycles,DSP,yolov8l-simplified-modified
77564334435,FORWARD_PROPAGATE_LAYER,380,/model.22/Transpose_5:OpId_2189 (cycles),2106,cycles,DSP,yolov8l-simplified-modified
77564334435,FORWARD_PROPAGATE_LAYER,381,/model.22/proj_conv_2/Conv:OpId_2195 (cycles),1080,cycles,DSP,yolov8l-simplified-modified
77564334435,FORWARD_PROPAGATE_LAYER,382,/model.22/Gather_2_output_0_pre_reshape.nchw:OpId_2199 (cycles),0,cycles,DSP,yolov8l-simplified-modified
77564334435,FORWARD_PROPAGATE_LAYER,383,Reshape_post_/model.22/Gather_2:OpId_2200 (cycles),3128,cycles,DSP,yolov8l-simplified-modified
77564334435,FORWARD_PROPAGATE_LAYER,384,/model.22/Reshape_5_output_0.nhwc:OpId_2202 (cycles),2594,cycles,DSP,yolov8l-simplified-modified
77564334435,FORWARD_PROPAGATE_LAYER,385,/model.22/Concat_2:OpId_2203 (cycles),5593,cycles,DSP,yolov8l-simplified-modified
77564334435,FORWARD_PROPAGATE_LAYER,386,Output OpId_3 (cycles),56490,cycles,DSP,yolov8l-simplified-modified
77564334435,EXECUTE_TIME_SUBNET_0,,,28516221,cycles,DSP,yolov8l-simplified-modified
77564334435,TOTAL_INFERENCE_TIME,,,32072,us,,yolov8l-simplified-modified
77564334435,FORWARD_PROPAGATE,,,32027,us,,yolov8l-simplified-modified
77564334435,FORWARD_PROPAGATE_LAYER,0,Input OpId_2 (cycles),0,cycles,DSP,yolov8l-simplified-modified
77564334435,FORWARD_PROPAGATE_LAYER,1,/model.0/conv/Conv:OpId_23 (cycles),596142,cycles,DSP,yolov8l-simplified-modified
77564334435,FORWARD_PROPAGATE_LAYER,2,/model.0/act/Sigmoid:OpId_26 (cycles),0,cycles,DSP,yolov8l-simplified-modified
77564334435,FORWARD_PROPAGATE_LAYER,3,/model.0/act/Mul:OpId_33 (cycles),977626,cycles,DSP,yolov8l-simplified-modified
77564334435,FORWARD_PROPAGATE_LAYER,4,/model.1/conv/Conv:OpId_42 (cycles),471122,cycles,DSP,yolov8l-simplified-modified
77564334435,FORWARD_PROPAGATE_LAYER,5,/model.1/act/Sigmoid:OpId_45 (cycles),0,cycles,DSP,yolov8l-simplified-modified
77564334435,FORWARD_PROPAGATE_LAYER,6,/model.1/act/Mul:OpId_52 (cycles),462281,cycles,DSP,yolov8l-simplified-modified
77564334435,FORWARD_PROPAGATE_LAYER,7,/model.2/cv1/conv/Conv:OpId_61 (cycles),39569,cycles,DSP,yolov8l-simplified-modified
77564334435,FORWARD_PROPAGATE_LAYER,8,/model.2/cv1/act/Sigmoid:OpId_64 (cycles),0,cycles,DSP,yolov8l-simplified-modified
77564334435,FORWARD_PROPAGATE_LAYER,9,/model.2/cv1/act/Mul:OpId_71 (cycles),445357,cycles,DSP,yolov8l-simplified-modified
77564334435,FORWARD_PROPAGATE_LAYER,10,/model.2/Slice:OpId_74 (cycles),98304,cycles,DSP,yolov8l-simplified-modified
77564334435,FORWARD_PROPAGATE_LAYER,11,/model.2/Slice_1:OpId_80 (cycles),88307,cycles,DSP,yolov8l-simplified-modified
77564334435,FORWARD_PROPAGATE_LAYER,12,/model.2/m.0/cv1/conv/Conv:OpId_92 (cycles),85058,cycles,DSP,yolov8l-simplified-modified
77564334435,FORWARD_PROPAGATE_LAYER,13,/model.2/m.0/cv1/act/Sigmoid:OpId_95 (cycles),0,cycles,DSP,yolov8l-simplified-modified
77564334435,FORWARD_PROPAGATE_LAYER,14,/model.2/m.0/cv1/act/Mul:OpId_102 (cycles),239457,cycles,DSP,yolov8l-simplified-modified
77564334435,FORWARD_PROPAGATE_LAYER,15,/model.2/m.0/cv2/conv/Conv:OpId_111 (cycles),83098,cycles,DSP,yolov8l-simplified-modified
77564334435,FORWARD_PROPAGATE_LAYER,16,/model.2/m.0/cv2/act/Sigmoid:OpId_114 (cycles),0,cycles,DSP,yolov8l-simplified-modified
77564334435,FORWARD_PROPAGATE_LAYER,17,/model.2/m.0/cv2/act/Mul:OpId_121 (cycles),236319,cycles,DSP,yolov8l-simplified-modified
77564334435,FORWARD_PROPAGATE_LAYER,18,/model.2/m.0/Add:OpId_123 (cycles),220711,cycles,DSP,yolov8l-simplified-modified
77564334435,FORWARD_PROPAGATE_LAYER,19,/model.2/m.1/cv1/conv/Conv:OpId_132 (cycles),84848,cycles,DSP,yolov8l-simplified-modified
77564334435,FORWARD_PROPAGATE_LAYER,20,/model.2/m.1/cv1/act/Sigmoid:OpId_135 (cycles),0,cycles,DSP,yolov8l-simplified-modified
77564334435,FORWARD_PROPAGATE_LAYER,21,/model.2/m.1/cv1/act/Mul:OpId_142 (cycles),237863,cycles,DSP,yolov8l-simplified-modified
77564334435,FORWARD_PROPAGATE_LAYER,22,/model.2/m.1/cv2/conv/Conv:OpId_151 (cycles),83273,cycles,DSP,yolov8l-simplified-modified
77564334435,FORWARD_PROPAGATE_LAYER,23,/model.2/m.1/cv2/act/Sigmoid:OpId_154 (cycles),0,cycles,DSP,yolov8l-simplified-modified
77564334435,FORWARD_PROPAGATE_LAYER,24,/model.2/m.1/cv2/act/Mul:OpId_161 (cycles),251401,cycles,DSP,yolov8l-simplified-modified
77564334435,FORWARD_PROPAGATE_LAYER,25,/model.2/m.1/Add:OpId_163 (cycles),231020,cycles,DSP,yolov8l-simplified-modified
77564334435,FORWARD_PROPAGATE_LAYER,26,/model.2/m.2/cv1/conv/Conv:OpId_172 (cycles),84559,cycles,DSP,yolov8l-simplified-modified
77564334435,FORWARD_PROPAGATE_LAYER,27,/model.2/m.2/cv1/act/Sigmoid:OpId_175 (cycles),0,cycles,DSP,yolov8l-simplified-modified
77564334435,FORWARD_PROPAGATE_LAYER,28,/model.2/m.2/cv1/act/Mul:OpId_182 (cycles),240623,cycles,DSP,yolov8l-simplified-modified
77564334435,FORWARD_PROPAGATE_LAYER,29,/model.2/m.2/cv2/conv/Conv:OpId_191 (cycles),83574,cycles,DSP,yolov8l-simplified-modified
77564334435,FORWARD_PROPAGATE_LAYER,30,/model.2/m.2/cv2/act/Sigmoid:OpId_194 (cycles),0,cycles,DSP,yolov8l-simplified-modified
77564334435,FORWARD_PROPAGATE_LAYER,31,/model.2/m.2/cv2/act/Mul:OpId_201 (cycles),232990,cycles,DSP,yolov8l-simplified-modified
77564334435,FORWARD_PROPAGATE_LAYER,32,/model.2/m.2/Add:OpId_203 (cycles),124477,cycles,DSP,yolov8l-simplified-modified
77564334435,FORWARD_PROPAGATE_LAYER,33,/model.2/Concat:OpId_205 (cycles),0,cycles,DSP,yolov8l-simplified-modified
77564334435,FORWARD_PROPAGATE_LAYER,34,/model.2/cv2/conv/Conv:OpId_214 (cycles),94017,cycles,DSP,yolov8l-simplified-modified
77564334435,FORWARD_PROPAGATE_LAYER,35,/model.2/cv2/act/Sigmoid:OpId_217 (cycles),0,cycles,DSP,yolov8l-simplified-modified
77564334435,FORWARD_PROPAGATE_LAYER,36,/model.2/cv2/act/Mul:OpId_224 (cycles),513018,cycles,DSP,yolov8l-simplified-modified
77564334435,FORWARD_PROPAGATE_LAYER,37,/model.3/conv/Conv:OpId_233 (cycles),333034,cycles,DSP,yolov8l-simplified-modified
77564334435,FORWARD_PROPAGATE_LAYER,38,/model.3/act/Sigmoid:OpId_236 (cycles),0,cycles,DSP,yolov8l-simplified-modified
77564334435,FORWARD_PROPAGATE_LAYER,39,/model.3/act/Mul:OpId_243 (cycles),251102,cycles,DSP,yolov8l-simplified-modified
77564334435,FORWARD_PROPAGATE_LAYER,40,/model.4/cv1/conv/Conv:OpId_252 (cycles),37301,cycles,DSP,yolov8l-simplified-modified
77564334435,FORWARD_PROPAGATE_LAYER,41,/model.4/cv1/act/Sigmoid:OpId_255 (cycles),0,cycles,DSP,yolov8l-simplified-modified
77564334435,FORWARD_PROPAGATE_LAYER,42,/model.4/cv1/act/Mul:OpId_262 (cycles),239899,cycles,DSP,yolov8l-simplified-modified
77564334435,FORWARD_PROPAGATE_LAYER,43,/model.4/Slice:OpId_265 (cycles),45878,cycles,DSP,yolov8l-simplified-modified
77564334435,FORWARD_PROPAGATE_LAYER,44,/model.4/Slice_1:OpId_271 (cycles),48995,cycles,DSP,yolov8l-simplified-modified
77564334435,FORWARD_PROPAGATE_LAYER,45,/model.4/m.0/cv1/conv/Conv:OpId_283 (cycles),90425,cycles,DSP,yolov8l-simplified-modified
77564334435,FORWARD_PROPAGATE_LAYER,46,/model.4/m.0/cv1/act/Sigmoid:OpId_286 (cycles),0,cycles,DSP,yolov8l-simplified-modified
77564334435,FORWARD_PROPAGATE_LAYER,47,/model.4/m.0/cv1/act/Mul:OpId_293 (cycles),164809,cycles,DSP,yolov8l-simplified-modified
77564334435,FORWARD_PROPAGATE_LAYER,48,/model.4/m.0/cv2/conv/Conv:OpId_302 (cycles),84332,cycles,DSP,yolov8l-simplified-modified
77564334435,FORWARD_PROPAGATE_LAYER,49,/model.4/m.0/cv2/act/Sigmoid:OpId_305 (cycles),0,cycles,DSP,yolov8l-simplified-modified
77564334435,FORWARD_PROPAGATE_LAYER,50,/model.4/m.0/cv2/act/Mul:OpId_312 (cycles),151875,cycles,DSP,yolov8l-simplified-modified
77564334435,FORWARD_PROPAGATE_LAYER,51,/model.4/m.0/Add:OpId_314 (cycles),124108,cycles,DSP,yolov8l-simplified-modified
77564334435,FORWARD_PROPAGATE_LAYER,52,/model.4/m.1/cv1/conv/Conv:OpId_323 (cycles),91172,cycles,DSP,yolov8l-simplified-modified
77564334435,FORWARD_PROPAGATE_LAYER,53,/model.4/m.1/cv1/act/Sigmoid:OpId_326 (cycles),0,cycles,DSP,yolov8l-simplified-modified
77564334435,FORWARD_PROPAGATE_LAYER,54,/model.4/m.1/cv1/act/Mul:OpId_333 (cycles),143633,cycles,DSP,yolov8l-simplified-modified
77564334435,FORWARD_PROPAGATE_LAYER,55,/model.4/m.1/cv2/conv/Conv:OpId_342 (cycles),82349,cycles,DSP,yolov8l-simplified-modified
77564334435,FORWARD_PROPAGATE_LAYER,56,/model.4/m.1/cv2/act/Sigmoid:OpId_345 (cycles),0,cycles,DSP,yolov8l-simplified-modified
77564334435,FORWARD_PROPAGATE_LAYER,57,/model.4/m.1/cv2/act/Mul:OpId_352 (cycles),140673,cycles,DSP,yolov8l-simplified-modified
77564334435,FORWARD_PROPAGATE_LAYER,58,/model.4/m.1/Add:OpId_354 (cycles),129460,cycles,DSP,yolov8l-simplified-modified
77564334435,FORWARD_PROPAGATE_LAYER,59,/model.4/m.2/cv1/conv/Conv:OpId_363 (cycles),91593,cycles,DSP,yolov8l-simplified-modified
77564334435,FORWARD_PROPAGATE_LAYER,60,/model.4/m.2/cv1/act/Sigmoid:OpId_366 (cycles),0,cycles,DSP,yolov8l-simplified-modified
77564334435,FORWARD_PROPAGATE_LAYER,61,/model.4/m.2/cv1/act/Mul:OpId_373 (cycles),144070,cycles,DSP,yolov8l-simplified-modified
77564334435,FORWARD_PROPAGATE_LAYER,62,/model.4/m.2/cv2/conv/Conv:OpId_382 (cycles),87656,cycles,DSP,yolov8l-simplified-modified
77564334435,FORWARD_PROPAGATE_LAYER,63,/model.4/m.2/cv2/act/Sigmoid:OpId_385 (cycles),0,cycles,DSP,yolov8l-simplified-modified
77564334435,FORWARD_PROPAGATE_LAYER,64,/model.4/m.2/cv2/act/Mul:OpId_392 (cycles),142978,cycles,DSP,yolov8l-simplified-modified
77564334435,FORWARD_PROPAGATE_LAYER,65,/model.4/m.2/Add:OpId_394 (cycles),135866,cycles,DSP,yolov8l-simplified-modified
77564334435,FORWARD_PROPAGATE_LAYER,66,/model.4/m.3/cv1/conv/Conv:OpId_403 (cycles),90141,cycles,DSP,yolov8l-simplified-modified
77564334435,FORWARD_PROPAGATE_LAYER,67,/model.4/m.3/cv1/act/Sigmoid:OpId_406 (cycles),0,cycles,DSP,yolov8l-simplified-modified
77564334435,FORWARD_PROPAGATE_LAYER,68,/model.4/m.3/cv1/act/Mul:OpId_413 (cycles),161906,cycles,DSP,yolov8l-simplified-modified
77564334435,FORWARD_PROPAGATE_LAYER,69,/model.4/m.3/cv2/conv/Conv:OpId_422 (cycles),89313,cycles,DSP,yolov8l-simplified-modified
77564334435,FORWARD_PROPAGATE_LAYER,70,/model.4/m.3/cv2/act/Sigmoid:OpId_425 (cycles),0,cycles,DSP,yolov8l-simplified-modified
77564334435,FORWARD_PROPAGATE_LAYER,71,/model.4/m.3/cv2/act/Mul:OpId_432 (cycles),150462,cycles,DSP,yolov8l-simplified-modified
77564334435,FORWARD_PROPAGATE_LAYER,72,/model.4/m.3/Add:OpId_434 (cycles),135380,cycles,DSP,yolov8l-simplified-modified
77564334435,FORWARD_PROPAGATE_LAYER,73,/model.4/m.4/cv1/conv/Conv:OpId_443 (cycles),89835,cycles,DSP,yolov8l-simplified-modified
77564334435,FORWARD_PROPAGATE_LAYER,74,/model.4/m.4/cv1/act/Sigmoid:OpId_446 (cycles),0,cycles,DSP,yolov8l-simplified-modified
77564334435,FORWARD_PROPAGATE_LAYER,75,/model.4/m.4/cv1/act/Mul:OpId_453 (cycles),156891,cycles,DSP,yolov8l-simplified-modified
77564334435,FORWARD_PROPAGATE_LAYER,76,/model.4/m.4/cv2/conv/Conv:OpId_462 (cycles),80347,cycles,DSP,yolov8l-simplified-modified
77564334435,FORWARD_PROPAGATE_LAYER,77,/model.4/m.4/cv2/act/Sigmoid:OpId_465 (cycles),0,cycles,DSP,yolov8l-simplified-modified
77564334435,FORWARD_PROPAGATE_LAYER,78,/model.4/m.4/cv2/act/Mul:OpId_472 (cycles),147140,cycles,DSP,yolov8l-simplified-modified
77564334435,FORWARD_PROPAGATE_LAYER,79,/model.4/m.4/Add:OpId_474 (cycles),145559,cycles,DSP,yolov8l-simplified-modified
77564334435,FORWARD_PROPAGATE_LAYER,80,/model.4/m.5/cv1/conv/Conv:OpId_483 (cycles),89300,cycles,DSP,yolov8l-simplified-modified
77564334435,FORWARD_PROPAGATE_LAYER,81,/model.4/m.5/cv1/act/Sigmoid:OpId_486 (cycles),0,cycles,DSP,yolov8l-simplified-modified
77564334435,FORWARD_PROPAGATE_LAYER,82,/model.4/m.5/cv1/act/Mul:OpId_493 (cycles),146767,cycles,DSP,yolov8l-simplified-modified
77564334435,FORWARD_PROPAGATE_LAYER,83,/model.4/m.5/cv2/conv/Conv:OpId_502 (cycles),86450,cycles,DSP,yolov8l-simplified-modified
77564334435,FORWARD_PROPAGATE_LAYER,84,/model.4/m.5/cv2/act/Sigmoid:OpId_505 (cycles),0,cycles,DSP,yolov8l-simplified-modified
77564334435,FORWARD_PROPAGATE_LAYER,85,/model.4/m.5/cv2/act/Mul:OpId_512 (cycles),146655,cycles,DSP,yolov8l-simplified-modified
77564334435,FORWARD_PROPAGATE_LAYER,86,/model.4/m.5/Add:OpId_514 (cycles),62780,cycles,DSP,yolov8l-simplified-modified
77564334435,FORWARD_PROPAGATE_LAYER,87,/model.4/Concat:OpId_516 (cycles),0,cycles,DSP,yolov8l-simplified-modified
77564334435,FORWARD_PROPAGATE_LAYER,88,/model.4/cv2/conv/Conv:OpId_525 (cycles),141070,cycles,DSP,yolov8l-simplified-modified
77564334435,FORWARD_PROPAGATE_LAYER,89,/model.4/cv2/act/Sigmoid:OpId_528 (cycles),0,cycles,DSP,yolov8l-simplified-modified
77564334435,FORWARD_PROPAGATE_LAYER,90,/model.4/cv2/act/Mul:OpId_535 (cycles),571470,cycles,DSP,yolov8l-simplified-modified
77564334435,FORWARD_PROPAGATE_LAYER,91,/model.5/conv/Conv:OpId_544 (cycles),281853,cycles,DSP,yolov8l-simplified-modified
77564334435,FORWARD_PROPAGATE_LAYER,92,/model.5/act/Sigmoid:OpId_547 (cycles),0,cycles,DSP,yolov8l-simplified-modified
77564334435,FORWARD_PROPAGATE_LAYER,93,/model.5/act/Mul:OpId_554 (cycles),130069,cycles,DSP,yolov8l-simplified-modified
77564334435,FORWARD_PROPAGATE_LAYER,94,/model.6/cv1/conv/Conv:OpId_563 (cycles),37740,cycles,DSP,yolov8l-simplified-modified
77564334435,FORWARD_PROPAGATE_LAYER,95,/model.6/cv1/act/Sigmoid:OpId_566 (cycles),0,cycles,DSP,yolov8l-simplified-modified
77564334435,FORWARD_PROPAGATE_LAYER,96,/model.6/cv1/act/Mul:OpId_573 (cycles),139422,cycles,DSP,yolov8l-simplified-modified
77564334435,FORWARD_PROPAGATE_LAYER,97,/model.6/Slice:OpId_576 (cycles),21957,cycles,DSP,yolov8l-simplified-modified
77564334435,FORWARD_PROPAGATE_LAYER,98,/model.6/Slice_1:OpId_582 (cycles),24251,cycles,DSP,yolov8l-simplified-modified
77564334435,FORWARD_PROPAGATE_LAYER,99,/model.6/m.0/cv1/conv/Conv:OpId_594 (cycles),87299,cycles,DSP,yolov8l-simplified-modified
77564334435,FORWARD_PROPAGATE_LAYER,100,/model.6/m.0/cv1/act/Sigmoid:OpId_597 (cycles),0,cycles,DSP,yolov8l-simplified-modified
77564334435,FORWARD_PROPAGATE_LAYER,101,/model.6/m.0/cv1/act/Mul:OpId_604 (cycles),87604,cycles,DSP,yolov8l-simplified-modified
77564334435,FORWARD_PROPAGATE_LAYER,102,/model.6/m.0/cv2/conv/Conv:OpId_613 (cycles),100753,cycles,DSP,yolov8l-simplified-modified
77564334435,FORWARD_PROPAGATE_LAYER,103,/model.6/m.0/cv2/act/Sigmoid:OpId_616 (cycles),0,cycles,DSP,yolov8l-simplified-modified
77564334435,FORWARD_PROPAGATE_LAYER,104,/model.6/m.0/cv2/act/Mul:OpId_623 (cycles),90678,cycles,DSP,yolov8l-simplified-modified
77564334435,FORWARD_PROPAGATE_LAYER,105,/model.6/m.0/Add:OpId_625 (cycles),57281,cycles,DSP,yolov8l-simplified-modified
77564334435,FORWARD_PROPAGATE_LAYER,106,/model.6/m.1/cv1/conv/Conv:OpId_634 (cycles),102136,cycles,DSP,yolov8l-simplified-modified
77564334435,FORWARD_PROPAGATE_LAYER,107,/model.6/m.1/cv1/act/Sigmoid:OpId_637 (cycles),0,cycles,DSP,yolov8l-simplified-modified
77564334435,FORWARD_PROPAGATE_LAYER,108,/model.6/m.1/cv1/act/Mul:OpId_644 (cycles),90510,cycles,DSP,yolov8l-simplified-modified
77564334435,FORWARD_PROPAGATE_LAYER,109,/model.6/m.1/cv2/conv/Conv:OpId_653 (cycles),89598,cycles,DSP,yolov8l-simplified-modified
77564334435,FORWARD_PROPAGATE_LAYER,110,/model.6/m.1/cv2/act/Sigmoid:OpId_656 (cycles),0,cycles,DSP,yolov8l-simplified-modified
77564334435,FORWARD_PROPAGATE_LAYER,111,/model.6/m.1/cv2/act/Mul:OpId_663 (cycles),82848,cycles,DSP,yolov8l-simplified-modified
77564334435,FORWARD_PROPAGATE_LAYER,112,/model.6/m.1/Add:OpId_665 (cycles),55198,cycles,DSP,yolov8l-simplified-modified
77564334435,FORWARD_PROPAGATE_LAYER,113,/model.6/m.2/cv1/conv/Conv:OpId_674 (cycles),102042,cycles,DSP,yolov8l-simplified-modified
77564334435,FORWARD_PROPAGATE_LAYER,114,/model.6/m.2/cv1/act/Sigmoid:OpId_677 (cycles),0,cycles,DSP,yolov8l-simplified-modified
77564334435,FORWARD_PROPAGATE_LAYER,115,/model.6/m.2/cv1/act/Mul:OpId_684 (cycles),92547,cycles,DSP,yolov8l-simplified-modified
77564334435,FORWARD_PROPAGATE_LAYER,116,/model.6/m.2/cv2/conv/Conv:OpId_693 (cycles),86678,cycles,DSP,yolov8l-simplified-modified
77564334435,FORWARD_PROPAGATE_LAYER,117,/model.6/m.2/cv2/act/Sigmoid:OpId_696 (cycles),0,cycles,DSP,yolov8l-simplified-modified
77564334435,FORWARD_PROPAGATE_LAYER,118,/model.6/m.2/cv2/act/Mul:OpId_703 (cycles),81281,cycles,DSP,yolov8l-simplified-modified
77564334435,FORWARD_PROPAGATE_LAYER,119,/model.6/m.2/Add:OpId_705 (cycles),55039,cycles,DSP,yolov8l-simplified-modified
77564334435,FORWARD_PROPAGATE_LAYER,120,/model.6/m.3/cv1/conv/Conv:OpId_714 (cycles),102013,cycles,DSP,yolov8l-simplified-modified
77564334435,FORWARD_PROPAGATE_LAYER,121,/model.6/m.3/cv1/act/Sigmoid:OpId_717 (cycles),0,cycles,DSP,yolov8l-simplified-modified
77564334435,FORWARD_PROPAGATE_LAYER,122,/model.6/m.3/cv1/act/Mul:OpId_724 (cycles),89203,cycles,DSP,yolov8l-simplified-modified
77564334435,FORWARD_PROPAGATE_LAYER,123,/model.6/m.3/cv2/conv/Conv:OpId_733 (cycles),100948,cycles,DSP,yolov8l-simplified-modified
77564334435,FORWARD_PROPAGATE_LAYER,124,/model.6/m.3/cv2/act/Sigmoid:OpId_736 (cycles),0,cycles,DSP,yolov8l-simplified-modified
77564334435,FORWARD_PROPAGATE_LAYER,125,/model.6/m.3/cv2/act/Mul:OpId_743 (cycles),85865,cycles,DSP,yolov8l-simplified-modified
77564334435,FORWARD_PROPAGATE_LAYER,126,/model.6/m.3/Add:OpId_745 (cycles),58015,cycles,DSP,yolov8l-simplified-modified
77564334435,FORWARD_PROPAGATE_LAYER,127,/model.6/m.4/cv1/conv/Conv:OpId_754 (cycles),101918,cycles,DSP,yolov8l-simplified-modified
77564334435,FORWARD_PROPAGATE_LAYER,128,/model.6/m.4/cv1/act/Sigmoid:OpId_757 (cycles),0,cycles,DSP,yolov8l-simplified-modified
77564334435,FORWARD_PROPAGATE_LAYER,129,/model.6/m.4/cv1/act/Mul:OpId_764 (cycles),88709,cycles,DSP,yolov8l-simplified-modified
77564334435,FORWARD_PROPAGATE_LAYER,130,/model.6/m.4/cv2/conv/Conv:OpId_773 (cycles),90013,cycles,DSP,yolov8l-simplified-modified
77564334435,FORWARD_PROPAGATE_LAYER,131,/model.6/m.4/cv2/act/Sigmoid:OpId_776 (cycles),0,cycles,DSP,yolov8l-simplified-modified
77564334435,FORWARD_PROPAGATE_LAYER,132,/model.6/m.4/cv2/act/Mul:OpId_783 (cycles),82883,cycles,DSP,yolov8l-simplified-modified
77564334435,FORWARD_PROPAGATE_LAYER,133,/model.6/m.4/Add:OpId_785 (cycles),59224,cycles,DSP,yolov8l-simplified-modified
77564334435,FORWARD_PROPAGATE_LAYER,134,/model.6/m.5/cv1/conv/Conv:OpId_794 (cycles),117327,cycles,DSP,yolov8l-simplified-modified
77564334435,FORWARD_PROPAGATE_LAYER,135,/model.6/m.5/cv1/act/Sigmoid:OpId_797 (cycles),0,cycles,DSP,yolov8l-simplified-modified
77564334435,FORWARD_PROPAGATE_LAYER,136,/model.6/m.5/cv1/act/Mul:OpId_804 (cycles),83591,cycles,DSP,yolov8l-simplified-modified
77564334435,FORWARD_PROPAGATE_LAYER,137,/model.6/m.5/cv2/conv/Conv:OpId_813 (cycles),86025,cycles,DSP,yolov8l-simplified-modified
77564334435,FORWARD_PROPAGATE_LAYER,138,/model.6/m.5/cv2/act/Sigmoid:OpId_816 (cycles),0,cycles,DSP,yolov8l-simplified-modified
77564334435,FORWARD_PROPAGATE_LAYER,139,/model.6/m.5/cv2/act/Mul:OpId_823 (cycles),84762,cycles,DSP,yolov8l-simplified-modified
77564334435,FORWARD_PROPAGATE_LAYER,140,/model.6/m.5/Add:OpId_825 (cycles),29715,cycles,DSP,yolov8l-simplified-modified
77564334435,FORWARD_PROPAGATE_LAYER,141,/model.6/Concat:OpId_827 (cycles),0,cycles,DSP,yolov8l-simplified-modified
77564334435,FORWARD_PROPAGATE_LAYER,142,/model.6/cv2/conv/Conv:OpId_836 (cycles),139824,cycles,DSP,yolov8l-simplified-modified
77564334435,FORWARD_PROPAGATE_LAYER,143,/model.6/cv2/act/Sigmoid:OpId_839 (cycles),0,cycles,DSP,yolov8l-simplified-modified
77564334435,FORWARD_PROPAGATE_LAYER,144,/model.6/cv2/act/Mul:OpId_846 (cycles),304446,cycles,DSP,yolov8l-simplified-modified
77564334435,FORWARD_PROPAGATE_LAYER,145,/model.7/conv/Conv:OpId_855 (cycles),233225,cycles,DSP,yolov8l-simplified-modified
77564334435,FORWARD_PROPAGATE_LAYER,146,/model.7/act/Sigmoid:OpId_858 (cycles),0,cycles,DSP,yolov8l-simplified-modified
77564334435,FORWARD_PROPAGATE_LAYER,147,/model.7/act/Mul:OpId_865 (cycles),43611,cycles,DSP,yolov8l-simplified-modified
77564334435,FORWARD_PROPAGATE_LAYER,148,/model.8/cv1/conv/Conv:OpId_874 (cycles),13518,cycles,DSP,yolov8l-simplified-modified
77564334435,FORWARD_PROPAGATE_LAYER,149,/model.8/cv1/act/Sigmoid:OpId_877 (cycles),0,cycles,DSP,yolov8l-simplified-modified
77564334435,FORWARD_PROPAGATE_LAYER,150,/model.8/cv1/act/Mul:OpId_884 (cycles),40703,cycles,DSP,yolov8l-simplified-modified
77564334435,FORWARD_PROPAGATE_LAYER,151,/model.8/Slice:OpId_887 (cycles),8215,cycles,DSP,yolov8l-simplified-modified
77564334435,FORWARD_PROPAGATE_LAYER,152,/model.8/Slice_1:OpId_893 (cycles),8275,cycles,DSP,yolov8l-simplified-modified
77564334435,FORWARD_PROPAGATE_LAYER,153,/model.8/m.0/cv1/conv/Conv:OpId_905 (cycles),48066,cycles,DSP,yolov8l-simplified-modified
77564334435,FORWARD_PROPAGATE_LAYER,154,/model.8/m.0/cv1/act/Sigmoid:OpId_908 (cycles),0,cycles,DSP,yolov8l-simplified-modified
77564334435,FORWARD_PROPAGATE_LAYER,155,/model.8/m.0/cv1/act/Mul:OpId_915 (cycles),26698,cycles,DSP,yolov8l-simplified-modified
77564334435,FORWARD_PROPAGATE_LAYER,156,/model.8/m.0/cv2/conv/Conv:OpId_924 (cycles),38399,cycles,DSP,yolov8l-simplified-modified
77564334435,FORWARD_PROPAGATE_LAYER,157,/model.8/m.0/cv2/act/Sigmoid:OpId_927 (cycles),0,cycles,DSP,yolov8l-simplified-modified
77564334435,FORWARD_PROPAGATE_LAYER,158,/model.8/m.0/cv2/act/Mul:OpId_934 (cycles),29016,cycles,DSP,yolov8l-simplified-modified
77564334435,FORWARD_PROPAGATE_LAYER,159,/model.8/m.0/Add:OpId_936 (cycles),21132,cycles,DSP,yolov8l-simplified-modified
77564334435,FORWARD_PROPAGATE_LAYER,160,/model.8/m.1/cv1/conv/Conv:OpId_945 (cycles),39532,cycles,DSP,yolov8l-simplified-modified
77564334435,FORWARD_PROPAGATE_LAYER,161,/model.8/m.1/cv1/act/Sigmoid:OpId_948 (cycles),0,cycles,DSP,yolov8l-simplified-modified
77564334435,FORWARD_PROPAGATE_LAYER,162,/model.8/m.1/cv1/act/Mul:OpId_955 (cycles),27596,cycles,DSP,yolov8l-simplified-modified
77564334435,FORWARD_PROPAGATE_LAYER,163,/model.8/m.1/cv2/conv/Conv:OpId_964 (cycles),36601,cycles,DSP,yolov8l-simplified-modified
77564334435,FORWARD_PROPAGATE_LAYER,164,/model.8/m.1/cv2/act/Sigmoid:OpId_967 (cycles),0,cycles,DSP,yolov8l-simplified-modified
77564334435,FORWARD_PROPAGATE_LAYER,165,/model.8/m.1/cv2/act/Mul:OpId_974 (cycles),29030,cycles,DSP,yolov8l-simplified-modified
77564334435,FORWARD_PROPAGATE_LAYER,166,/model.8/m.1/Add:OpId_976 (cycles),20942,cycles,DSP,yolov8l-simplified-modified
77564334435,FORWARD_PROPAGATE_LAYER,167,/model.8/m.2/cv1/conv/Conv:OpId_985 (cycles),38188,cycles,DSP,yolov8l-simplified-modified
77564334435,FORWARD_PROPAGATE_LAYER,168,/model.8/m.2/cv1/act/Sigmoid:OpId_988 (cycles),0,cycles,DSP,yolov8l-simplified-modified
77564334435,FORWARD_PROPAGATE_LAYER,169,/model.8/m.2/cv1/act/Mul:OpId_995 (cycles),28914,cycles,DSP,yolov8l-simplified-modified
77564334435,FORWARD_PROPAGATE_LAYER,170,/model.8/m.2/cv2/conv/Conv:OpId_1004 (cycles),37799,cycles,DSP,yolov8l-simplified-modified
77564334435,FORWARD_PROPAGATE_LAYER,171,/model.8/m.2/cv2/act/Sigmoid:OpId_1007 (cycles),0,cycles,DSP,yolov8l-simplified-modified
77564334435,FORWARD_PROPAGATE_LAYER,172,/model.8/m.2/cv2/act/Mul:OpId_1014 (cycles),29177,cycles,DSP,yolov8l-simplified-modified
77564334435,FORWARD_PROPAGATE_LAYER,173,/model.8/m.2/Add:OpId_1016 (cycles),10631,cycles,DSP,yolov8l-simplified-modified
77564334435,FORWARD_PROPAGATE_LAYER,174,/model.8/Concat:OpId_1018 (cycles),0,cycles,DSP,yolov8l-simplified-modified
77564334435,FORWARD_PROPAGATE_LAYER,175,/model.8/cv2/conv/Conv:OpId_1027 (cycles),31985,cycles,DSP,yolov8l-simplified-modified
77564334435,FORWARD_PROPAGATE_LAYER,176,/model.8/cv2/act/Sigmoid:OpId_1030 (cycles),0,cycles,DSP,yolov8l-simplified-modified
77564334435,FORWARD_PROPAGATE_LAYER,177,/model.8/cv2/act/Mul:OpId_1037 (cycles),49466,cycles,DSP,yolov8l-simplified-modified
77564334435,FORWARD_PROPAGATE_LAYER,178,/model.9/cv1/conv/Conv:OpId_1046 (cycles),7306,cycles,DSP,yolov8l-simplified-modified
77564334435,FORWARD_PROPAGATE_LAYER,179,/model.9/cv1/act/Sigmoid:OpId_1049 (cycles),0,cycles,DSP,yolov8l-simplified-modified
77564334435,FORWARD_PROPAGATE_LAYER,180,/model.9/cv1/act/Mul:OpId_1056 (cycles),21951,cycles,DSP,yolov8l-simplified-modified
77564334435,FORWARD_PROPAGATE_LAYER,181,/model.9/m/MaxPool:OpId_1061 (cycles),56224,cycles,DSP,yolov8l-simplified-modified
77564334435,FORWARD_PROPAGATE_LAYER,182,/model.9/m_1/MaxPool:OpId_1066 (cycles),35690,cycles,DSP,yolov8l-simplified-modified
77564334435,FORWARD_PROPAGATE_LAYER,183,/model.9/m_2/MaxPool:OpId_1071 (cycles),42630,cycles,DSP,yolov8l-simplified-modified
77564334435,FORWARD_PROPAGATE_LAYER,184,/model.9/Concat:OpId_1073 (cycles),0,cycles,DSP,yolov8l-simplified-modified
77564334435,FORWARD_PROPAGATE_LAYER,185,/model.9/cv2/conv/Conv:OpId_1082 (cycles),26140,cycles,DSP,yolov8l-simplified-modified
77564334435,FORWARD_PROPAGATE_LAYER,186,/model.9/cv2/act/Sigmoid:OpId_1085 (cycles),0,cycles,DSP,yolov8l-simplified-modified
77564334435,FORWARD_PROPAGATE_LAYER,187,/model.9/cv2/act/Mul:OpId_1092 (cycles),84014,cycles,DSP,yolov8l-simplified-modified
77564334435,FORWARD_PROPAGATE_LAYER,188,/model.10/Resize:OpId_1094 (cycles),71299,cycles,DSP,yolov8l-simplified-modified
77564334435,FORWARD_PROPAGATE_LAYER,189,/model.11/Concat:OpId_1097 (cycles),0,cycles,DSP,yolov8l-simplified-modified
77564334435,FORWARD_PROPAGATE_LAYER,190,/model.12/cv1/conv/Conv:OpId_1106 (cycles),70951,cycles,DSP,yolov8l-simplified-modified
77564334435,FORWARD_PROPAGATE_LAYER,191,/model.12/cv1/act/Sigmoid:OpId_1109 (cycles),0,cycles,DSP,yolov8l-simplified-modified
77564334435,FORWARD_PROPAGATE_LAYER,192,/model.12/cv1/act/Mul:OpId_1116 (cycles),131717,cycles,DSP,yolov8l-simplified-modified
77564334435,FORWARD_PROPAGATE_LAYER,193,/model.12/Slice:OpId_1119 (cycles),20336,cycles,DSP,yolov8l-simplified-modified
77564334435,FORWARD_PROPAGATE_LAYER,194,/model.12/Slice_1:OpId_1125 (cycles),23965,cycles,DSP,yolov8l-simplified-modified
77564334435,FORWARD_PROPAGATE_LAYER,195,/model.12/m.0/cv1/conv/Conv:OpId_1137 (cycles),86478,cycles,DSP,yolov8l-simplified-modified
77564334435,FORWARD_PROPAGATE_LAYER,196,/model.12/m.0/cv1/act/Sigmoid:OpId_1140 (cycles),0,cycles,DSP,yolov8l-simplified-modified
77564334435,FORWARD_PROPAGATE_LAYER,197,/model.12/m.0/cv1/act/Mul:OpId_1147 (cycles),88526,cycles,DSP,yolov8l-simplified-modified
77564334435,FORWARD_PROPAGATE_LAYER,198,/model.12/m.0/cv2/conv/Conv:OpId_1156 (cycles),87875,cycles,DSP,yolov8l-simplified-modified
77564334435,FORWARD_PROPAGATE_LAYER,199,/model.12/m.0/cv2/act/Sigmoid:OpId_1159 (cycles),0,cycles,DSP,yolov8l-simplified-modified
77564334435,FORWARD_PROPAGATE_LAYER,200,/model.12/m.0/cv2/act/Mul:OpId_1166 (cycles),158307,cycles,DSP,yolov8l-simplified-modified
77564334435,FORWARD_PROPAGATE_LAYER,201,/model.12/m.1/cv1/conv/Conv:OpId_1175 (cycles),86892,cycles,DSP,yolov8l-simplified-modified
77564334435,FORWARD_PROPAGATE_LAYER,202,/model.12/m.1/cv1/act/Sigmoid:OpId_1178 (cycles),0,cycles,DSP,yolov8l-simplified-modified
77564334435,FORWARD_PROPAGATE_LAYER,203,/model.12/m.1/cv1/act/Mul:OpId_1185 (cycles),87593,cycles,DSP,yolov8l-simplified-modified
77564334435,FORWARD_PROPAGATE_LAYER,204,/model.12/m.1/cv2/conv/Conv:OpId_1194 (cycles),92571,cycles,DSP,yolov8l-simplified-modified
77564334435,FORWARD_PROPAGATE_LAYER,205,/model.12/m.1/cv2/act/Sigmoid:OpId_1197 (cycles),0,cycles,DSP,yolov8l-simplified-modified
77564334435,FORWARD_PROPAGATE_LAYER,206,/model.12/m.1/cv2/act/Mul:OpId_1204 (cycles),166891,cycles,DSP,yolov8l-simplified-modified
77564334435,FORWARD_PROPAGATE_LAYER,207,/model.12/m.2/cv1/conv/Conv:OpId_1213 (cycles),86745,cycles,DSP,yolov8l-simplified-modified
77564334435,FORWARD_PROPAGATE_LAYER,208,/model.12/m.2/cv1/act/Sigmoid:OpId_1216 (cycles),0,cycles,DSP,yolov8l-simplified-modified
77564334435,FORWARD_PROPAGATE_LAYER,209,/model.12/m.2/cv1/act/Mul:OpId_1223 (cycles),81822,cycles,DSP,yolov8l-simplified-modified
77564334435,FORWARD_PROPAGATE_LAYER,210,/model.12/m.2/cv2/conv/Conv:OpId_1232 (cycles),93557,cycles,DSP,yolov8l-simplified-modified
77564334435,FORWARD_PROPAGATE_LAYER,211,/model.12/m.2/cv2/act/Sigmoid:OpId_1235 (cycles),0,cycles,DSP,yolov8l-simplified-modified
77564334435,FORWARD_PROPAGATE_LAYER,212,/model.12/m.2/cv2/act/Mul:OpId_1242 (cycles),82937,cycles,DSP,yolov8l-simplified-modified
77564334435,FORWARD_PROPAGATE_LAYER,213,/model.12/Concat:OpId_1244 (cycles),0,cycles,DSP,yolov8l-simplified-modified
77564334435,FORWARD_PROPAGATE_LAYER,214,/model.12/cv2/conv/Conv:OpId_1253 (cycles),73762,cycles,DSP,yolov8l-simplified-modified
77564334435,FORWARD_PROPAGATE_LAYER,215,/model.12/cv2/act/Sigmoid:OpId_1256 (cycles),0,cycles,DSP,yolov8l-simplified-modified
77564334435,FORWARD_PROPAGATE_LAYER,216,/model.12/cv2/act/Mul:OpId_1263 (cycles),140484,cycles,DSP,yolov8l-simplified-modified
77564334435,FORWARD_PROPAGATE_LAYER,217,/model.13/Resize:OpId_1265 (cycles),128188,cycles,DSP,yolov8l-simplified-modified
77564334435,FORWARD_PROPAGATE_LAYER,218,/model.14/Concat:OpId_1268 (cycles),0,cycles,DSP,yolov8l-simplified-modified
77564334435,FORWARD_PROPAGATE_LAYER,219,/model.15/cv1/conv/Conv:OpId_1277 (cycles),97002,cycles,DSP,yolov8l-simplified-modified
77564334435,FORWARD_PROPAGATE_LAYER,220,/model.15/cv1/act/Sigmoid:OpId_1280 (cycles),0,cycles,DSP,yolov8l-simplified-modified
77564334435,FORWARD_PROPAGATE_LAYER,221,/model.15/cv1/act/Mul:OpId_1287 (cycles),255740,cycles,DSP,yolov8l-simplified-modified
77564334435,FORWARD_PROPAGATE_LAYER,222,/model.15/Slice:OpId_1290 (cycles),53414,cycles,DSP,yolov8l-simplified-modified
77564334435,FORWARD_PROPAGATE_LAYER,223,/model.15/Slice_1:OpId_1296 (cycles),49654,cycles,DSP,yolov8l-simplified-modified
77564334435,FORWARD_PROPAGATE_LAYER,224,/model.15/m.0/cv1/conv/Conv:OpId_1308 (cycles),87193,cycles,DSP,yolov8l-simplified-modified
77564334435,FORWARD_PROPAGATE_LAYER,225,/model.15/m.0/cv1/act/Sigmoid:OpId_1311 (cycles),0,cycles,DSP,yolov8l-simplified-modified
77564334435,FORWARD_PROPAGATE_LAYER,226,/model.15/m.0/cv1/act/Mul:OpId_1318 (cycles),143085,cycles,DSP,yolov8l-simplified-modified
77564334435,FORWARD_PROPAGATE_LAYER,227,/model.15/m.0/cv2/conv/Conv:OpId_1327 (cycles),83327,cycles,DSP,yolov8l-simplified-modified
77564334435,FORWARD_PROPAGATE_LAYER,228,/model.15/m.0/cv2/act/Sigmoid:OpId_1330 (cycles),0,cycles,DSP,yolov8l-simplified-modified
77564334435,FORWARD_PROPAGATE_LAYER,229,/model.15/m.0/cv2/act/Mul:OpId_1337 (cycles),274734,cycles,DSP,yolov8l-simplified-modified
77564334435,FORWARD_PROPAGATE_LAYER,230,/model.15/m.1/cv1/conv/Conv:OpId_1346 (cycles),83356,cycles,DSP,yolov8l-simplified-modified
77564334435,FORWARD_PROPAGATE_LAYER,231,/model.15/m.1/cv1/act/Sigmoid:OpId_1349 (cycles),0,cycles,DSP,yolov8l-simplified-modified
77564334435,FORWARD_PROPAGATE_LAYER,232,/model.15/m.1/cv1/act/Mul:OpId_1356 (cycles),159223,cycles,DSP,yolov8l-simplified-modified
77564334435,FORWARD_PROPAGATE_LAYER,233,/model.15/m.1/cv2/conv/Conv:OpId_1365 (cycles),89098,cycles,DSP,yolov8l-simplified-modified
77564334435,FORWARD_PROPAGATE_LAYER,234,/model.15/m.1/cv2/act/Sigmoid:OpId_1368 (cycles),0,cycles,DSP,yolov8l-simplified-modified
77564334435,FORWARD_PROPAGATE_LAYER,235,/model.15/m.1/cv2/act/Mul:OpId_1375 (cycles),329738,cycles,DSP,yolov8l-simplified-modified
77564334435,FORWARD_PROPAGATE_LAYER,236,/model.15/m.2/cv1/conv/Conv:OpId_1384 (cycles),89359,cycles,DSP,yolov8l-simplified-modified
77564334435,FORWARD_PROPAGATE_LAYER,237,/model.15/m.2/cv1/act/Sigmoid:OpId_1387 (cycles),0,cycles,DSP,yolov8l-simplified-modified
77564334435,FORWARD_PROPAGATE_LAYER,238,/model.15/m.2/cv1/act/Mul:OpId_1394 (cycles),159097,cycles,DSP,yolov8l-simplified-modified
77564334435,FORWARD_PROPAGATE_LAYER,239,/model.15/m.2/cv2/conv/Conv:OpId_1403 (cycles),80927,cycles,DSP,yolov8l-simplified-modified
77564334435,FORWARD_PROPAGATE_LAYER,240,/model.15/m.2/cv2/act/Sigmoid:OpId_1406 (cycles),0,cycles,DSP,yolov8l-simplified-modified
77564334435,FORWARD_PROPAGATE_LAYER,241,/model.15/m.2/cv2/act/Mul:OpId_1413 (cycles),155766,cycles,DSP,yolov8l-simplified-modified
77564334435,FORWARD_PROPAGATE_LAYER,242,/model.15/Concat:OpId_1415 (cycles),0,cycles,DSP,yolov8l-simplified-modified
77564334435,FORWARD_PROPAGATE_LAYER,243,/model.15/cv2/conv/Conv:OpId_1424 (cycles),84494,cycles,DSP,yolov8l-simplified-modified
77564334435,FORWARD_PROPAGATE_LAYER,244,/model.15/cv2/act/Sigmoid:OpId_1427 (cycles),0,cycles,DSP,yolov8l-simplified-modified
77564334435,FORWARD_PROPAGATE_LAYER,245,/model.15/cv2/act/Mul:OpId_1434 (cycles),322561,cycles,DSP,yolov8l-simplified-modified
77564334435,FORWARD_PROPAGATE_LAYER,246,/model.16/conv/Conv:OpId_1443 (cycles),200058,cycles,DSP,yolov8l-simplified-modified
77564334435,FORWARD_PROPAGATE_LAYER,247,/model.22/cv2.0/cv2.0.0/conv/Conv:OpId_1453 (cycles),76910,cycles,DSP,yolov8l-simplified-modified
77564334435,FORWARD_PROPAGATE_LAYER,248,/model.22/cv3.0/cv3.0.0/conv/Conv:OpId_1463 (cycles),296861,cycles,DSP,yolov8l-simplified-modified
77564334435,FORWARD_PROPAGATE_LAYER,249,/model.16/act/Sigmoid:OpId_1466 (cycles),0,cycles,DSP,yolov8l-simplified-modified
77564334435,FORWARD_PROPAGATE_LAYER,250,/model.22/cv2.0/cv2.0.0/act/Sigmoid:OpId_1473 (cycles),0,cycles,DSP,yolov8l-simplified-modified
77564334435,FORWARD_PROPAGATE_LAYER,251,/model.22/cv3.0/cv3.0.0/act/Sigmoid:OpId_1480 (cycles),0,cycles,DSP,yolov8l-simplified-modified
77564334435,FORWARD_PROPAGATE_LAYER,252,/model.16/act/Mul:OpId_1487 (cycles),69998,cycles,DSP,yolov8l-simplified-modified
77564334435,FORWARD_PROPAGATE_LAYER,253,/model.22/cv2.0/cv2.0.0/act/Mul:OpId_1489 (cycles),92158,cycles,DSP,yolov8l-simplified-modified
77564334435,FORWARD_PROPAGATE_LAYER,254,/model.22/cv3.0/cv3.0.0/act/Mul:OpId_1491 (cycles),335441,cycles,DSP,yolov8l-simplified-modified
77564334435,FORWARD_PROPAGATE_LAYER,255,/model.17/Concat:OpId_1493 (cycles),0,cycles,DSP,yolov8l-simplified-modified
77564334435,FORWARD_PROPAGATE_LAYER,256,/model.22/cv2.0/cv2.0.1/conv/Conv:OpId_1502 (cycles),22379,cycles,DSP,yolov8l-simplified-modified
77564334435,FORWARD_PROPAGATE_LAYER,257,/model.22/cv3.0/cv3.0.1/conv/Conv:OpId_1512 (cycles),326865,cycles,DSP,yolov8l-simplified-modified
77564334435,FORWARD_PROPAGATE_LAYER,258,/model.18/cv1/conv/Conv:OpId_1522 (cycles),49357,cycles,DSP,yolov8l-simplified-modified
77564334435,FORWARD_PROPAGATE_LAYER,259,/model.22/cv2.0/cv2.0.1/act/Sigmoid:OpId_1525 (cycles),0,cycles,DSP,yolov8l-simplified-modified
77564334435,FORWARD_PROPAGATE_LAYER,260,/model.22/cv3.0/cv3.0.1/act/Sigmoid:OpId_1532 (cycles),0,cycles,DSP,yolov8l-simplified-modified
77564334435,FORWARD_PROPAGATE_LAYER,261,/model.18/cv1/act/Sigmoid:OpId_1539 (cycles),0,cycles,DSP,yolov8l-simplified-modified
77564334435,FORWARD_PROPAGATE_LAYER,262,/model.22/cv2.0/cv2.0.1/act/Mul:OpId_1546 (cycles),73149,cycles,DSP,yolov8l-simplified-modified
77564334435,FORWARD_PROPAGATE_LAYER,263,/model.22/cv3.0/cv3.0.1/act/Mul:OpId_1548 (cycles),333887,cycles,DSP,yolov8l-simplified-modified
77564334435,FORWARD_PROPAGATE_LAYER,264,/model.18/cv1/act/Mul:OpId_1550 (cycles),138138,cycles,DSP,yolov8l-simplified-modified
77564334435,FORWARD_PROPAGATE_LAYER,265,/model.22/cv2.0/cv2.0.2/Conv:OpId_1559 (cycles),4931,cycles,DSP,yolov8l-simplified-modified
77564334435,FORWARD_PROPAGATE_LAYER,266,/model.22/cv2.0/cv2.0.2/Conv_output_0.nchw:OpId_1563 (cycles),226825,cycles,DSP,yolov8l-simplified-modified
77564334435,FORWARD_PROPAGATE_LAYER,267,/model.22/cv3.0/cv3.0.2/Conv:OpId_1571 (cycles),208909,cycles,DSP,yolov8l-simplified-modified
77564334435,FORWARD_PROPAGATE_LAYER,268,/model.18/Slice:OpId_1575 (cycles),25031,cycles,DSP,yolov8l-simplified-modified
77564334435,FORWARD_PROPAGATE_LAYER,269,/model.18/Slice_1:OpId_1581 (cycles),26019,cycles,DSP,yolov8l-simplified-modified
77564334435,FORWARD_PROPAGATE_LAYER,270,/model.22/Reshape:OpId_1586 (cycles),29715,cycles,DSP,yolov8l-simplified-modified
77564334435,FORWARD_PROPAGATE_LAYER,271,/model.22/Sigmoid:OpId_1587 (cycles),331930,cycles,DSP,yolov8l-simplified-modified
77564334435,FORWARD_PROPAGATE_LAYER,272,/model.18/m.0/cv1/conv/Conv:OpId_1601 (cycles),87518,cycles,DSP,yolov8l-simplified-modified
77564334435,FORWARD_PROPAGATE_LAYER,273,/model.22/Transpose:OpId_1605 (cycles),108771,cycles,DSP,yolov8l-simplified-modified
77564334435,FORWARD_PROPAGATE_LAYER,274,/model.22/ReduceMax:OpId_1607 (cycles),234354,cycles,DSP,yolov8l-simplified-modified
77564334435,FORWARD_PROPAGATE_LAYER,275,/model.18/m.0/cv1/act/Sigmoid:OpId_1609 (cycles),0,cycles,DSP,yolov8l-simplified-modified
77564334435,FORWARD_PROPAGATE_LAYER,276,/model.22/Softmax:OpId_1616 (cycles),516871,cycles,DSP,yolov8l-simplified-modified
77564334435,FORWARD_PROPAGATE_LAYER,277,/model.18/m.0/cv1/act/Mul:OpId_1619 (cycles),88907,cycles,DSP,yolov8l-simplified-modified
77564334435,FORWARD_PROPAGATE_LAYER,278,/model.22/Transpose_1:OpId_1622 (cycles),37360,cycles,DSP,yolov8l-simplified-modified
77564334435,FORWARD_PROPAGATE_LAYER,279,/model.18/m.0/cv2/conv/Conv:OpId_1630 (cycles),89745,cycles,DSP,yolov8l-simplified-modified
77564334435,FORWARD_PROPAGATE_LAYER,280,/model.22/proj_conv/Conv:OpId_1640 (cycles),11097,cycles,DSP,yolov8l-simplified-modified
77564334435,FORWARD_PROPAGATE_LAYER,281,/model.18/m.0/cv2/act/Sigmoid:OpId_1643 (cycles),0,cycles,DSP,yolov8l-simplified-modified
77564334435,FORWARD_PROPAGATE_LAYER,282,/model.22/Gather_output_0_pre_reshape.nchw:OpId_1651 (cycles),0,cycles,DSP,yolov8l-simplified-modified
77564334435,FORWARD_PROPAGATE_LAYER,283,Reshape_post_/model.22/Gather:OpId_1652 (cycles),56242,cycles,DSP,yolov8l-simplified-modified
77564334435,FORWARD_PROPAGATE_LAYER,284,/model.22/Reshape_1_output_0.nhwc:OpId_1654 (cycles),15444,cycles,DSP,yolov8l-simplified-modified
77564334435,FORWARD_PROPAGATE_LAYER,285,/model.18/m.0/cv2/act/Mul:OpId_1655 (cycles),181172,cycles,DSP,yolov8l-simplified-modified
77564334435,FORWARD_PROPAGATE_LAYER,286,/model.18/m.1/cv1/conv/Conv:OpId_1664 (cycles),102463,cycles,DSP,yolov8l-simplified-modified
77564334435,FORWARD_PROPAGATE_LAYER,287,/model.22/Concat:OpId_1667 (cycles),80641,cycles,DSP,yolov8l-simplified-modified
77564334435,FORWARD_PROPAGATE_LAYER,288,/model.18/m.1/cv1/act/Sigmoid:OpId_1669 (cycles),0,cycles,DSP,yolov8l-simplified-modified
77564334435,FORWARD_PROPAGATE_LAYER,289,/model.18/m.1/cv1/act/Mul:OpId_1676 (cycles),90277,cycles,DSP,yolov8l-simplified-modified
77564334435,FORWARD_PROPAGATE_LAYER,290,/model.18/m.1/cv2/conv/Conv:OpId_1685 (cycles),90770,cycles,DSP,yolov8l-simplified-modified
77564334435,FORWARD_PROPAGATE_LAYER,291,/model.18/m.1/cv2/act/Sigmoid:OpId_1688 (cycles),0,cycles,DSP,yolov8l-simplified-modified
77564334435,FORWARD_PROPAGATE_LAYER,292,/model.18/m.1/cv2/act/Mul:OpId_1695 (cycles),179021,cycles,DSP,yolov8l-simplified-modified
77564334435,FORWARD_PROPAGATE_LAYER,293,/model.18/m.2/cv1/conv/Conv:OpId_1704 (cycles),100199,cycles,DSP,yolov8l-simplified-modified
77564334435,FORWARD_PROPAGATE_LAYER,294,/model.18/m.2/cv1/act/Sigmoid:OpId_1707 (cycles),0,cycles,DSP,yolov8l-simplified-modified
77564334435,FORWARD_PROPAGATE_LAYER,295,/model.18/m.2/cv1/act/Mul:OpId_1714 (cycles),88542,cycles,DSP,yolov8l-simplified-modified
77564334435,FORWARD_PROPAGATE_LAYER,296,/model.18/m.2/cv2/conv/Conv:OpId_1723 (cycles),94347,cycles,DSP,yolov8l-simplified-modified
77564334435,FORWARD_PROPAGATE_LAYER,297,/model.18/m.2/cv2/act/Sigmoid:OpId_1726 (cycles),0,cycles,DSP,yolov8l-simplified-modified
77564334435,FORWARD_PROPAGATE_LAYER,298,/model.18/m.2/cv2/act/Mul:OpId_1733 (cycles),88267,cycles,DSP,yolov8l-simplified-modified
77564334435,FORWARD_PROPAGATE_LAYER,299,/model.18/Concat:OpId_1735 (cycles),0,cycles,DSP,yolov8l-simplified-modified
77564334435,FORWARD_PROPAGATE_LAYER,300,/model.18/cv2/conv/Conv:OpId_1744 (cycles),87775,cycles,DSP,yolov8l-simplified-modified
77564334435,FORWARD_PROPAGATE_LAYER,301,/model.18/cv2/act/Sigmoid:OpId_1747 (cycles),0,cycles,DSP,yolov8l-simplified-modified
77564334435,FORWARD_PROPAGATE_LAYER,302,/model.18/cv2/act/Mul:OpId_1754 (cycles),162496,cycles,DSP,yolov8l-simplified-modified
77564334435,FORWARD_PROPAGATE_LAYER,303,/model.19/conv/Conv:OpId_1763 (cycles),219605,cycles,DSP,yolov8l-simplified-modified
77564334435,FORWARD_PROPAGATE_LAYER,304,/model.22/cv2.1/cv2.1.0/conv/Conv:OpId_1773 (cycles),44348,cycles,DSP,yolov8l-simplified-modified
77564334435,FORWARD_PROPAGATE_LAYER,305,/model.22/cv3.1/cv3.1.0/conv/Conv:OpId_1783 (cycles),174137,cycles,DSP,yolov8l-simplified-modified
77564334435,FORWARD_PROPAGATE_LAYER,306,/model.19/act/Sigmoid:OpId_1786 (cycles),0,cycles,DSP,yolov8l-simplified-modified
77564334435,FORWARD_PROPAGATE_LAYER,307,/model.22/cv2.1/cv2.1.0/act/Sigmoid:OpId_1793 (cycles),0,cycles,DSP,yolov8l-simplified-modified
77564334435,FORWARD_PROPAGATE_LAYER,308,/model.22/cv3.1/cv3.1.0/act/Sigmoid:OpId_1800 (cycles),0,cycles,DSP,yolov8l-simplified-modified
77564334435,FORWARD_PROPAGATE_LAYER,309,/model.19/act/Mul:OpId_1807 (cycles),44584,cycles,DSP,yolov8l-simplified-modified
77564334435,FORWARD_PROPAGATE_LAYER,310,/model.22/cv2.1/cv2.1.0/act/Mul:OpId_1809 (cycles),17739,cycles,DSP,yolov8l-simplified-modified
77564334435,FORWARD_PROPAGATE_LAYER,311,/model.22/cv3.1/cv3.1.0/act/Mul:OpId_1811 (cycles),89757,cycles,DSP,yolov8l-simplified-modified
77564334435,FORWARD_PROPAGATE_LAYER,312,/model.20/Concat:OpId_1813 (cycles),0,cycles,DSP,yolov8l-simplified-modified
77564334435,FORWARD_PROPAGATE_LAYER,313,/model.22/cv2.1/cv2.1.1/conv/Conv:OpId_1822 (cycles),6730,cycles,DSP,yolov8l-simplified-modified
77564334435,FORWARD_PROPAGATE_LAYER,314,/model.22/cv3.1/cv3.1.1/conv/Conv:OpId_1832 (cycles),100635,cycles,DSP,yolov8l-simplified-modified
77564334435,FORWARD_PROPAGATE_LAYER,315,/model.21/cv1/conv/Conv:OpId_1842 (cycles),25662,cycles,DSP,yolov8l-simplified-modified
77564334435,FORWARD_PROPAGATE_LAYER,316,/model.22/cv2.1/cv2.1.1/act/Sigmoid:OpId_1845 (cycles),0,cycles,DSP,yolov8l-simplified-modified
77564334435,FORWARD_PROPAGATE_LAYER,317,/model.22/cv3.1/cv3.1.1/act/Sigmoid:OpId_1852 (cycles),0,cycles,DSP,yolov8l-simplified-modified
77564334435,FORWARD_PROPAGATE_LAYER,318,/model.21/cv1/act/Sigmoid:OpId_1859 (cycles),0,cycles,DSP,yolov8l-simplified-modified
77564334435,FORWARD_PROPAGATE_LAYER,319,/model.22/cv2.1/cv2.1.1/act/Mul:OpId_1866 (cycles),18504,cycles,DSP,yolov8l-simplified-modified
77564334435,FORWARD_PROPAGATE_LAYER,320,/model.22/cv3.1/cv3.1.1/act/Mul:OpId_1868 (cycles),84360,cycles,DSP,yolov8l-simplified-modified
77564334435,FORWARD_PROPAGATE_LAYER,321,/model.21/cv1/act/Mul:OpId_1870 (cycles),43797,cycles,DSP,yolov8l-simplified-modified
77564334435,FORWARD_PROPAGATE_LAYER,322,/model.22/cv2.1/cv2.1.2/Conv:OpId_1879 (cycles),2018,cycles,DSP,yolov8l-simplified-modified
77564334435,FORWARD_PROPAGATE_LAYER,323,/model.22/cv2.1/cv2.1.2/Conv_output_0.nchw:OpId_1883 (cycles),17281,cycles,DSP,yolov8l-simplified-modified
77564334435,FORWARD_PROPAGATE_LAYER,324,/model.22/cv3.1/cv3.1.2/Conv:OpId_1891 (cycles),4809,cycles,DSP,yolov8l-simplified-modified
77564334435,FORWARD_PROPAGATE_LAYER,325,/model.21/Slice:OpId_1895 (cycles),10311,cycles,DSP,yolov8l-simplified-modified
77564334435,FORWARD_PROPAGATE_LAYER,326,/model.21/Slice_1:OpId_1901 (cycles),10264,cycles,DSP,yolov8l-simplified-modified
77564334435,FORWARD_PROPAGATE_LAYER,327,/model.22/Reshape_2:OpId_1906 (cycles),34465,cycles,DSP,yolov8l-simplified-modified
77564334435,FORWARD_PROPAGATE_LAYER,328,/model.22/Sigmoid_1:OpId_1907 (cycles),146947,cycles,DSP,yolov8l-simplified-modified
77564334435,FORWARD_PROPAGATE_LAYER,329,/model.21/m.0/cv1/conv/Conv:OpId_1921 (cycles),40602,cycles,DSP,yolov8l-simplified-modified
77564334435,FORWARD_PROPAGATE_LAYER,330,/model.22/Transpose_2:OpId_1925 (cycles),25332,cycles,DSP,yolov8l-simplified-modified
77564334435,FORWARD_PROPAGATE_LAYER,331,/model.22/ReduceMax_1:OpId_1927 (cycles),59127,cycles,DSP,yolov8l-simplified-modified
77564334435,FORWARD_PROPAGATE_LAYER,332,/model.21/m.0/cv1/act/Sigmoid:OpId_1929 (cycles),0,cycles,DSP,yolov8l-simplified-modified
77564334435,FORWARD_PROPAGATE_LAYER,333,/model.22/Softmax_1:OpId_1936 (cycles),126490,cycles,DSP,yolov8l-simplified-modified
77564334435,FORWARD_PROPAGATE_LAYER,334,/model.21/m.0/cv1/act/Mul:OpId_1939 (cycles),29292,cycles,DSP,yolov8l-simplified-modified
77564334435,FORWARD_PROPAGATE_LAYER,335,/model.22/Transpose_3:OpId_1942 (cycles),11503,cycles,DSP,yolov8l-simplified-modified
77564334435,FORWARD_PROPAGATE_LAYER,336,/model.21/m.0/cv2/conv/Conv:OpId_1950 (cycles),38093,cycles,DSP,yolov8l-simplified-modified
77564334435,FORWARD_PROPAGATE_LAYER,337,/model.22/proj_conv_1/Conv:OpId_1958 (cycles),2111,cycles,DSP,yolov8l-simplified-modified
77564334435,FORWARD_PROPAGATE_LAYER,338,/model.21/m.0/cv2/act/Sigmoid:OpId_1961 (cycles),0,cycles,DSP,yolov8l-simplified-modified
77564334435,FORWARD_PROPAGATE_LAYER,339,/model.22/Gather_1_output_0_pre_reshape.nchw:OpId_1969 (cycles),0,cycles,DSP,yolov8l-simplified-modified
77564334435,FORWARD_PROPAGATE_LAYER,340,Reshape_post_/model.22/Gather_1:OpId_1970 (cycles),14176,cycles,DSP,yolov8l-simplified-modified
77564334435,FORWARD_PROPAGATE_LAYER,341,/model.22/Reshape_3_output_0.nhwc:OpId_1972 (cycles),2120,cycles,DSP,yolov8l-simplified-modified
77564334435,FORWARD_PROPAGATE_LAYER,342,/model.21/m.0/cv2/act/Mul:OpId_1973 (cycles),55079,cycles,DSP,yolov8l-simplified-modified
77564334435,FORWARD_PROPAGATE_LAYER,343,/model.21/m.1/cv1/conv/Conv:OpId_1982 (cycles),37516,cycles,DSP,yolov8l-simplified-modified
77564334435,FORWARD_PROPAGATE_LAYER,344,/model.22/Concat_1:OpId_1985 (cycles),20151,cycles,DSP,yolov8l-simplified-modified
77564334435,FORWARD_PROPAGATE_LAYER,345,/model.21/m.1/cv1/act/Sigmoid:OpId_1987 (cycles),0,cycles,DSP,yolov8l-simplified-modified
77564334435,FORWARD_PROPAGATE_LAYER,346,/model.21/m.1/cv1/act/Mul:OpId_1994 (cycles),26741,cycles,DSP,yolov8l-simplified-modified
77564334435,FORWARD_PROPAGATE_LAYER,347,/model.21/m.1/cv2/conv/Conv:OpId_2003 (cycles),37638,cycles,DSP,yolov8l-simplified-modified
77564334435,FORWARD_PROPAGATE_LAYER,348,/model.21/m.1/cv2/act/Sigmoid:OpId_2006 (cycles),0,cycles,DSP,yolov8l-simplified-modified
77564334435,FORWARD_PROPAGATE_LAYER,349,/model.21/m.1/cv2/act/Mul:OpId_2013 (cycles),57729,cycles,DSP,yolov8l-simplified-modified
77564334435,FORWARD_PROPAGATE_LAYER,350,/model.21/m.2/cv1/conv/Conv:OpId_2022 (cycles),36962,cycles,DSP,yolov8l-simplified-modified
77564334435,FORWARD_PROPAGATE_LAYER,351,/model.21/m.2/cv1/act/Sigmoid:OpId_2025 (cycles),0,cycles,DSP,yolov8l-simplified-modified
77564334435,FORWARD_PROPAGATE_LAYER,352,/model.21/m.2/cv1/act/Mul:OpId_2032 (cycles),26465,cycles,DSP,yolov8l-simplified-modified
77564334435,FORWARD_PROPAGATE_LAYER,353,/model.21/m.2/cv2/conv/Conv:OpId_2041 (cycles),37656,cycles,DSP,yolov8l-simplified-modified
77564334435,FORWARD_PROPAGATE_LAYER,354,/model.21/m.2/cv2/act/Sigmoid:OpId_2044 (cycles),0,cycles,DSP,yolov8l-simplified-modified
77564334435,FORWARD_PROPAGATE_LAYER,355,/model.21/m.2/cv2/act/Mul:OpId_2051 (cycles),29829,cycles,DSP,yolov8l-simplified-modified
77564334435,FORWARD_PROPAGATE_LAYER,356,/model.21/Concat:OpId_2053 (cycles),0,cycles,DSP,yolov8l-simplified-modified
77564334435,FORWARD_PROPAGATE_LAYER,357,/model.21/cv2/conv/Conv:OpId_2062 (cycles),30953,cycles,DSP,yolov8l-simplified-modified
77564334435,FORWARD_PROPAGATE_LAYER,358,/model.21/cv2/act/Sigmoid:OpId_2065 (cycles),0,cycles,DSP,yolov8l-simplified-modified
77564334435,FORWARD_PROPAGATE_LAYER,359,/model.21/cv2/act/Mul:OpId_2072 (cycles),44540,cycles,DSP,yolov8l-simplified-modified
77564334435,FORWARD_PROPAGATE_LAYER,360,/model.22/cv2.2/cv2.2.0/conv/Conv:OpId_2081 (cycles),20975,cycles,DSP,yolov8l-simplified-modified
77564334435,FORWARD_PROPAGATE_LAYER,361,/model.22/cv3.2/cv3.2.0/conv/Conv:OpId_2091 (cycles),67788,cycles,DSP,yolov8l-simplified-modified
77564334435,FORWARD_PROPAGATE_LAYER,362,/model.22/cv2.2/cv2.2.0/act/Sigmoid:OpId_2094 (cycles),0,cycles,DSP,yolov8l-simplified-modified
77564334435,FORWARD_PROPAGATE_LAYER,363,/model.22/cv3.2/cv3.2.0/act/Sigmoid:OpId_2101 (cycles),0,cycles,DSP,yolov8l-simplified-modified
77564334435,FORWARD_PROPAGATE_LAYER,364,/model.22/cv2.2/cv2.2.0/act/Mul:OpId_2108 (cycles),10139,cycles,DSP,yolov8l-simplified-modified
77564334435,FORWARD_PROPAGATE_LAYER,365,/model.22/cv3.2/cv3.2.0/act/Mul:OpId_2110 (cycles),27820,cycles,DSP,yolov8l-simplified-modified
77564334435,FORWARD_PROPAGATE_LAYER,366,/model.22/cv2.2/cv2.2.1/conv/Conv:OpId_2119 (cycles),3712,cycles,DSP,yolov8l-simplified-modified
77564334435,FORWARD_PROPAGATE_LAYER,367,/model.22/cv3.2/cv3.2.1/conv/Conv:OpId_2129 (cycles),37752,cycles,DSP,yolov8l-simplified-modified
77564334435,FORWARD_PROPAGATE_LAYER,368,/model.22/cv2.2/cv2.2.1/act/Sigmoid:OpId_2132 (cycles),0,cycles,DSP,yolov8l-simplified-modified
77564334435,FORWARD_PROPAGATE_LAYER,369,/model.22/cv3.2/cv3.2.1/act/Sigmoid:OpId_2139 (cycles),0,cycles,DSP,yolov8l-simplified-modified
77564334435,FORWARD_PROPAGATE_LAYER,370,/model.22/cv2.2/cv2.2.1/act/Mul:OpId_2146 (cycles),7419,cycles,DSP,yolov8l-simplified-modified
77564334435,FORWARD_PROPAGATE_LAYER,371,/model.22/cv3.2/cv3.2.1/act/Mul:OpId_2148 (cycles),29934,cycles,DSP,yolov8l-simplified-modified
77564334435,FORWARD_PROPAGATE_LAYER,372,/model.22/cv2.2/cv2.2.2/Conv:OpId_2157 (cycles),1192,cycles,DSP,yolov8l-simplified-modified
77564334435,FORWARD_PROPAGATE_LAYER,373,/model.22/cv2.2/cv2.2.2/Conv_output_0.nchw:OpId_2161 (cycles),5180,cycles,DSP,yolov8l-simplified-modified
77564334435,FORWARD_PROPAGATE_LAYER,374,/model.22/cv3.2/cv3.2.2/Conv:OpId_2169 (cycles),14449,cycles,DSP,yolov8l-simplified-modified
77564334435,FORWARD_PROPAGATE_LAYER,375,/model.22/Reshape_4:OpId_2172 (cycles),12223,cycles,DSP,yolov8l-simplified-modified
77564334435,FORWARD_PROPAGATE_LAYER,376,/model.22/Sigmoid_2:OpId_2173 (cycles),26871,cycles,DSP,yolov8l-simplified-modified
77564334435,FORWARD_PROPAGATE_LAYER,377,/model.22/Transpose_4:OpId_2181 (cycles),7058,cycles,DSP,yolov8l-simplified-modified
77564334435,FORWARD_PROPAGATE_LAYER,378,/model.22/ReduceMax_2:OpId_2183 (cycles),19806,cycles,DSP,yolov8l-simplified-modified
77564334435,FORWARD_PROPAGATE_LAYER,379,/model.22/Softmax_2:OpId_2185 (cycles),34214,cycles,DSP,yolov8l-simplified-modified
77564334435,FORWARD_PROPAGATE_LAYER,380,/model.22/Transpose_5:OpId_2189 (cycles),2129,cycles,DSP,yolov8l-simplified-modified
77564334435,FORWARD_PROPAGATE_LAYER,381,/model.22/proj_conv_2/Conv:OpId_2195 (cycles),1091,cycles,DSP,yolov8l-simplified-modified
77564334435,FORWARD_PROPAGATE_LAYER,382,/model.22/Gather_2_output_0_pre_reshape.nchw:OpId_2199 (cycles),0,cycles,DSP,yolov8l-simplified-modified
77564334435,FORWARD_PROPAGATE_LAYER,383,Reshape_post_/model.22/Gather_2:OpId_2200 (cycles),3751,cycles,DSP,yolov8l-simplified-modified
77564334435,FORWARD_PROPAGATE_LAYER,384,/model.22/Reshape_5_output_0.nhwc:OpId_2202 (cycles),1519,cycles,DSP,yolov8l-simplified-modified
77564334435,FORWARD_PROPAGATE_LAYER,385,/model.22/Concat_2:OpId_2203 (cycles),5627,cycles,DSP,yolov8l-simplified-modified
77564334435,FORWARD_PROPAGATE_LAYER,386,Output OpId_3 (cycles),46383,cycles,DSP,yolov8l-simplified-modified
77564334435,EXECUTE_TIME_SUBNET_0,,,28429432,cycles,DSP,yolov8l-simplified-modified
77564334435,TOTAL_INFERENCE_TIME,,,34616,us,,yolov8l-simplified-modified
77564334435,FORWARD_PROPAGATE,,,34576,us,,yolov8l-simplified-modified
77564334435,FORWARD_PROPAGATE_LAYER,0,Input OpId_2 (cycles),0,cycles,DSP,yolov8l-simplified-modified
77564334435,FORWARD_PROPAGATE_LAYER,1,/model.0/conv/Conv:OpId_23 (cycles),588266,cycles,DSP,yolov8l-simplified-modified
77564334435,FORWARD_PROPAGATE_LAYER,2,/model.0/act/Sigmoid:OpId_26 (cycles),0,cycles,DSP,yolov8l-simplified-modified
77564334435,FORWARD_PROPAGATE_LAYER,3,/model.0/act/Mul:OpId_33 (cycles),975728,cycles,DSP,yolov8l-simplified-modified
77564334435,FORWARD_PROPAGATE_LAYER,4,/model.1/conv/Conv:OpId_42 (cycles),464168,cycles,DSP,yolov8l-simplified-modified
77564334435,FORWARD_PROPAGATE_LAYER,5,/model.1/act/Sigmoid:OpId_45 (cycles),0,cycles,DSP,yolov8l-simplified-modified
77564334435,FORWARD_PROPAGATE_LAYER,6,/model.1/act/Mul:OpId_52 (cycles),467966,cycles,DSP,yolov8l-simplified-modified
77564334435,FORWARD_PROPAGATE_LAYER,7,/model.2/cv1/conv/Conv:OpId_61 (cycles),38352,cycles,DSP,yolov8l-simplified-modified
77564334435,FORWARD_PROPAGATE_LAYER,8,/model.2/cv1/act/Sigmoid:OpId_64 (cycles),0,cycles,DSP,yolov8l-simplified-modified
77564334435,FORWARD_PROPAGATE_LAYER,9,/model.2/cv1/act/Mul:OpId_71 (cycles),445422,cycles,DSP,yolov8l-simplified-modified
77564334435,FORWARD_PROPAGATE_LAYER,10,/model.2/Slice:OpId_74 (cycles),96376,cycles,DSP,yolov8l-simplified-modified
77564334435,FORWARD_PROPAGATE_LAYER,11,/model.2/Slice_1:OpId_80 (cycles),86093,cycles,DSP,yolov8l-simplified-modified
77564334435,FORWARD_PROPAGATE_LAYER,12,/model.2/m.0/cv1/conv/Conv:OpId_92 (cycles),84925,cycles,DSP,yolov8l-simplified-modified
77564334435,FORWARD_PROPAGATE_LAYER,13,/model.2/m.0/cv1/act/Sigmoid:OpId_95 (cycles),0,cycles,DSP,yolov8l-simplified-modified
77564334435,FORWARD_PROPAGATE_LAYER,14,/model.2/m.0/cv1/act/Mul:OpId_102 (cycles),238919,cycles,DSP,yolov8l-simplified-modified
77564334435,FORWARD_PROPAGATE_LAYER,15,/model.2/m.0/cv2/conv/Conv:OpId_111 (cycles),83332,cycles,DSP,yolov8l-simplified-modified
77564334435,FORWARD_PROPAGATE_LAYER,16,/model.2/m.0/cv2/act/Sigmoid:OpId_114 (cycles),0,cycles,DSP,yolov8l-simplified-modified
77564334435,FORWARD_PROPAGATE_LAYER,17,/model.2/m.0/cv2/act/Mul:OpId_121 (cycles),235184,cycles,DSP,yolov8l-simplified-modified
77564334435,FORWARD_PROPAGATE_LAYER,18,/model.2/m.0/Add:OpId_123 (cycles),223615,cycles,DSP,yolov8l-simplified-modified
77564334435,FORWARD_PROPAGATE_LAYER,19,/model.2/m.1/cv1/conv/Conv:OpId_132 (cycles),84718,cycles,DSP,yolov8l-simplified-modified
77564334435,FORWARD_PROPAGATE_LAYER,20,/model.2/m.1/cv1/act/Sigmoid:OpId_135 (cycles),0,cycles,DSP,yolov8l-simplified-modified
77564334435,FORWARD_PROPAGATE_LAYER,21,/model.2/m.1/cv1/act/Mul:OpId_142 (cycles),238092,cycles,DSP,yolov8l-simplified-modified
77564334435,FORWARD_PROPAGATE_LAYER,22,/model.2/m.1/cv2/conv/Conv:OpId_151 (cycles),83394,cycles,DSP,yolov8l-simplified-modified
77564334435,FORWARD_PROPAGATE_LAYER,23,/model.2/m.1/cv2/act/Sigmoid:OpId_154 (cycles),0,cycles,DSP,yolov8l-simplified-modified
77564334435,FORWARD_PROPAGATE_LAYER,24,/model.2/m.1/cv2/act/Mul:OpId_161 (cycles),250020,cycles,DSP,yolov8l-simplified-modified
77564334435,FORWARD_PROPAGATE_LAYER,25,/model.2/m.1/Add:OpId_163 (cycles),229888,cycles,DSP,yolov8l-simplified-modified
77564334435,FORWARD_PROPAGATE_LAYER,26,/model.2/m.2/cv1/conv/Conv:OpId_172 (cycles),84394,cycles,DSP,yolov8l-simplified-modified
77564334435,FORWARD_PROPAGATE_LAYER,27,/model.2/m.2/cv1/act/Sigmoid:OpId_175 (cycles),0,cycles,DSP,yolov8l-simplified-modified
77564334435,FORWARD_PROPAGATE_LAYER,28,/model.2/m.2/cv1/act/Mul:OpId_182 (cycles),240683,cycles,DSP,yolov8l-simplified-modified
77564334435,FORWARD_PROPAGATE_LAYER,29,/model.2/m.2/cv2/conv/Conv:OpId_191 (cycles),84171,cycles,DSP,yolov8l-simplified-modified
77564334435,FORWARD_PROPAGATE_LAYER,30,/model.2/m.2/cv2/act/Sigmoid:OpId_194 (cycles),0,cycles,DSP,yolov8l-simplified-modified
77564334435,FORWARD_PROPAGATE_LAYER,31,/model.2/m.2/cv2/act/Mul:OpId_201 (cycles),232426,cycles,DSP,yolov8l-simplified-modified
77564334435,FORWARD_PROPAGATE_LAYER,32,/model.2/m.2/Add:OpId_203 (cycles),123808,cycles,DSP,yolov8l-simplified-modified
77564334435,FORWARD_PROPAGATE_LAYER,33,/model.2/Concat:OpId_205 (cycles),0,cycles,DSP,yolov8l-simplified-modified
77564334435,FORWARD_PROPAGATE_LAYER,34,/model.2/cv2/conv/Conv:OpId_214 (cycles),93824,cycles,DSP,yolov8l-simplified-modified
77564334435,FORWARD_PROPAGATE_LAYER,35,/model.2/cv2/act/Sigmoid:OpId_217 (cycles),0,cycles,DSP,yolov8l-simplified-modified
77564334435,FORWARD_PROPAGATE_LAYER,36,/model.2/cv2/act/Mul:OpId_224 (cycles),513985,cycles,DSP,yolov8l-simplified-modified
77564334435,FORWARD_PROPAGATE_LAYER,37,/model.3/conv/Conv:OpId_233 (cycles),335594,cycles,DSP,yolov8l-simplified-modified
77564334435,FORWARD_PROPAGATE_LAYER,38,/model.3/act/Sigmoid:OpId_236 (cycles),0,cycles,DSP,yolov8l-simplified-modified
77564334435,FORWARD_PROPAGATE_LAYER,39,/model.3/act/Mul:OpId_243 (cycles),253711,cycles,DSP,yolov8l-simplified-modified
77564334435,FORWARD_PROPAGATE_LAYER,40,/model.4/cv1/conv/Conv:OpId_252 (cycles),37591,cycles,DSP,yolov8l-simplified-modified
77564334435,FORWARD_PROPAGATE_LAYER,41,/model.4/cv1/act/Sigmoid:OpId_255 (cycles),0,cycles,DSP,yolov8l-simplified-modified
77564334435,FORWARD_PROPAGATE_LAYER,42,/model.4/cv1/act/Mul:OpId_262 (cycles),239899,cycles,DSP,yolov8l-simplified-modified
77564334435,FORWARD_PROPAGATE_LAYER,43,/model.4/Slice:OpId_265 (cycles),45795,cycles,DSP,yolov8l-simplified-modified
77564334435,FORWARD_PROPAGATE_LAYER,44,/model.4/Slice_1:OpId_271 (cycles),49816,cycles,DSP,yolov8l-simplified-modified
77564334435,FORWARD_PROPAGATE_LAYER,45,/model.4/m.0/cv1/conv/Conv:OpId_283 (cycles),90216,cycles,DSP,yolov8l-simplified-modified
77564334435,FORWARD_PROPAGATE_LAYER,46,/model.4/m.0/cv1/act/Sigmoid:OpId_286 (cycles),0,cycles,DSP,yolov8l-simplified-modified
77564334435,FORWARD_PROPAGATE_LAYER,47,/model.4/m.0/cv1/act/Mul:OpId_293 (cycles),163223,cycles,DSP,yolov8l-simplified-modified
77564334435,FORWARD_PROPAGATE_LAYER,48,/model.4/m.0/cv2/conv/Conv:OpId_302 (cycles),86328,cycles,DSP,yolov8l-simplified-modified
77564334435,FORWARD_PROPAGATE_LAYER,49,/model.4/m.0/cv2/act/Sigmoid:OpId_305 (cycles),0,cycles,DSP,yolov8l-simplified-modified
77564334435,FORWARD_PROPAGATE_LAYER,50,/model.4/m.0/cv2/act/Mul:OpId_312 (cycles),149980,cycles,DSP,yolov8l-simplified-modified
77564334435,FORWARD_PROPAGATE_LAYER,51,/model.4/m.0/Add:OpId_314 (cycles),123894,cycles,DSP,yolov8l-simplified-modified
77564334435,FORWARD_PROPAGATE_LAYER,52,/model.4/m.1/cv1/conv/Conv:OpId_323 (cycles),91068,cycles,DSP,yolov8l-simplified-modified
77564334435,FORWARD_PROPAGATE_LAYER,53,/model.4/m.1/cv1/act/Sigmoid:OpId_326 (cycles),0,cycles,DSP,yolov8l-simplified-modified
77564334435,FORWARD_PROPAGATE_LAYER,54,/model.4/m.1/cv1/act/Mul:OpId_333 (cycles),143898,cycles,DSP,yolov8l-simplified-modified
77564334435,FORWARD_PROPAGATE_LAYER,55,/model.4/m.1/cv2/conv/Conv:OpId_342 (cycles),80073,cycles,DSP,yolov8l-simplified-modified
77564334435,FORWARD_PROPAGATE_LAYER,56,/model.4/m.1/cv2/act/Sigmoid:OpId_345 (cycles),0,cycles,DSP,yolov8l-simplified-modified
77564334435,FORWARD_PROPAGATE_LAYER,57,/model.4/m.1/cv2/act/Mul:OpId_352 (cycles),132449,cycles,DSP,yolov8l-simplified-modified
77564334435,FORWARD_PROPAGATE_LAYER,58,/model.4/m.1/Add:OpId_354 (cycles),127545,cycles,DSP,yolov8l-simplified-modified
77564334435,FORWARD_PROPAGATE_LAYER,59,/model.4/m.2/cv1/conv/Conv:OpId_363 (cycles),90919,cycles,DSP,yolov8l-simplified-modified
77564334435,FORWARD_PROPAGATE_LAYER,60,/model.4/m.2/cv1/act/Sigmoid:OpId_366 (cycles),0,cycles,DSP,yolov8l-simplified-modified
77564334435,FORWARD_PROPAGATE_LAYER,61,/model.4/m.2/cv1/act/Mul:OpId_373 (cycles),143365,cycles,DSP,yolov8l-simplified-modified
77564334435,FORWARD_PROPAGATE_LAYER,62,/model.4/m.2/cv2/conv/Conv:OpId_382 (cycles),87566,cycles,DSP,yolov8l-simplified-modified
77564334435,FORWARD_PROPAGATE_LAYER,63,/model.4/m.2/cv2/act/Sigmoid:OpId_385 (cycles),0,cycles,DSP,yolov8l-simplified-modified
77564334435,FORWARD_PROPAGATE_LAYER,64,/model.4/m.2/cv2/act/Mul:OpId_392 (cycles),142345,cycles,DSP,yolov8l-simplified-modified
77564334435,FORWARD_PROPAGATE_LAYER,65,/model.4/m.2/Add:OpId_394 (cycles),130961,cycles,DSP,yolov8l-simplified-modified
77564334435,FORWARD_PROPAGATE_LAYER,66,/model.4/m.3/cv1/conv/Conv:OpId_403 (cycles),89635,cycles,DSP,yolov8l-simplified-modified
77564334435,FORWARD_PROPAGATE_LAYER,67,/model.4/m.3/cv1/act/Sigmoid:OpId_406 (cycles),0,cycles,DSP,yolov8l-simplified-modified
77564334435,FORWARD_PROPAGATE_LAYER,68,/model.4/m.3/cv1/act/Mul:OpId_413 (cycles),160709,cycles,DSP,yolov8l-simplified-modified
77564334435,FORWARD_PROPAGATE_LAYER,69,/model.4/m.3/cv2/conv/Conv:OpId_422 (cycles),89390,cycles,DSP,yolov8l-simplified-modified
77564334435,FORWARD_PROPAGATE_LAYER,70,/model.4/m.3/cv2/act/Sigmoid:OpId_425 (cycles),0,cycles,DSP,yolov8l-simplified-modified
77564334435,FORWARD_PROPAGATE_LAYER,71,/model.4/m.3/cv2/act/Mul:OpId_432 (cycles),150398,cycles,DSP,yolov8l-simplified-modified
77564334435,FORWARD_PROPAGATE_LAYER,72,/model.4/m.3/Add:OpId_434 (cycles),135603,cycles,DSP,yolov8l-simplified-modified
77564334435,FORWARD_PROPAGATE_LAYER,73,/model.4/m.4/cv1/conv/Conv:OpId_443 (cycles),89875,cycles,DSP,yolov8l-simplified-modified
77564334435,FORWARD_PROPAGATE_LAYER,74,/model.4/m.4/cv1/act/Sigmoid:OpId_446 (cycles),0,cycles,DSP,yolov8l-simplified-modified
77564334435,FORWARD_PROPAGATE_LAYER,75,/model.4/m.4/cv1/act/Mul:OpId_453 (cycles),155672,cycles,DSP,yolov8l-simplified-modified
77564334435,FORWARD_PROPAGATE_LAYER,76,/model.4/m.4/cv2/conv/Conv:OpId_462 (cycles),82736,cycles,DSP,yolov8l-simplified-modified
77564334435,FORWARD_PROPAGATE_LAYER,77,/model.4/m.4/cv2/act/Sigmoid:OpId_465 (cycles),0,cycles,DSP,yolov8l-simplified-modified
77564334435,FORWARD_PROPAGATE_LAYER,78,/model.4/m.4/cv2/act/Mul:OpId_472 (cycles),147603,cycles,DSP,yolov8l-simplified-modified
77564334435,FORWARD_PROPAGATE_LAYER,79,/model.4/m.4/Add:OpId_474 (cycles),144783,cycles,DSP,yolov8l-simplified-modified
77564334435,FORWARD_PROPAGATE_LAYER,80,/model.4/m.5/cv1/conv/Conv:OpId_483 (cycles),88989,cycles,DSP,yolov8l-simplified-modified
77564334435,FORWARD_PROPAGATE_LAYER,81,/model.4/m.5/cv1/act/Sigmoid:OpId_486 (cycles),0,cycles,DSP,yolov8l-simplified-modified
77564334435,FORWARD_PROPAGATE_LAYER,82,/model.4/m.5/cv1/act/Mul:OpId_493 (cycles),147260,cycles,DSP,yolov8l-simplified-modified
77564334435,FORWARD_PROPAGATE_LAYER,83,/model.4/m.5/cv2/conv/Conv:OpId_502 (cycles),87360,cycles,DSP,yolov8l-simplified-modified
77564334435,FORWARD_PROPAGATE_LAYER,84,/model.4/m.5/cv2/act/Sigmoid:OpId_505 (cycles),0,cycles,DSP,yolov8l-simplified-modified
77564334435,FORWARD_PROPAGATE_LAYER,85,/model.4/m.5/cv2/act/Mul:OpId_512 (cycles),144952,cycles,DSP,yolov8l-simplified-modified
77564334435,FORWARD_PROPAGATE_LAYER,86,/model.4/m.5/Add:OpId_514 (cycles),61105,cycles,DSP,yolov8l-simplified-modified
77564334435,FORWARD_PROPAGATE_LAYER,87,/model.4/Concat:OpId_516 (cycles),0,cycles,DSP,yolov8l-simplified-modified
77564334435,FORWARD_PROPAGATE_LAYER,88,/model.4/cv2/conv/Conv:OpId_525 (cycles),141032,cycles,DSP,yolov8l-simplified-modified
77564334435,FORWARD_PROPAGATE_LAYER,89,/model.4/cv2/act/Sigmoid:OpId_528 (cycles),0,cycles,DSP,yolov8l-simplified-modified
77564334435,FORWARD_PROPAGATE_LAYER,90,/model.4/cv2/act/Mul:OpId_535 (cycles),574747,cycles,DSP,yolov8l-simplified-modified
77564334435,FORWARD_PROPAGATE_LAYER,91,/model.5/conv/Conv:OpId_544 (cycles),280919,cycles,DSP,yolov8l-simplified-modified
77564334435,FORWARD_PROPAGATE_LAYER,92,/model.5/act/Sigmoid:OpId_547 (cycles),0,cycles,DSP,yolov8l-simplified-modified
77564334435,FORWARD_PROPAGATE_LAYER,93,/model.5/act/Mul:OpId_554 (cycles),130223,cycles,DSP,yolov8l-simplified-modified
77564334435,FORWARD_PROPAGATE_LAYER,94,/model.6/cv1/conv/Conv:OpId_563 (cycles),38690,cycles,DSP,yolov8l-simplified-modified
77564334435,FORWARD_PROPAGATE_LAYER,95,/model.6/cv1/act/Sigmoid:OpId_566 (cycles),0,cycles,DSP,yolov8l-simplified-modified
77564334435,FORWARD_PROPAGATE_LAYER,96,/model.6/cv1/act/Mul:OpId_573 (cycles),138286,cycles,DSP,yolov8l-simplified-modified
77564334435,FORWARD_PROPAGATE_LAYER,97,/model.6/Slice:OpId_576 (cycles),21914,cycles,DSP,yolov8l-simplified-modified
77564334435,FORWARD_PROPAGATE_LAYER,98,/model.6/Slice_1:OpId_582 (cycles),23495,cycles,DSP,yolov8l-simplified-modified
77564334435,FORWARD_PROPAGATE_LAYER,99,/model.6/m.0/cv1/conv/Conv:OpId_594 (cycles),87081,cycles,DSP,yolov8l-simplified-modified
77564334435,FORWARD_PROPAGATE_LAYER,100,/model.6/m.0/cv1/act/Sigmoid:OpId_597 (cycles),0,cycles,DSP,yolov8l-simplified-modified
77564334435,FORWARD_PROPAGATE_LAYER,101,/model.6/m.0/cv1/act/Mul:OpId_604 (cycles),88095,cycles,DSP,yolov8l-simplified-modified
77564334435,FORWARD_PROPAGATE_LAYER,102,/model.6/m.0/cv2/conv/Conv:OpId_613 (cycles),100945,cycles,DSP,yolov8l-simplified-modified
77564334435,FORWARD_PROPAGATE_LAYER,103,/model.6/m.0/cv2/act/Sigmoid:OpId_616 (cycles),0,cycles,DSP,yolov8l-simplified-modified
77564334435,FORWARD_PROPAGATE_LAYER,104,/model.6/m.0/cv2/act/Mul:OpId_623 (cycles),83665,cycles,DSP,yolov8l-simplified-modified
77564334435,FORWARD_PROPAGATE_LAYER,105,/model.6/m.0/Add:OpId_625 (cycles),57392,cycles,DSP,yolov8l-simplified-modified
77564334435,FORWARD_PROPAGATE_LAYER,106,/model.6/m.1/cv1/conv/Conv:OpId_634 (cycles),102044,cycles,DSP,yolov8l-simplified-modified
77564334435,FORWARD_PROPAGATE_LAYER,107,/model.6/m.1/cv1/act/Sigmoid:OpId_637 (cycles),0,cycles,DSP,yolov8l-simplified-modified
77564334435,FORWARD_PROPAGATE_LAYER,108,/model.6/m.1/cv1/act/Mul:OpId_644 (cycles),90525,cycles,DSP,yolov8l-simplified-modified
77564334435,FORWARD_PROPAGATE_LAYER,109,/model.6/m.1/cv2/conv/Conv:OpId_653 (cycles),89278,cycles,DSP,yolov8l-simplified-modified
77564334435,FORWARD_PROPAGATE_LAYER,110,/model.6/m.1/cv2/act/Sigmoid:OpId_656 (cycles),0,cycles,DSP,yolov8l-simplified-modified
77564334435,FORWARD_PROPAGATE_LAYER,111,/model.6/m.1/cv2/act/Mul:OpId_663 (cycles),83691,cycles,DSP,yolov8l-simplified-modified
77564334435,FORWARD_PROPAGATE_LAYER,112,/model.6/m.1/Add:OpId_665 (cycles),54842,cycles,DSP,yolov8l-simplified-modified
77564334435,FORWARD_PROPAGATE_LAYER,113,/model.6/m.2/cv1/conv/Conv:OpId_674 (cycles),101877,cycles,DSP,yolov8l-simplified-modified
77564334435,FORWARD_PROPAGATE_LAYER,114,/model.6/m.2/cv1/act/Sigmoid:OpId_677 (cycles),0,cycles,DSP,yolov8l-simplified-modified
77564334435,FORWARD_PROPAGATE_LAYER,115,/model.6/m.2/cv1/act/Mul:OpId_684 (cycles),88833,cycles,DSP,yolov8l-simplified-modified
77564334435,FORWARD_PROPAGATE_LAYER,116,/model.6/m.2/cv2/conv/Conv:OpId_693 (cycles),86871,cycles,DSP,yolov8l-simplified-modified
77564334435,FORWARD_PROPAGATE_LAYER,117,/model.6/m.2/cv2/act/Sigmoid:OpId_696 (cycles),0,cycles,DSP,yolov8l-simplified-modified
77564334435,FORWARD_PROPAGATE_LAYER,118,/model.6/m.2/cv2/act/Mul:OpId_703 (cycles),81257,cycles,DSP,yolov8l-simplified-modified
77564334435,FORWARD_PROPAGATE_LAYER,119,/model.6/m.2/Add:OpId_705 (cycles),55256,cycles,DSP,yolov8l-simplified-modified
77564334435,FORWARD_PROPAGATE_LAYER,120,/model.6/m.3/cv1/conv/Conv:OpId_714 (cycles),101911,cycles,DSP,yolov8l-simplified-modified
77564334435,FORWARD_PROPAGATE_LAYER,121,/model.6/m.3/cv1/act/Sigmoid:OpId_717 (cycles),0,cycles,DSP,yolov8l-simplified-modified
77564334435,FORWARD_PROPAGATE_LAYER,122,/model.6/m.3/cv1/act/Mul:OpId_724 (cycles),87016,cycles,DSP,yolov8l-simplified-modified
77564334435,FORWARD_PROPAGATE_LAYER,123,/model.6/m.3/cv2/conv/Conv:OpId_733 (cycles),101410,cycles,DSP,yolov8l-simplified-modified
77564334435,FORWARD_PROPAGATE_LAYER,124,/model.6/m.3/cv2/act/Sigmoid:OpId_736 (cycles),0,cycles,DSP,yolov8l-simplified-modified
77564334435,FORWARD_PROPAGATE_LAYER,125,/model.6/m.3/cv2/act/Mul:OpId_743 (cycles),84875,cycles,DSP,yolov8l-simplified-modified
77564334435,FORWARD_PROPAGATE_LAYER,126,/model.6/m.3/Add:OpId_745 (cycles),57379,cycles,DSP,yolov8l-simplified-modified
77564334435,FORWARD_PROPAGATE_LAYER,127,/model.6/m.4/cv1/conv/Conv:OpId_754 (cycles),102050,cycles,DSP,yolov8l-simplified-modified
77564334435,FORWARD_PROPAGATE_LAYER,128,/model.6/m.4/cv1/act/Sigmoid:OpId_757 (cycles),0,cycles,DSP,yolov8l-simplified-modified
77564334435,FORWARD_PROPAGATE_LAYER,129,/model.6/m.4/cv1/act/Mul:OpId_764 (cycles),89576,cycles,DSP,yolov8l-simplified-modified
77564334435,FORWARD_PROPAGATE_LAYER,130,/model.6/m.4/cv2/conv/Conv:OpId_773 (cycles),90752,cycles,DSP,yolov8l-simplified-modified
77564334435,FORWARD_PROPAGATE_LAYER,131,/model.6/m.4/cv2/act/Sigmoid:OpId_776 (cycles),0,cycles,DSP,yolov8l-simplified-modified
77564334435,FORWARD_PROPAGATE_LAYER,132,/model.6/m.4/cv2/act/Mul:OpId_783 (cycles),83616,cycles,DSP,yolov8l-simplified-modified
77564334435,FORWARD_PROPAGATE_LAYER,133,/model.6/m.4/Add:OpId_785 (cycles),68458,cycles,DSP,yolov8l-simplified-modified
77564334435,FORWARD_PROPAGATE_LAYER,134,/model.6/m.5/cv1/conv/Conv:OpId_794 (cycles),117148,cycles,DSP,yolov8l-simplified-modified
77564334435,FORWARD_PROPAGATE_LAYER,135,/model.6/m.5/cv1/act/Sigmoid:OpId_797 (cycles),0,cycles,DSP,yolov8l-simplified-modified
77564334435,FORWARD_PROPAGATE_LAYER,136,/model.6/m.5/cv1/act/Mul:OpId_804 (cycles),84310,cycles,DSP,yolov8l-simplified-modified
77564334435,FORWARD_PROPAGATE_LAYER,137,/model.6/m.5/cv2/conv/Conv:OpId_813 (cycles),86082,cycles,DSP,yolov8l-simplified-modified
77564334435,FORWARD_PROPAGATE_LAYER,138,/model.6/m.5/cv2/act/Sigmoid:OpId_816 (cycles),0,cycles,DSP,yolov8l-simplified-modified
77564334435,FORWARD_PROPAGATE_LAYER,139,/model.6/m.5/cv2/act/Mul:OpId_823 (cycles),84140,cycles,DSP,yolov8l-simplified-modified
77564334435,FORWARD_PROPAGATE_LAYER,140,/model.6/m.5/Add:OpId_825 (cycles),29749,cycles,DSP,yolov8l-simplified-modified
77564334435,FORWARD_PROPAGATE_LAYER,141,/model.6/Concat:OpId_827 (cycles),0,cycles,DSP,yolov8l-simplified-modified
77564334435,FORWARD_PROPAGATE_LAYER,142,/model.6/cv2/conv/Conv:OpId_836 (cycles),139858,cycles,DSP,yolov8l-simplified-modified
77564334435,FORWARD_PROPAGATE_LAYER,143,/model.6/cv2/act/Sigmoid:OpId_839 (cycles),0,cycles,DSP,yolov8l-simplified-modified
77564334435,FORWARD_PROPAGATE_LAYER,144,/model.6/cv2/act/Mul:OpId_846 (cycles),302953,cycles,DSP,yolov8l-simplified-modified
77564334435,FORWARD_PROPAGATE_LAYER,145,/model.7/conv/Conv:OpId_855 (cycles),227230,cycles,DSP,yolov8l-simplified-modified
77564334435,FORWARD_PROPAGATE_LAYER,146,/model.7/act/Sigmoid:OpId_858 (cycles),0,cycles,DSP,yolov8l-simplified-modified
77564334435,FORWARD_PROPAGATE_LAYER,147,/model.7/act/Mul:OpId_865 (cycles),43630,cycles,DSP,yolov8l-simplified-modified
77564334435,FORWARD_PROPAGATE_LAYER,148,/model.8/cv1/conv/Conv:OpId_874 (cycles),13533,cycles,DSP,yolov8l-simplified-modified
77564334435,FORWARD_PROPAGATE_LAYER,149,/model.8/cv1/act/Sigmoid:OpId_877 (cycles),0,cycles,DSP,yolov8l-simplified-modified
77564334435,FORWARD_PROPAGATE_LAYER,150,/model.8/cv1/act/Mul:OpId_884 (cycles),40577,cycles,DSP,yolov8l-simplified-modified
77564334435,FORWARD_PROPAGATE_LAYER,151,/model.8/Slice:OpId_887 (cycles),8206,cycles,DSP,yolov8l-simplified-modified
77564334435,FORWARD_PROPAGATE_LAYER,152,/model.8/Slice_1:OpId_893 (cycles),8908,cycles,DSP,yolov8l-simplified-modified
77564334435,FORWARD_PROPAGATE_LAYER,153,/model.8/m.0/cv1/conv/Conv:OpId_905 (cycles),45667,cycles,DSP,yolov8l-simplified-modified
77564334435,FORWARD_PROPAGATE_LAYER,154,/model.8/m.0/cv1/act/Sigmoid:OpId_908 (cycles),0,cycles,DSP,yolov8l-simplified-modified
77564334435,FORWARD_PROPAGATE_LAYER,155,/model.8/m.0/cv1/act/Mul:OpId_915 (cycles),26477,cycles,DSP,yolov8l-simplified-modified
77564334435,FORWARD_PROPAGATE_LAYER,156,/model.8/m.0/cv2/conv/Conv:OpId_924 (cycles),38554,cycles,DSP,yolov8l-simplified-modified
77564334435,FORWARD_PROPAGATE_LAYER,157,/model.8/m.0/cv2/act/Sigmoid:OpId_927 (cycles),0,cycles,DSP,yolov8l-simplified-modified
77564334435,FORWARD_PROPAGATE_LAYER,158,/model.8/m.0/cv2/act/Mul:OpId_934 (cycles),27711,cycles,DSP,yolov8l-simplified-modified
77564334435,FORWARD_PROPAGATE_LAYER,159,/model.8/m.0/Add:OpId_936 (cycles),20871,cycles,DSP,yolov8l-simplified-modified
77564334435,FORWARD_PROPAGATE_LAYER,160,/model.8/m.1/cv1/conv/Conv:OpId_945 (cycles),39631,cycles,DSP,yolov8l-simplified-modified
77564334435,FORWARD_PROPAGATE_LAYER,161,/model.8/m.1/cv1/act/Sigmoid:OpId_948 (cycles),0,cycles,DSP,yolov8l-simplified-modified
77564334435,FORWARD_PROPAGATE_LAYER,162,/model.8/m.1/cv1/act/Mul:OpId_955 (cycles),28298,cycles,DSP,yolov8l-simplified-modified
77564334435,FORWARD_PROPAGATE_LAYER,163,/model.8/m.1/cv2/conv/Conv:OpId_964 (cycles),36842,cycles,DSP,yolov8l-simplified-modified
77564334435,FORWARD_PROPAGATE_LAYER,164,/model.8/m.1/cv2/act/Sigmoid:OpId_967 (cycles),0,cycles,DSP,yolov8l-simplified-modified
77564334435,FORWARD_PROPAGATE_LAYER,165,/model.8/m.1/cv2/act/Mul:OpId_974 (cycles),28343,cycles,DSP,yolov8l-simplified-modified
77564334435,FORWARD_PROPAGATE_LAYER,166,/model.8/m.1/Add:OpId_976 (cycles),20874,cycles,DSP,yolov8l-simplified-modified
77564334435,FORWARD_PROPAGATE_LAYER,167,/model.8/m.2/cv1/conv/Conv:OpId_985 (cycles),38235,cycles,DSP,yolov8l-simplified-modified
77564334435,FORWARD_PROPAGATE_LAYER,168,/model.8/m.2/cv1/act/Sigmoid:OpId_988 (cycles),0,cycles,DSP,yolov8l-simplified-modified
77564334435,FORWARD_PROPAGATE_LAYER,169,/model.8/m.2/cv1/act/Mul:OpId_995 (cycles),29443,cycles,DSP,yolov8l-simplified-modified
77564334435,FORWARD_PROPAGATE_LAYER,170,/model.8/m.2/cv2/conv/Conv:OpId_1004 (cycles),37499,cycles,DSP,yolov8l-simplified-modified
77564334435,FORWARD_PROPAGATE_LAYER,171,/model.8/m.2/cv2/act/Sigmoid:OpId_1007 (cycles),0,cycles,DSP,yolov8l-simplified-modified
77564334435,FORWARD_PROPAGATE_LAYER,172,/model.8/m.2/cv2/act/Mul:OpId_1014 (cycles),28753,cycles,DSP,yolov8l-simplified-modified
77564334435,FORWARD_PROPAGATE_LAYER,173,/model.8/m.2/Add:OpId_1016 (cycles),10664,cycles,DSP,yolov8l-simplified-modified
77564334435,FORWARD_PROPAGATE_LAYER,174,/model.8/Concat:OpId_1018 (cycles),0,cycles,DSP,yolov8l-simplified-modified
77564334435,FORWARD_PROPAGATE_LAYER,175,/model.8/cv2/conv/Conv:OpId_1027 (cycles),32062,cycles,DSP,yolov8l-simplified-modified
77564334435,FORWARD_PROPAGATE_LAYER,176,/model.8/cv2/act/Sigmoid:OpId_1030 (cycles),0,cycles,DSP,yolov8l-simplified-modified
77564334435,FORWARD_PROPAGATE_LAYER,177,/model.8/cv2/act/Mul:OpId_1037 (cycles),48786,cycles,DSP,yolov8l-simplified-modified
77564334435,FORWARD_PROPAGATE_LAYER,178,/model.9/cv1/conv/Conv:OpId_1046 (cycles),7222,cycles,DSP,yolov8l-simplified-modified
77564334435,FORWARD_PROPAGATE_LAYER,179,/model.9/cv1/act/Sigmoid:OpId_1049 (cycles),0,cycles,DSP,yolov8l-simplified-modified
77564334435,FORWARD_PROPAGATE_LAYER,180,/model.9/cv1/act/Mul:OpId_1056 (cycles),21930,cycles,DSP,yolov8l-simplified-modified
77564334435,FORWARD_PROPAGATE_LAYER,181,/model.9/m/MaxPool:OpId_1061 (cycles),54942,cycles,DSP,yolov8l-simplified-modified
77564334435,FORWARD_PROPAGATE_LAYER,182,/model.9/m_1/MaxPool:OpId_1066 (cycles),35660,cycles,DSP,yolov8l-simplified-modified
77564334435,FORWARD_PROPAGATE_LAYER,183,/model.9/m_2/MaxPool:OpId_1071 (cycles),42378,cycles,DSP,yolov8l-simplified-modified
77564334435,FORWARD_PROPAGATE_LAYER,184,/model.9/Concat:OpId_1073 (cycles),0,cycles,DSP,yolov8l-simplified-modified
77564334435,FORWARD_PROPAGATE_LAYER,185,/model.9/cv2/conv/Conv:OpId_1082 (cycles),26338,cycles,DSP,yolov8l-simplified-modified
77564334435,FORWARD_PROPAGATE_LAYER,186,/model.9/cv2/act/Sigmoid:OpId_1085 (cycles),0,cycles,DSP,yolov8l-simplified-modified
77564334435,FORWARD_PROPAGATE_LAYER,187,/model.9/cv2/act/Mul:OpId_1092 (cycles),84525,cycles,DSP,yolov8l-simplified-modified
77564334435,FORWARD_PROPAGATE_LAYER,188,/model.10/Resize:OpId_1094 (cycles),71148,cycles,DSP,yolov8l-simplified-modified
77564334435,FORWARD_PROPAGATE_LAYER,189,/model.11/Concat:OpId_1097 (cycles),0,cycles,DSP,yolov8l-simplified-modified
77564334435,FORWARD_PROPAGATE_LAYER,190,/model.12/cv1/conv/Conv:OpId_1106 (cycles),71222,cycles,DSP,yolov8l-simplified-modified
77564334435,FORWARD_PROPAGATE_LAYER,191,/model.12/cv1/act/Sigmoid:OpId_1109 (cycles),0,cycles,DSP,yolov8l-simplified-modified
77564334435,FORWARD_PROPAGATE_LAYER,192,/model.12/cv1/act/Mul:OpId_1116 (cycles),130405,cycles,DSP,yolov8l-simplified-modified
77564334435,FORWARD_PROPAGATE_LAYER,193,/model.12/Slice:OpId_1119 (cycles),20444,cycles,DSP,yolov8l-simplified-modified
77564334435,FORWARD_PROPAGATE_LAYER,194,/model.12/Slice_1:OpId_1125 (cycles),22975,cycles,DSP,yolov8l-simplified-modified
77564334435,FORWARD_PROPAGATE_LAYER,195,/model.12/m.0/cv1/conv/Conv:OpId_1137 (cycles),86367,cycles,DSP,yolov8l-simplified-modified
77564334435,FORWARD_PROPAGATE_LAYER,196,/model.12/m.0/cv1/act/Sigmoid:OpId_1140 (cycles),0,cycles,DSP,yolov8l-simplified-modified
77564334435,FORWARD_PROPAGATE_LAYER,197,/model.12/m.0/cv1/act/Mul:OpId_1147 (cycles),86879,cycles,DSP,yolov8l-simplified-modified
77564334435,FORWARD_PROPAGATE_LAYER,198,/model.12/m.0/cv2/conv/Conv:OpId_1156 (cycles),87978,cycles,DSP,yolov8l-simplified-modified
77564334435,FORWARD_PROPAGATE_LAYER,199,/model.12/m.0/cv2/act/Sigmoid:OpId_1159 (cycles),0,cycles,DSP,yolov8l-simplified-modified
77564334435,FORWARD_PROPAGATE_LAYER,200,/model.12/m.0/cv2/act/Mul:OpId_1166 (cycles),158690,cycles,DSP,yolov8l-simplified-modified
77564334435,FORWARD_PROPAGATE_LAYER,201,/model.12/m.1/cv1/conv/Conv:OpId_1175 (cycles),86399,cycles,DSP,yolov8l-simplified-modified
77564334435,FORWARD_PROPAGATE_LAYER,202,/model.12/m.1/cv1/act/Sigmoid:OpId_1178 (cycles),0,cycles,DSP,yolov8l-simplified-modified
77564334435,FORWARD_PROPAGATE_LAYER,203,/model.12/m.1/cv1/act/Mul:OpId_1185 (cycles),85015,cycles,DSP,yolov8l-simplified-modified
77564334435,FORWARD_PROPAGATE_LAYER,204,/model.12/m.1/cv2/conv/Conv:OpId_1194 (cycles),92055,cycles,DSP,yolov8l-simplified-modified
77564334435,FORWARD_PROPAGATE_LAYER,205,/model.12/m.1/cv2/act/Sigmoid:OpId_1197 (cycles),0,cycles,DSP,yolov8l-simplified-modified
77564334435,FORWARD_PROPAGATE_LAYER,206,/model.12/m.1/cv2/act/Mul:OpId_1204 (cycles),165962,cycles,DSP,yolov8l-simplified-modified
77564334435,FORWARD_PROPAGATE_LAYER,207,/model.12/m.2/cv1/conv/Conv:OpId_1213 (cycles),86528,cycles,DSP,yolov8l-simplified-modified
77564334435,FORWARD_PROPAGATE_LAYER,208,/model.12/m.2/cv1/act/Sigmoid:OpId_1216 (cycles),0,cycles,DSP,yolov8l-simplified-modified
77564334435,FORWARD_PROPAGATE_LAYER,209,/model.12/m.2/cv1/act/Mul:OpId_1223 (cycles),82098,cycles,DSP,yolov8l-simplified-modified
77564334435,FORWARD_PROPAGATE_LAYER,210,/model.12/m.2/cv2/conv/Conv:OpId_1232 (cycles),92314,cycles,DSP,yolov8l-simplified-modified
77564334435,FORWARD_PROPAGATE_LAYER,211,/model.12/m.2/cv2/act/Sigmoid:OpId_1235 (cycles),0,cycles,DSP,yolov8l-simplified-modified
77564334435,FORWARD_PROPAGATE_LAYER,212,/model.12/m.2/cv2/act/Mul:OpId_1242 (cycles),81179,cycles,DSP,yolov8l-simplified-modified
77564334435,FORWARD_PROPAGATE_LAYER,213,/model.12/Concat:OpId_1244 (cycles),0,cycles,DSP,yolov8l-simplified-modified
77564334435,FORWARD_PROPAGATE_LAYER,214,/model.12/cv2/conv/Conv:OpId_1253 (cycles),73962,cycles,DSP,yolov8l-simplified-modified
77564334435,FORWARD_PROPAGATE_LAYER,215,/model.12/cv2/act/Sigmoid:OpId_1256 (cycles),0,cycles,DSP,yolov8l-simplified-modified
77564334435,FORWARD_PROPAGATE_LAYER,216,/model.12/cv2/act/Mul:OpId_1263 (cycles),141125,cycles,DSP,yolov8l-simplified-modified
77564334435,FORWARD_PROPAGATE_LAYER,217,/model.13/Resize:OpId_1265 (cycles),123956,cycles,DSP,yolov8l-simplified-modified
77564334435,FORWARD_PROPAGATE_LAYER,218,/model.14/Concat:OpId_1268 (cycles),0,cycles,DSP,yolov8l-simplified-modified
77564334435,FORWARD_PROPAGATE_LAYER,219,/model.15/cv1/conv/Conv:OpId_1277 (cycles),97081,cycles,DSP,yolov8l-simplified-modified
77564334435,FORWARD_PROPAGATE_LAYER,220,/model.15/cv1/act/Sigmoid:OpId_1280 (cycles),0,cycles,DSP,yolov8l-simplified-modified
77564334435,FORWARD_PROPAGATE_LAYER,221,/model.15/cv1/act/Mul:OpId_1287 (cycles),247415,cycles,DSP,yolov8l-simplified-modified
77564334435,FORWARD_PROPAGATE_LAYER,222,/model.15/Slice:OpId_1290 (cycles),55454,cycles,DSP,yolov8l-simplified-modified
77564334435,FORWARD_PROPAGATE_LAYER,223,/model.15/Slice_1:OpId_1296 (cycles),50166,cycles,DSP,yolov8l-simplified-modified
77564334435,FORWARD_PROPAGATE_LAYER,224,/model.15/m.0/cv1/conv/Conv:OpId_1308 (cycles),86182,cycles,DSP,yolov8l-simplified-modified
77564334435,FORWARD_PROPAGATE_LAYER,225,/model.15/m.0/cv1/act/Sigmoid:OpId_1311 (cycles),0,cycles,DSP,yolov8l-simplified-modified
77564334435,FORWARD_PROPAGATE_LAYER,226,/model.15/m.0/cv1/act/Mul:OpId_1318 (cycles),141059,cycles,DSP,yolov8l-simplified-modified
77564334435,FORWARD_PROPAGATE_LAYER,227,/model.15/m.0/cv2/conv/Conv:OpId_1327 (cycles),80360,cycles,DSP,yolov8l-simplified-modified
77564334435,FORWARD_PROPAGATE_LAYER,228,/model.15/m.0/cv2/act/Sigmoid:OpId_1330 (cycles),0,cycles,DSP,yolov8l-simplified-modified
77564334435,FORWARD_PROPAGATE_LAYER,229,/model.15/m.0/cv2/act/Mul:OpId_1337 (cycles),274021,cycles,DSP,yolov8l-simplified-modified
77564334435,FORWARD_PROPAGATE_LAYER,230,/model.15/m.1/cv1/conv/Conv:OpId_1346 (cycles),81255,cycles,DSP,yolov8l-simplified-modified
77564334435,FORWARD_PROPAGATE_LAYER,231,/model.15/m.1/cv1/act/Sigmoid:OpId_1349 (cycles),0,cycles,DSP,yolov8l-simplified-modified
77564334435,FORWARD_PROPAGATE_LAYER,232,/model.15/m.1/cv1/act/Mul:OpId_1356 (cycles),159408,cycles,DSP,yolov8l-simplified-modified
77564334435,FORWARD_PROPAGATE_LAYER,233,/model.15/m.1/cv2/conv/Conv:OpId_1365 (cycles),89198,cycles,DSP,yolov8l-simplified-modified
77564334435,FORWARD_PROPAGATE_LAYER,234,/model.15/m.1/cv2/act/Sigmoid:OpId_1368 (cycles),0,cycles,DSP,yolov8l-simplified-modified
77564334435,FORWARD_PROPAGATE_LAYER,235,/model.15/m.1/cv2/act/Mul:OpId_1375 (cycles),331503,cycles,DSP,yolov8l-simplified-modified
77564334435,FORWARD_PROPAGATE_LAYER,236,/model.15/m.2/cv1/conv/Conv:OpId_1384 (cycles),89384,cycles,DSP,yolov8l-simplified-modified
77564334435,FORWARD_PROPAGATE_LAYER,237,/model.15/m.2/cv1/act/Sigmoid:OpId_1387 (cycles),0,cycles,DSP,yolov8l-simplified-modified
77564334435,FORWARD_PROPAGATE_LAYER,238,/model.15/m.2/cv1/act/Mul:OpId_1394 (cycles),156217,cycles,DSP,yolov8l-simplified-modified
77564334435,FORWARD_PROPAGATE_LAYER,239,/model.15/m.2/cv2/conv/Conv:OpId_1403 (cycles),80457,cycles,DSP,yolov8l-simplified-modified
77564334435,FORWARD_PROPAGATE_LAYER,240,/model.15/m.2/cv2/act/Sigmoid:OpId_1406 (cycles),0,cycles,DSP,yolov8l-simplified-modified
77564334435,FORWARD_PROPAGATE_LAYER,241,/model.15/m.2/cv2/act/Mul:OpId_1413 (cycles),157099,cycles,DSP,yolov8l-simplified-modified
77564334435,FORWARD_PROPAGATE_LAYER,242,/model.15/Concat:OpId_1415 (cycles),0,cycles,DSP,yolov8l-simplified-modified
77564334435,FORWARD_PROPAGATE_LAYER,243,/model.15/cv2/conv/Conv:OpId_1424 (cycles),83046,cycles,DSP,yolov8l-simplified-modified
77564334435,FORWARD_PROPAGATE_LAYER,244,/model.15/cv2/act/Sigmoid:OpId_1427 (cycles),0,cycles,DSP,yolov8l-simplified-modified
77564334435,FORWARD_PROPAGATE_LAYER,245,/model.15/cv2/act/Mul:OpId_1434 (cycles),315891,cycles,DSP,yolov8l-simplified-modified
77564334435,FORWARD_PROPAGATE_LAYER,246,/model.16/conv/Conv:OpId_1443 (cycles),201155,cycles,DSP,yolov8l-simplified-modified
77564334435,FORWARD_PROPAGATE_LAYER,247,/model.22/cv2.0/cv2.0.0/conv/Conv:OpId_1453 (cycles),75642,cycles,DSP,yolov8l-simplified-modified
77564334435,FORWARD_PROPAGATE_LAYER,248,/model.22/cv3.0/cv3.0.0/conv/Conv:OpId_1463 (cycles),295253,cycles,DSP,yolov8l-simplified-modified
77564334435,FORWARD_PROPAGATE_LAYER,249,/model.16/act/Sigmoid:OpId_1466 (cycles),0,cycles,DSP,yolov8l-simplified-modified
77564334435,FORWARD_PROPAGATE_LAYER,250,/model.22/cv2.0/cv2.0.0/act/Sigmoid:OpId_1473 (cycles),0,cycles,DSP,yolov8l-simplified-modified
77564334435,FORWARD_PROPAGATE_LAYER,251,/model.22/cv3.0/cv3.0.0/act/Sigmoid:OpId_1480 (cycles),0,cycles,DSP,yolov8l-simplified-modified
77564334435,FORWARD_PROPAGATE_LAYER,252,/model.16/act/Mul:OpId_1487 (cycles),71006,cycles,DSP,yolov8l-simplified-modified
77564334435,FORWARD_PROPAGATE_LAYER,253,/model.22/cv2.0/cv2.0.0/act/Mul:OpId_1489 (cycles),90583,cycles,DSP,yolov8l-simplified-modified
77564334435,FORWARD_PROPAGATE_LAYER,254,/model.22/cv3.0/cv3.0.0/act/Mul:OpId_1491 (cycles),336230,cycles,DSP,yolov8l-simplified-modified
77564334435,FORWARD_PROPAGATE_LAYER,255,/model.17/Concat:OpId_1493 (cycles),0,cycles,DSP,yolov8l-simplified-modified
77564334435,FORWARD_PROPAGATE_LAYER,256,/model.22/cv2.0/cv2.0.1/conv/Conv:OpId_1502 (cycles),21961,cycles,DSP,yolov8l-simplified-modified
77564334435,FORWARD_PROPAGATE_LAYER,257,/model.22/cv3.0/cv3.0.1/conv/Conv:OpId_1512 (cycles),328794,cycles,DSP,yolov8l-simplified-modified
77564334435,FORWARD_PROPAGATE_LAYER,258,/model.18/cv1/conv/Conv:OpId_1522 (cycles),51581,cycles,DSP,yolov8l-simplified-modified
77564334435,FORWARD_PROPAGATE_LAYER,259,/model.22/cv2.0/cv2.0.1/act/Sigmoid:OpId_1525 (cycles),0,cycles,DSP,yolov8l-simplified-modified
77564334435,FORWARD_PROPAGATE_LAYER,260,/model.22/cv3.0/cv3.0.1/act/Sigmoid:OpId_1532 (cycles),0,cycles,DSP,yolov8l-simplified-modified
77564334435,FORWARD_PROPAGATE_LAYER,261,/model.18/cv1/act/Sigmoid:OpId_1539 (cycles),0,cycles,DSP,yolov8l-simplified-modified
77564334435,FORWARD_PROPAGATE_LAYER,262,/model.22/cv2.0/cv2.0.1/act/Mul:OpId_1546 (cycles),80423,cycles,DSP,yolov8l-simplified-modified
77564334435,FORWARD_PROPAGATE_LAYER,263,/model.22/cv3.0/cv3.0.1/act/Mul:OpId_1548 (cycles),335731,cycles,DSP,yolov8l-simplified-modified
77564334435,FORWARD_PROPAGATE_LAYER,264,/model.18/cv1/act/Mul:OpId_1550 (cycles),137535,cycles,DSP,yolov8l-simplified-modified
77564334435,FORWARD_PROPAGATE_LAYER,265,/model.22/cv2.0/cv2.0.2/Conv:OpId_1559 (cycles),4876,cycles,DSP,yolov8l-simplified-modified
77564334435,FORWARD_PROPAGATE_LAYER,266,/model.22/cv2.0/cv2.0.2/Conv_output_0.nchw:OpId_1563 (cycles),223833,cycles,DSP,yolov8l-simplified-modified
77564334435,FORWARD_PROPAGATE_LAYER,267,/model.22/cv3.0/cv3.0.2/Conv:OpId_1571 (cycles),213011,cycles,DSP,yolov8l-simplified-modified
77564334435,FORWARD_PROPAGATE_LAYER,268,/model.18/Slice:OpId_1575 (cycles),25040,cycles,DSP,yolov8l-simplified-modified
77564334435,FORWARD_PROPAGATE_LAYER,269,/model.18/Slice_1:OpId_1581 (cycles),23788,cycles,DSP,yolov8l-simplified-modified
77564334435,FORWARD_PROPAGATE_LAYER,270,/model.22/Reshape:OpId_1586 (cycles),30419,cycles,DSP,yolov8l-simplified-modified
77564334435,FORWARD_PROPAGATE_LAYER,271,/model.22/Sigmoid:OpId_1587 (cycles),330907,cycles,DSP,yolov8l-simplified-modified
77564334435,FORWARD_PROPAGATE_LAYER,272,/model.18/m.0/cv1/conv/Conv:OpId_1601 (cycles),87940,cycles,DSP,yolov8l-simplified-modified
77564334435,FORWARD_PROPAGATE_LAYER,273,/model.22/Transpose:OpId_1605 (cycles),108857,cycles,DSP,yolov8l-simplified-modified
77564334435,FORWARD_PROPAGATE_LAYER,274,/model.22/ReduceMax:OpId_1607 (cycles),231904,cycles,DSP,yolov8l-simplified-modified
77564334435,FORWARD_PROPAGATE_LAYER,275,/model.18/m.0/cv1/act/Sigmoid:OpId_1609 (cycles),0,cycles,DSP,yolov8l-simplified-modified
77564334435,FORWARD_PROPAGATE_LAYER,276,/model.22/Softmax:OpId_1616 (cycles),516930,cycles,DSP,yolov8l-simplified-modified
77564334435,FORWARD_PROPAGATE_LAYER,277,/model.18/m.0/cv1/act/Mul:OpId_1619 (cycles),88023,cycles,DSP,yolov8l-simplified-modified
77564334435,FORWARD_PROPAGATE_LAYER,278,/model.22/Transpose_1:OpId_1622 (cycles),36288,cycles,DSP,yolov8l-simplified-modified
77564334435,FORWARD_PROPAGATE_LAYER,279,/model.18/m.0/cv2/conv/Conv:OpId_1630 (cycles),89377,cycles,DSP,yolov8l-simplified-modified
77564334435,FORWARD_PROPAGATE_LAYER,280,/model.22/proj_conv/Conv:OpId_1640 (cycles),11384,cycles,DSP,yolov8l-simplified-modified
77564334435,FORWARD_PROPAGATE_LAYER,281,/model.18/m.0/cv2/act/Sigmoid:OpId_1643 (cycles),0,cycles,DSP,yolov8l-simplified-modified
77564334435,FORWARD_PROPAGATE_LAYER,282,/model.22/Gather_output_0_pre_reshape.nchw:OpId_1651 (cycles),0,cycles,DSP,yolov8l-simplified-modified
77564334435,FORWARD_PROPAGATE_LAYER,283,Reshape_post_/model.22/Gather:OpId_1652 (cycles),56444,cycles,DSP,yolov8l-simplified-modified
77564334435,FORWARD_PROPAGATE_LAYER,284,/model.22/Reshape_1_output_0.nhwc:OpId_1654 (cycles),15663,cycles,DSP,yolov8l-simplified-modified
77564334435,FORWARD_PROPAGATE_LAYER,285,/model.18/m.0/cv2/act/Mul:OpId_1655 (cycles),181354,cycles,DSP,yolov8l-simplified-modified
77564334435,FORWARD_PROPAGATE_LAYER,286,/model.18/m.1/cv1/conv/Conv:OpId_1664 (cycles),103168,cycles,DSP,yolov8l-simplified-modified
77564334435,FORWARD_PROPAGATE_LAYER,287,/model.22/Concat:OpId_1667 (cycles),80932,cycles,DSP,yolov8l-simplified-modified
77564334435,FORWARD_PROPAGATE_LAYER,288,/model.18/m.1/cv1/act/Sigmoid:OpId_1669 (cycles),0,cycles,DSP,yolov8l-simplified-modified
77564334435,FORWARD_PROPAGATE_LAYER,289,/model.18/m.1/cv1/act/Mul:OpId_1676 (cycles),88360,cycles,DSP,yolov8l-simplified-modified
77564334435,FORWARD_PROPAGATE_LAYER,290,/model.18/m.1/cv2/conv/Conv:OpId_1685 (cycles),90499,cycles,DSP,yolov8l-simplified-modified
77564334435,FORWARD_PROPAGATE_LAYER,291,/model.18/m.1/cv2/act/Sigmoid:OpId_1688 (cycles),0,cycles,DSP,yolov8l-simplified-modified
77564334435,FORWARD_PROPAGATE_LAYER,292,/model.18/m.1/cv2/act/Mul:OpId_1695 (cycles),182321,cycles,DSP,yolov8l-simplified-modified
77564334435,FORWARD_PROPAGATE_LAYER,293,/model.18/m.2/cv1/conv/Conv:OpId_1704 (cycles),100386,cycles,DSP,yolov8l-simplified-modified
77564334435,FORWARD_PROPAGATE_LAYER,294,/model.18/m.2/cv1/act/Sigmoid:OpId_1707 (cycles),0,cycles,DSP,yolov8l-simplified-modified
77564334435,FORWARD_PROPAGATE_LAYER,295,/model.18/m.2/cv1/act/Mul:OpId_1714 (cycles),88394,cycles,DSP,yolov8l-simplified-modified
77564334435,FORWARD_PROPAGATE_LAYER,296,/model.18/m.2/cv2/conv/Conv:OpId_1723 (cycles),92683,cycles,DSP,yolov8l-simplified-modified
77564334435,FORWARD_PROPAGATE_LAYER,297,/model.18/m.2/cv2/act/Sigmoid:OpId_1726 (cycles),0,cycles,DSP,yolov8l-simplified-modified
77564334435,FORWARD_PROPAGATE_LAYER,298,/model.18/m.2/cv2/act/Mul:OpId_1733 (cycles),88051,cycles,DSP,yolov8l-simplified-modified
77564334435,FORWARD_PROPAGATE_LAYER,299,/model.18/Concat:OpId_1735 (cycles),0,cycles,DSP,yolov8l-simplified-modified
77564334435,FORWARD_PROPAGATE_LAYER,300,/model.18/cv2/conv/Conv:OpId_1744 (cycles),87500,cycles,DSP,yolov8l-simplified-modified
77564334435,FORWARD_PROPAGATE_LAYER,301,/model.18/cv2/act/Sigmoid:OpId_1747 (cycles),0,cycles,DSP,yolov8l-simplified-modified
77564334435,FORWARD_PROPAGATE_LAYER,302,/model.18/cv2/act/Mul:OpId_1754 (cycles),161487,cycles,DSP,yolov8l-simplified-modified
77564334435,FORWARD_PROPAGATE_LAYER,303,/model.19/conv/Conv:OpId_1763 (cycles),220801,cycles,DSP,yolov8l-simplified-modified
77564334435,FORWARD_PROPAGATE_LAYER,304,/model.22/cv2.1/cv2.1.0/conv/Conv:OpId_1773 (cycles),44123,cycles,DSP,yolov8l-simplified-modified
77564334435,FORWARD_PROPAGATE_LAYER,305,/model.22/cv3.1/cv3.1.0/conv/Conv:OpId_1783 (cycles),174119,cycles,DSP,yolov8l-simplified-modified
77564334435,FORWARD_PROPAGATE_LAYER,306,/model.19/act/Sigmoid:OpId_1786 (cycles),0,cycles,DSP,yolov8l-simplified-modified
77564334435,FORWARD_PROPAGATE_LAYER,307,/model.22/cv2.1/cv2.1.0/act/Sigmoid:OpId_1793 (cycles),0,cycles,DSP,yolov8l-simplified-modified
77564334435,FORWARD_PROPAGATE_LAYER,308,/model.22/cv3.1/cv3.1.0/act/Sigmoid:OpId_1800 (cycles),0,cycles,DSP,yolov8l-simplified-modified
77564334435,FORWARD_PROPAGATE_LAYER,309,/model.19/act/Mul:OpId_1807 (cycles),43258,cycles,DSP,yolov8l-simplified-modified
77564334435,FORWARD_PROPAGATE_LAYER,310,/model.22/cv2.1/cv2.1.0/act/Mul:OpId_1809 (cycles),17082,cycles,DSP,yolov8l-simplified-modified
77564334435,FORWARD_PROPAGATE_LAYER,311,/model.22/cv3.1/cv3.1.0/act/Mul:OpId_1811 (cycles),88851,cycles,DSP,yolov8l-simplified-modified
77564334435,FORWARD_PROPAGATE_LAYER,312,/model.20/Concat:OpId_1813 (cycles),0,cycles,DSP,yolov8l-simplified-modified
77564334435,FORWARD_PROPAGATE_LAYER,313,/model.22/cv2.1/cv2.1.1/conv/Conv:OpId_1822 (cycles),6889,cycles,DSP,yolov8l-simplified-modified
77564334435,FORWARD_PROPAGATE_LAYER,314,/model.22/cv3.1/cv3.1.1/conv/Conv:OpId_1832 (cycles),100521,cycles,DSP,yolov8l-simplified-modified
77564334435,FORWARD_PROPAGATE_LAYER,315,/model.21/cv1/conv/Conv:OpId_1842 (cycles),25255,cycles,DSP,yolov8l-simplified-modified
77564334435,FORWARD_PROPAGATE_LAYER,316,/model.22/cv2.1/cv2.1.1/act/Sigmoid:OpId_1845 (cycles),0,cycles,DSP,yolov8l-simplified-modified
77564334435,FORWARD_PROPAGATE_LAYER,317,/model.22/cv3.1/cv3.1.1/act/Sigmoid:OpId_1852 (cycles),0,cycles,DSP,yolov8l-simplified-modified
77564334435,FORWARD_PROPAGATE_LAYER,318,/model.21/cv1/act/Sigmoid:OpId_1859 (cycles),0,cycles,DSP,yolov8l-simplified-modified
77564334435,FORWARD_PROPAGATE_LAYER,319,/model.22/cv2.1/cv2.1.1/act/Mul:OpId_1866 (cycles),18702,cycles,DSP,yolov8l-simplified-modified
77564334435,FORWARD_PROPAGATE_LAYER,320,/model.22/cv3.1/cv3.1.1/act/Mul:OpId_1868 (cycles),85328,cycles,DSP,yolov8l-simplified-modified
77564334435,FORWARD_PROPAGATE_LAYER,321,/model.21/cv1/act/Mul:OpId_1870 (cycles),44532,cycles,DSP,yolov8l-simplified-modified
77564334435,FORWARD_PROPAGATE_LAYER,322,/model.22/cv2.1/cv2.1.2/Conv:OpId_1879 (cycles),1963,cycles,DSP,yolov8l-simplified-modified
77564334435,FORWARD_PROPAGATE_LAYER,323,/model.22/cv2.1/cv2.1.2/Conv_output_0.nchw:OpId_1883 (cycles),16334,cycles,DSP,yolov8l-simplified-modified
77564334435,FORWARD_PROPAGATE_LAYER,324,/model.22/cv3.1/cv3.1.2/Conv:OpId_1891 (cycles),4842,cycles,DSP,yolov8l-simplified-modified
77564334435,FORWARD_PROPAGATE_LAYER,325,/model.21/Slice:OpId_1895 (cycles),10517,cycles,DSP,yolov8l-simplified-modified
77564334435,FORWARD_PROPAGATE_LAYER,326,/model.21/Slice_1:OpId_1901 (cycles),9065,cycles,DSP,yolov8l-simplified-modified
77564334435,FORWARD_PROPAGATE_LAYER,327,/model.22/Reshape_2:OpId_1906 (cycles),34225,cycles,DSP,yolov8l-simplified-modified
77564334435,FORWARD_PROPAGATE_LAYER,328,/model.22/Sigmoid_1:OpId_1907 (cycles),145950,cycles,DSP,yolov8l-simplified-modified
77564334435,FORWARD_PROPAGATE_LAYER,329,/model.21/m.0/cv1/conv/Conv:OpId_1921 (cycles),39120,cycles,DSP,yolov8l-simplified-modified
77564334435,FORWARD_PROPAGATE_LAYER,330,/model.22/Transpose_2:OpId_1925 (cycles),25286,cycles,DSP,yolov8l-simplified-modified
77564334435,FORWARD_PROPAGATE_LAYER,331,/model.22/ReduceMax_1:OpId_1927 (cycles),59410,cycles,DSP,yolov8l-simplified-modified
77564334435,FORWARD_PROPAGATE_LAYER,332,/model.21/m.0/cv1/act/Sigmoid:OpId_1929 (cycles),0,cycles,DSP,yolov8l-simplified-modified
77564334435,FORWARD_PROPAGATE_LAYER,333,/model.22/Softmax_1:OpId_1936 (cycles),125961,cycles,DSP,yolov8l-simplified-modified
77564334435,FORWARD_PROPAGATE_LAYER,334,/model.21/m.0/cv1/act/Mul:OpId_1939 (cycles),28428,cycles,DSP,yolov8l-simplified-modified
77564334435,FORWARD_PROPAGATE_LAYER,335,/model.22/Transpose_3:OpId_1942 (cycles),12027,cycles,DSP,yolov8l-simplified-modified
77564334435,FORWARD_PROPAGATE_LAYER,336,/model.21/m.0/cv2/conv/Conv:OpId_1950 (cycles),36951,cycles,DSP,yolov8l-simplified-modified
77564334435,FORWARD_PROPAGATE_LAYER,337,/model.22/proj_conv_1/Conv:OpId_1958 (cycles),2128,cycles,DSP,yolov8l-simplified-modified
77564334435,FORWARD_PROPAGATE_LAYER,338,/model.21/m.0/cv2/act/Sigmoid:OpId_1961 (cycles),0,cycles,DSP,yolov8l-simplified-modified
77564334435,FORWARD_PROPAGATE_LAYER,339,/model.22/Gather_1_output_0_pre_reshape.nchw:OpId_1969 (cycles),0,cycles,DSP,yolov8l-simplified-modified
77564334435,FORWARD_PROPAGATE_LAYER,340,Reshape_post_/model.22/Gather_1:OpId_1970 (cycles),14354,cycles,DSP,yolov8l-simplified-modified
77564334435,FORWARD_PROPAGATE_LAYER,341,/model.22/Reshape_3_output_0.nhwc:OpId_1972 (cycles),2374,cycles,DSP,yolov8l-simplified-modified
77564334435,FORWARD_PROPAGATE_LAYER,342,/model.21/m.0/cv2/act/Mul:OpId_1973 (cycles),52832,cycles,DSP,yolov8l-simplified-modified
77564334435,FORWARD_PROPAGATE_LAYER,343,/model.21/m.1/cv1/conv/Conv:OpId_1982 (cycles),37057,cycles,DSP,yolov8l-simplified-modified
77564334435,FORWARD_PROPAGATE_LAYER,344,/model.22/Concat_1:OpId_1985 (cycles),20184,cycles,DSP,yolov8l-simplified-modified
77564334435,FORWARD_PROPAGATE_LAYER,345,/model.21/m.1/cv1/act/Sigmoid:OpId_1987 (cycles),0,cycles,DSP,yolov8l-simplified-modified
77564334435,FORWARD_PROPAGATE_LAYER,346,/model.21/m.1/cv1/act/Mul:OpId_1994 (cycles),26578,cycles,DSP,yolov8l-simplified-modified
77564334435,FORWARD_PROPAGATE_LAYER,347,/model.21/m.1/cv2/conv/Conv:OpId_2003 (cycles),36693,cycles,DSP,yolov8l-simplified-modified
77564334435,FORWARD_PROPAGATE_LAYER,348,/model.21/m.1/cv2/act/Sigmoid:OpId_2006 (cycles),0,cycles,DSP,yolov8l-simplified-modified
77564334435,FORWARD_PROPAGATE_LAYER,349,/model.21/m.1/cv2/act/Mul:OpId_2013 (cycles),56820,cycles,DSP,yolov8l-simplified-modified
77564334435,FORWARD_PROPAGATE_LAYER,350,/model.21/m.2/cv1/conv/Conv:OpId_2022 (cycles),35923,cycles,DSP,yolov8l-simplified-modified
77564334435,FORWARD_PROPAGATE_LAYER,351,/model.21/m.2/cv1/act/Sigmoid:OpId_2025 (cycles),0,cycles,DSP,yolov8l-simplified-modified
77564334435,FORWARD_PROPAGATE_LAYER,352,/model.21/m.2/cv1/act/Mul:OpId_2032 (cycles),27947,cycles,DSP,yolov8l-simplified-modified
77564334435,FORWARD_PROPAGATE_LAYER,353,/model.21/m.2/cv2/conv/Conv:OpId_2041 (cycles),37604,cycles,DSP,yolov8l-simplified-modified
77564334435,FORWARD_PROPAGATE_LAYER,354,/model.21/m.2/cv2/act/Sigmoid:OpId_2044 (cycles),0,cycles,DSP,yolov8l-simplified-modified
77564334435,FORWARD_PROPAGATE_LAYER,355,/model.21/m.2/cv2/act/Mul:OpId_2051 (cycles),29593,cycles,DSP,yolov8l-simplified-modified
77564334435,FORWARD_PROPAGATE_LAYER,356,/model.21/Concat:OpId_2053 (cycles),0,cycles,DSP,yolov8l-simplified-modified
77564334435,FORWARD_PROPAGATE_LAYER,357,/model.21/cv2/conv/Conv:OpId_2062 (cycles),30719,cycles,DSP,yolov8l-simplified-modified
77564334435,FORWARD_PROPAGATE_LAYER,358,/model.21/cv2/act/Sigmoid:OpId_2065 (cycles),0,cycles,DSP,yolov8l-simplified-modified
77564334435,FORWARD_PROPAGATE_LAYER,359,/model.21/cv2/act/Mul:OpId_2072 (cycles),44526,cycles,DSP,yolov8l-simplified-modified
77564334435,FORWARD_PROPAGATE_LAYER,360,/model.22/cv2.2/cv2.2.0/conv/Conv:OpId_2081 (cycles),20660,cycles,DSP,yolov8l-simplified-modified
77564334435,FORWARD_PROPAGATE_LAYER,361,/model.22/cv3.2/cv3.2.0/conv/Conv:OpId_2091 (cycles),66862,cycles,DSP,yolov8l-simplified-modified
77564334435,FORWARD_PROPAGATE_LAYER,362,/model.22/cv2.2/cv2.2.0/act/Sigmoid:OpId_2094 (cycles),0,cycles,DSP,yolov8l-simplified-modified
77564334435,FORWARD_PROPAGATE_LAYER,363,/model.22/cv3.2/cv3.2.0/act/Sigmoid:OpId_2101 (cycles),0,cycles,DSP,yolov8l-simplified-modified
77564334435,FORWARD_PROPAGATE_LAYER,364,/model.22/cv2.2/cv2.2.0/act/Mul:OpId_2108 (cycles),10115,cycles,DSP,yolov8l-simplified-modified
77564334435,FORWARD_PROPAGATE_LAYER,365,/model.22/cv3.2/cv3.2.0/act/Mul:OpId_2110 (cycles),28376,cycles,DSP,yolov8l-simplified-modified
77564334435,FORWARD_PROPAGATE_LAYER,366,/model.22/cv2.2/cv2.2.1/conv/Conv:OpId_2119 (cycles),3621,cycles,DSP,yolov8l-simplified-modified
77564334435,FORWARD_PROPAGATE_LAYER,367,/model.22/cv3.2/cv3.2.1/conv/Conv:OpId_2129 (cycles),37169,cycles,DSP,yolov8l-simplified-modified
77564334435,FORWARD_PROPAGATE_LAYER,368,/model.22/cv2.2/cv2.2.1/act/Sigmoid:OpId_2132 (cycles),0,cycles,DSP,yolov8l-simplified-modified
77564334435,FORWARD_PROPAGATE_LAYER,369,/model.22/cv3.2/cv3.2.1/act/Sigmoid:OpId_2139 (cycles),0,cycles,DSP,yolov8l-simplified-modified
77564334435,FORWARD_PROPAGATE_LAYER,370,/model.22/cv2.2/cv2.2.1/act/Mul:OpId_2146 (cycles),7368,cycles,DSP,yolov8l-simplified-modified
77564334435,FORWARD_PROPAGATE_LAYER,371,/model.22/cv3.2/cv3.2.1/act/Mul:OpId_2148 (cycles),35417,cycles,DSP,yolov8l-simplified-modified
77564334435,FORWARD_PROPAGATE_LAYER,372,/model.22/cv2.2/cv2.2.2/Conv:OpId_2157 (cycles),1198,cycles,DSP,yolov8l-simplified-modified
77564334435,FORWARD_PROPAGATE_LAYER,373,/model.22/cv2.2/cv2.2.2/Conv_output_0.nchw:OpId_2161 (cycles),5061,cycles,DSP,yolov8l-simplified-modified
77564334435,FORWARD_PROPAGATE_LAYER,374,/model.22/cv3.2/cv3.2.2/Conv:OpId_2169 (cycles),15253,cycles,DSP,yolov8l-simplified-modified
77564334435,FORWARD_PROPAGATE_LAYER,375,/model.22/Reshape_4:OpId_2172 (cycles),12351,cycles,DSP,yolov8l-simplified-modified
77564334435,FORWARD_PROPAGATE_LAYER,376,/model.22/Sigmoid_2:OpId_2173 (cycles),27378,cycles,DSP,yolov8l-simplified-modified
77564334435,FORWARD_PROPAGATE_LAYER,377,/model.22/Transpose_4:OpId_2181 (cycles),6976,cycles,DSP,yolov8l-simplified-modified
77564334435,FORWARD_PROPAGATE_LAYER,378,/model.22/ReduceMax_2:OpId_2183 (cycles),19631,cycles,DSP,yolov8l-simplified-modified
77564334435,FORWARD_PROPAGATE_LAYER,379,/model.22/Softmax_2:OpId_2185 (cycles),33993,cycles,DSP,yolov8l-simplified-modified
77564334435,FORWARD_PROPAGATE_LAYER,380,/model.22/Transpose_5:OpId_2189 (cycles),2248,cycles,DSP,yolov8l-simplified-modified
77564334435,FORWARD_PROPAGATE_LAYER,381,/model.22/proj_conv_2/Conv:OpId_2195 (cycles),959,cycles,DSP,yolov8l-simplified-modified
77564334435,FORWARD_PROPAGATE_LAYER,382,/model.22/Gather_2_output_0_pre_reshape.nchw:OpId_2199 (cycles),0,cycles,DSP,yolov8l-simplified-modified
77564334435,FORWARD_PROPAGATE_LAYER,383,Reshape_post_/model.22/Gather_2:OpId_2200 (cycles),3005,cycles,DSP,yolov8l-simplified-modified
77564334435,FORWARD_PROPAGATE_LAYER,384,/model.22/Reshape_5_output_0.nhwc:OpId_2202 (cycles),2577,cycles,DSP,yolov8l-simplified-modified
77564334435,FORWARD_PROPAGATE_LAYER,385,/model.22/Concat_2:OpId_2203 (cycles),5695,cycles,DSP,yolov8l-simplified-modified
77564334435,FORWARD_PROPAGATE_LAYER,386,Output OpId_3 (cycles),44952,cycles,DSP,yolov8l-simplified-modified
77564334435,EXECUTE_TIME_SUBNET_0,,,28479626,cycles,DSP,yolov8l-simplified-modified
77564334435,TOTAL_INFERENCE_TIME,,,29471,us,,yolov8l-simplified-modified
77564334435,FORWARD_PROPAGATE,,,29432,us,,yolov8l-simplified-modified
77564334435,FORWARD_PROPAGATE_LAYER,0,Input OpId_2 (cycles),0,cycles,DSP,yolov8l-simplified-modified
77564334435,FORWARD_PROPAGATE_LAYER,1,/model.0/conv/Conv:OpId_23 (cycles),594693,cycles,DSP,yolov8l-simplified-modified
77564334435,FORWARD_PROPAGATE_LAYER,2,/model.0/act/Sigmoid:OpId_26 (cycles),0,cycles,DSP,yolov8l-simplified-modified
77564334435,FORWARD_PROPAGATE_LAYER,3,/model.0/act/Mul:OpId_33 (cycles),978495,cycles,DSP,yolov8l-simplified-modified
77564334435,FORWARD_PROPAGATE_LAYER,4,/model.1/conv/Conv:OpId_42 (cycles),469008,cycles,DSP,yolov8l-simplified-modified
77564334435,FORWARD_PROPAGATE_LAYER,5,/model.1/act/Sigmoid:OpId_45 (cycles),0,cycles,DSP,yolov8l-simplified-modified
77564334435,FORWARD_PROPAGATE_LAYER,6,/model.1/act/Mul:OpId_52 (cycles),461634,cycles,DSP,yolov8l-simplified-modified
77564334435,FORWARD_PROPAGATE_LAYER,7,/model.2/cv1/conv/Conv:OpId_61 (cycles),38203,cycles,DSP,yolov8l-simplified-modified
77564334435,FORWARD_PROPAGATE_LAYER,8,/model.2/cv1/act/Sigmoid:OpId_64 (cycles),0,cycles,DSP,yolov8l-simplified-modified
77564334435,FORWARD_PROPAGATE_LAYER,9,/model.2/cv1/act/Mul:OpId_71 (cycles),445787,cycles,DSP,yolov8l-simplified-modified
77564334435,FORWARD_PROPAGATE_LAYER,10,/model.2/Slice:OpId_74 (cycles),98041,cycles,DSP,yolov8l-simplified-modified
77564334435,FORWARD_PROPAGATE_LAYER,11,/model.2/Slice_1:OpId_80 (cycles),86302,cycles,DSP,yolov8l-simplified-modified
77564334435,FORWARD_PROPAGATE_LAYER,12,/model.2/m.0/cv1/conv/Conv:OpId_92 (cycles),85309,cycles,DSP,yolov8l-simplified-modified
77564334435,FORWARD_PROPAGATE_LAYER,13,/model.2/m.0/cv1/act/Sigmoid:OpId_95 (cycles),0,cycles,DSP,yolov8l-simplified-modified
77564334435,FORWARD_PROPAGATE_LAYER,14,/model.2/m.0/cv1/act/Mul:OpId_102 (cycles),240290,cycles,DSP,yolov8l-simplified-modified
77564334435,FORWARD_PROPAGATE_LAYER,15,/model.2/m.0/cv2/conv/Conv:OpId_111 (cycles),84592,cycles,DSP,yolov8l-simplified-modified
77564334435,FORWARD_PROPAGATE_LAYER,16,/model.2/m.0/cv2/act/Sigmoid:OpId_114 (cycles),0,cycles,DSP,yolov8l-simplified-modified
77564334435,FORWARD_PROPAGATE_LAYER,17,/model.2/m.0/cv2/act/Mul:OpId_121 (cycles),234995,cycles,DSP,yolov8l-simplified-modified
77564334435,FORWARD_PROPAGATE_LAYER,18,/model.2/m.0/Add:OpId_123 (cycles),221970,cycles,DSP,yolov8l-simplified-modified
77564334435,FORWARD_PROPAGATE_LAYER,19,/model.2/m.1/cv1/conv/Conv:OpId_132 (cycles),85347,cycles,DSP,yolov8l-simplified-modified
77564334435,FORWARD_PROPAGATE_LAYER,20,/model.2/m.1/cv1/act/Sigmoid:OpId_135 (cycles),0,cycles,DSP,yolov8l-simplified-modified
77564334435,FORWARD_PROPAGATE_LAYER,21,/model.2/m.1/cv1/act/Mul:OpId_142 (cycles),237396,cycles,DSP,yolov8l-simplified-modified
77564334435,FORWARD_PROPAGATE_LAYER,22,/model.2/m.1/cv2/conv/Conv:OpId_151 (cycles),83540,cycles,DSP,yolov8l-simplified-modified
77564334435,FORWARD_PROPAGATE_LAYER,23,/model.2/m.1/cv2/act/Sigmoid:OpId_154 (cycles),0,cycles,DSP,yolov8l-simplified-modified
77564334435,FORWARD_PROPAGATE_LAYER,24,/model.2/m.1/cv2/act/Mul:OpId_161 (cycles),256209,cycles,DSP,yolov8l-simplified-modified
77564334435,FORWARD_PROPAGATE_LAYER,25,/model.2/m.1/Add:OpId_163 (cycles),229598,cycles,DSP,yolov8l-simplified-modified
77564334435,FORWARD_PROPAGATE_LAYER,26,/model.2/m.2/cv1/conv/Conv:OpId_172 (cycles),84535,cycles,DSP,yolov8l-simplified-modified
77564334435,FORWARD_PROPAGATE_LAYER,27,/model.2/m.2/cv1/act/Sigmoid:OpId_175 (cycles),0,cycles,DSP,yolov8l-simplified-modified
77564334435,FORWARD_PROPAGATE_LAYER,28,/model.2/m.2/cv1/act/Mul:OpId_182 (cycles),239798,cycles,DSP,yolov8l-simplified-modified
77564334435,FORWARD_PROPAGATE_LAYER,29,/model.2/m.2/cv2/conv/Conv:OpId_191 (cycles),82928,cycles,DSP,yolov8l-simplified-modified
77564334435,FORWARD_PROPAGATE_LAYER,30,/model.2/m.2/cv2/act/Sigmoid:OpId_194 (cycles),0,cycles,DSP,yolov8l-simplified-modified
77564334435,FORWARD_PROPAGATE_LAYER,31,/model.2/m.2/cv2/act/Mul:OpId_201 (cycles),233256,cycles,DSP,yolov8l-simplified-modified
77564334435,FORWARD_PROPAGATE_LAYER,32,/model.2/m.2/Add:OpId_203 (cycles),119059,cycles,DSP,yolov8l-simplified-modified
77564334435,FORWARD_PROPAGATE_LAYER,33,/model.2/Concat:OpId_205 (cycles),0,cycles,DSP,yolov8l-simplified-modified
77564334435,FORWARD_PROPAGATE_LAYER,34,/model.2/cv2/conv/Conv:OpId_214 (cycles),97755,cycles,DSP,yolov8l-simplified-modified
77564334435,FORWARD_PROPAGATE_LAYER,35,/model.2/cv2/act/Sigmoid:OpId_217 (cycles),0,cycles,DSP,yolov8l-simplified-modified
77564334435,FORWARD_PROPAGATE_LAYER,36,/model.2/cv2/act/Mul:OpId_224 (cycles),514111,cycles,DSP,yolov8l-simplified-modified
77564334435,FORWARD_PROPAGATE_LAYER,37,/model.3/conv/Conv:OpId_233 (cycles),333907,cycles,DSP,yolov8l-simplified-modified
77564334435,FORWARD_PROPAGATE_LAYER,38,/model.3/act/Sigmoid:OpId_236 (cycles),0,cycles,DSP,yolov8l-simplified-modified
77564334435,FORWARD_PROPAGATE_LAYER,39,/model.3/act/Mul:OpId_243 (cycles),252361,cycles,DSP,yolov8l-simplified-modified
77564334435,FORWARD_PROPAGATE_LAYER,40,/model.4/cv1/conv/Conv:OpId_252 (cycles),37142,cycles,DSP,yolov8l-simplified-modified
77564334435,FORWARD_PROPAGATE_LAYER,41,/model.4/cv1/act/Sigmoid:OpId_255 (cycles),0,cycles,DSP,yolov8l-simplified-modified
77564334435,FORWARD_PROPAGATE_LAYER,42,/model.4/cv1/act/Mul:OpId_262 (cycles),240133,cycles,DSP,yolov8l-simplified-modified
77564334435,FORWARD_PROPAGATE_LAYER,43,/model.4/Slice:OpId_265 (cycles),46408,cycles,DSP,yolov8l-simplified-modified
77564334435,FORWARD_PROPAGATE_LAYER,44,/model.4/Slice_1:OpId_271 (cycles),49383,cycles,DSP,yolov8l-simplified-modified
77564334435,FORWARD_PROPAGATE_LAYER,45,/model.4/m.0/cv1/conv/Conv:OpId_283 (cycles),90453,cycles,DSP,yolov8l-simplified-modified
77564334435,FORWARD_PROPAGATE_LAYER,46,/model.4/m.0/cv1/act/Sigmoid:OpId_286 (cycles),0,cycles,DSP,yolov8l-simplified-modified
77564334435,FORWARD_PROPAGATE_LAYER,47,/model.4/m.0/cv1/act/Mul:OpId_293 (cycles),163576,cycles,DSP,yolov8l-simplified-modified
77564334435,FORWARD_PROPAGATE_LAYER,48,/model.4/m.0/cv2/conv/Conv:OpId_302 (cycles),86248,cycles,DSP,yolov8l-simplified-modified
77564334435,FORWARD_PROPAGATE_LAYER,49,/model.4/m.0/cv2/act/Sigmoid:OpId_305 (cycles),0,cycles,DSP,yolov8l-simplified-modified
77564334435,FORWARD_PROPAGATE_LAYER,50,/model.4/m.0/cv2/act/Mul:OpId_312 (cycles),150883,cycles,DSP,yolov8l-simplified-modified
77564334435,FORWARD_PROPAGATE_LAYER,51,/model.4/m.0/Add:OpId_314 (cycles),125490,cycles,DSP,yolov8l-simplified-modified
77564334435,FORWARD_PROPAGATE_LAYER,52,/model.4/m.1/cv1/conv/Conv:OpId_323 (cycles),90907,cycles,DSP,yolov8l-simplified-modified
77564334435,FORWARD_PROPAGATE_LAYER,53,/model.4/m.1/cv1/act/Sigmoid:OpId_326 (cycles),0,cycles,DSP,yolov8l-simplified-modified
77564334435,FORWARD_PROPAGATE_LAYER,54,/model.4/m.1/cv1/act/Mul:OpId_333 (cycles),143007,cycles,DSP,yolov8l-simplified-modified
77564334435,FORWARD_PROPAGATE_LAYER,55,/model.4/m.1/cv2/conv/Conv:OpId_342 (cycles),85759,cycles,DSP,yolov8l-simplified-modified
77564334435,FORWARD_PROPAGATE_LAYER,56,/model.4/m.1/cv2/act/Sigmoid:OpId_345 (cycles),0,cycles,DSP,yolov8l-simplified-modified
77564334435,FORWARD_PROPAGATE_LAYER,57,/model.4/m.1/cv2/act/Mul:OpId_352 (cycles),132259,cycles,DSP,yolov8l-simplified-modified
77564334435,FORWARD_PROPAGATE_LAYER,58,/model.4/m.1/Add:OpId_354 (cycles),127929,cycles,DSP,yolov8l-simplified-modified
77564334435,FORWARD_PROPAGATE_LAYER,59,/model.4/m.2/cv1/conv/Conv:OpId_363 (cycles),89985,cycles,DSP,yolov8l-simplified-modified
77564334435,FORWARD_PROPAGATE_LAYER,60,/model.4/m.2/cv1/act/Sigmoid:OpId_366 (cycles),0,cycles,DSP,yolov8l-simplified-modified
77564334435,FORWARD_PROPAGATE_LAYER,61,/model.4/m.2/cv1/act/Mul:OpId_373 (cycles),144544,cycles,DSP,yolov8l-simplified-modified
77564334435,FORWARD_PROPAGATE_LAYER,62,/model.4/m.2/cv2/conv/Conv:OpId_382 (cycles),86702,cycles,DSP,yolov8l-simplified-modified
77564334435,FORWARD_PROPAGATE_LAYER,63,/model.4/m.2/cv2/act/Sigmoid:OpId_385 (cycles),0,cycles,DSP,yolov8l-simplified-modified
77564334435,FORWARD_PROPAGATE_LAYER,64,/model.4/m.2/cv2/act/Mul:OpId_392 (cycles),142747,cycles,DSP,yolov8l-simplified-modified
77564334435,FORWARD_PROPAGATE_LAYER,65,/model.4/m.2/Add:OpId_394 (cycles),133841,cycles,DSP,yolov8l-simplified-modified
77564334435,FORWARD_PROPAGATE_LAYER,66,/model.4/m.3/cv1/conv/Conv:OpId_403 (cycles),90091,cycles,DSP,yolov8l-simplified-modified
77564334435,FORWARD_PROPAGATE_LAYER,67,/model.4/m.3/cv1/act/Sigmoid:OpId_406 (cycles),0,cycles,DSP,yolov8l-simplified-modified
77564334435,FORWARD_PROPAGATE_LAYER,68,/model.4/m.3/cv1/act/Mul:OpId_413 (cycles),162236,cycles,DSP,yolov8l-simplified-modified
77564334435,FORWARD_PROPAGATE_LAYER,69,/model.4/m.3/cv2/conv/Conv:OpId_422 (cycles),89534,cycles,DSP,yolov8l-simplified-modified
77564334435,FORWARD_PROPAGATE_LAYER,70,/model.4/m.3/cv2/act/Sigmoid:OpId_425 (cycles),0,cycles,DSP,yolov8l-simplified-modified
77564334435,FORWARD_PROPAGATE_LAYER,71,/model.4/m.3/cv2/act/Mul:OpId_432 (cycles),149561,cycles,DSP,yolov8l-simplified-modified
77564334435,FORWARD_PROPAGATE_LAYER,72,/model.4/m.3/Add:OpId_434 (cycles),134437,cycles,DSP,yolov8l-simplified-modified
77564334435,FORWARD_PROPAGATE_LAYER,73,/model.4/m.4/cv1/conv/Conv:OpId_443 (cycles),90010,cycles,DSP,yolov8l-simplified-modified
77564334435,FORWARD_PROPAGATE_LAYER,74,/model.4/m.4/cv1/act/Sigmoid:OpId_446 (cycles),0,cycles,DSP,yolov8l-simplified-modified
77564334435,FORWARD_PROPAGATE_LAYER,75,/model.4/m.4/cv1/act/Mul:OpId_453 (cycles),154857,cycles,DSP,yolov8l-simplified-modified
77564334435,FORWARD_PROPAGATE_LAYER,76,/model.4/m.4/cv2/conv/Conv:OpId_462 (cycles),81650,cycles,DSP,yolov8l-simplified-modified
77564334435,FORWARD_PROPAGATE_LAYER,77,/model.4/m.4/cv2/act/Sigmoid:OpId_465 (cycles),0,cycles,DSP,yolov8l-simplified-modified
77564334435,FORWARD_PROPAGATE_LAYER,78,/model.4/m.4/cv2/act/Mul:OpId_472 (cycles),147289,cycles,DSP,yolov8l-simplified-modified
77564334435,FORWARD_PROPAGATE_LAYER,79,/model.4/m.4/Add:OpId_474 (cycles),145939,cycles,DSP,yolov8l-simplified-modified
77564334435,FORWARD_PROPAGATE_LAYER,80,/model.4/m.5/cv1/conv/Conv:OpId_483 (cycles),88893,cycles,DSP,yolov8l-simplified-modified
77564334435,FORWARD_PROPAGATE_LAYER,81,/model.4/m.5/cv1/act/Sigmoid:OpId_486 (cycles),0,cycles,DSP,yolov8l-simplified-modified
77564334435,FORWARD_PROPAGATE_LAYER,82,/model.4/m.5/cv1/act/Mul:OpId_493 (cycles),147816,cycles,DSP,yolov8l-simplified-modified
77564334435,FORWARD_PROPAGATE_LAYER,83,/model.4/m.5/cv2/conv/Conv:OpId_502 (cycles),87029,cycles,DSP,yolov8l-simplified-modified
77564334435,FORWARD_PROPAGATE_LAYER,84,/model.4/m.5/cv2/act/Sigmoid:OpId_505 (cycles),0,cycles,DSP,yolov8l-simplified-modified
77564334435,FORWARD_PROPAGATE_LAYER,85,/model.4/m.5/cv2/act/Mul:OpId_512 (cycles),147509,cycles,DSP,yolov8l-simplified-modified
77564334435,FORWARD_PROPAGATE_LAYER,86,/model.4/m.5/Add:OpId_514 (cycles),62481,cycles,DSP,yolov8l-simplified-modified
77564334435,FORWARD_PROPAGATE_LAYER,87,/model.4/Concat:OpId_516 (cycles),0,cycles,DSP,yolov8l-simplified-modified
77564334435,FORWARD_PROPAGATE_LAYER,88,/model.4/cv2/conv/Conv:OpId_525 (cycles),141115,cycles,DSP,yolov8l-simplified-modified
77564334435,FORWARD_PROPAGATE_LAYER,89,/model.4/cv2/act/Sigmoid:OpId_528 (cycles),0,cycles,DSP,yolov8l-simplified-modified
77564334435,FORWARD_PROPAGATE_LAYER,90,/model.4/cv2/act/Mul:OpId_535 (cycles),569712,cycles,DSP,yolov8l-simplified-modified
77564334435,FORWARD_PROPAGATE_LAYER,91,/model.5/conv/Conv:OpId_544 (cycles),281157,cycles,DSP,yolov8l-simplified-modified
77564334435,FORWARD_PROPAGATE_LAYER,92,/model.5/act/Sigmoid:OpId_547 (cycles),0,cycles,DSP,yolov8l-simplified-modified
77564334435,FORWARD_PROPAGATE_LAYER,93,/model.5/act/Mul:OpId_554 (cycles),130940,cycles,DSP,yolov8l-simplified-modified
77564334435,FORWARD_PROPAGATE_LAYER,94,/model.6/cv1/conv/Conv:OpId_563 (cycles),44011,cycles,DSP,yolov8l-simplified-modified
77564334435,FORWARD_PROPAGATE_LAYER,95,/model.6/cv1/act/Sigmoid:OpId_566 (cycles),0,cycles,DSP,yolov8l-simplified-modified
77564334435,FORWARD_PROPAGATE_LAYER,96,/model.6/cv1/act/Mul:OpId_573 (cycles),137940,cycles,DSP,yolov8l-simplified-modified
77564334435,FORWARD_PROPAGATE_LAYER,97,/model.6/Slice:OpId_576 (cycles),21666,cycles,DSP,yolov8l-simplified-modified
77564334435,FORWARD_PROPAGATE_LAYER,98,/model.6/Slice_1:OpId_582 (cycles),23403,cycles,DSP,yolov8l-simplified-modified
77564334435,FORWARD_PROPAGATE_LAYER,99,/model.6/m.0/cv1/conv/Conv:OpId_594 (cycles),86832,cycles,DSP,yolov8l-simplified-modified
77564334435,FORWARD_PROPAGATE_LAYER,100,/model.6/m.0/cv1/act/Sigmoid:OpId_597 (cycles),0,cycles,DSP,yolov8l-simplified-modified
77564334435,FORWARD_PROPAGATE_LAYER,101,/model.6/m.0/cv1/act/Mul:OpId_604 (cycles),86748,cycles,DSP,yolov8l-simplified-modified
77564334435,FORWARD_PROPAGATE_LAYER,102,/model.6/m.0/cv2/conv/Conv:OpId_613 (cycles),100742,cycles,DSP,yolov8l-simplified-modified
77564334435,FORWARD_PROPAGATE_LAYER,103,/model.6/m.0/cv2/act/Sigmoid:OpId_616 (cycles),0,cycles,DSP,yolov8l-simplified-modified
77564334435,FORWARD_PROPAGATE_LAYER,104,/model.6/m.0/cv2/act/Mul:OpId_623 (cycles),82920,cycles,DSP,yolov8l-simplified-modified
77564334435,FORWARD_PROPAGATE_LAYER,105,/model.6/m.0/Add:OpId_625 (cycles),57251,cycles,DSP,yolov8l-simplified-modified
77564334435,FORWARD_PROPAGATE_LAYER,106,/model.6/m.1/cv1/conv/Conv:OpId_634 (cycles),101980,cycles,DSP,yolov8l-simplified-modified
77564334435,FORWARD_PROPAGATE_LAYER,107,/model.6/m.1/cv1/act/Sigmoid:OpId_637 (cycles),0,cycles,DSP,yolov8l-simplified-modified
77564334435,FORWARD_PROPAGATE_LAYER,108,/model.6/m.1/cv1/act/Mul:OpId_644 (cycles),92141,cycles,DSP,yolov8l-simplified-modified
77564334435,FORWARD_PROPAGATE_LAYER,109,/model.6/m.1/cv2/conv/Conv:OpId_653 (cycles),89116,cycles,DSP,yolov8l-simplified-modified
77564334435,FORWARD_PROPAGATE_LAYER,110,/model.6/m.1/cv2/act/Sigmoid:OpId_656 (cycles),0,cycles,DSP,yolov8l-simplified-modified
77564334435,FORWARD_PROPAGATE_LAYER,111,/model.6/m.1/cv2/act/Mul:OpId_663 (cycles),83936,cycles,DSP,yolov8l-simplified-modified
77564334435,FORWARD_PROPAGATE_LAYER,112,/model.6/m.1/Add:OpId_665 (cycles),55029,cycles,DSP,yolov8l-simplified-modified
77564334435,FORWARD_PROPAGATE_LAYER,113,/model.6/m.2/cv1/conv/Conv:OpId_674 (cycles),101989,cycles,DSP,yolov8l-simplified-modified
77564334435,FORWARD_PROPAGATE_LAYER,114,/model.6/m.2/cv1/act/Sigmoid:OpId_677 (cycles),0,cycles,DSP,yolov8l-simplified-modified
77564334435,FORWARD_PROPAGATE_LAYER,115,/model.6/m.2/cv1/act/Mul:OpId_684 (cycles),90486,cycles,DSP,yolov8l-simplified-modified
77564334435,FORWARD_PROPAGATE_LAYER,116,/model.6/m.2/cv2/conv/Conv:OpId_693 (cycles),86672,cycles,DSP,yolov8l-simplified-modified
77564334435,FORWARD_PROPAGATE_LAYER,117,/model.6/m.2/cv2/act/Sigmoid:OpId_696 (cycles),0,cycles,DSP,yolov8l-simplified-modified
77564334435,FORWARD_PROPAGATE_LAYER,118,/model.6/m.2/cv2/act/Mul:OpId_703 (cycles),82710,cycles,DSP,yolov8l-simplified-modified
77564334435,FORWARD_PROPAGATE_LAYER,119,/model.6/m.2/Add:OpId_705 (cycles),55149,cycles,DSP,yolov8l-simplified-modified
77564334435,FORWARD_PROPAGATE_LAYER,120,/model.6/m.3/cv1/conv/Conv:OpId_714 (cycles),101902,cycles,DSP,yolov8l-simplified-modified
77564334435,FORWARD_PROPAGATE_LAYER,121,/model.6/m.3/cv1/act/Sigmoid:OpId_717 (cycles),0,cycles,DSP,yolov8l-simplified-modified
77564334435,FORWARD_PROPAGATE_LAYER,122,/model.6/m.3/cv1/act/Mul:OpId_724 (cycles),89326,cycles,DSP,yolov8l-simplified-modified
77564334435,FORWARD_PROPAGATE_LAYER,123,/model.6/m.3/cv2/conv/Conv:OpId_733 (cycles),101011,cycles,DSP,yolov8l-simplified-modified
77564334435,FORWARD_PROPAGATE_LAYER,124,/model.6/m.3/cv2/act/Sigmoid:OpId_736 (cycles),0,cycles,DSP,yolov8l-simplified-modified
77564334435,FORWARD_PROPAGATE_LAYER,125,/model.6/m.3/cv2/act/Mul:OpId_743 (cycles),85034,cycles,DSP,yolov8l-simplified-modified
77564334435,FORWARD_PROPAGATE_LAYER,126,/model.6/m.3/Add:OpId_745 (cycles),57603,cycles,DSP,yolov8l-simplified-modified
77564334435,FORWARD_PROPAGATE_LAYER,127,/model.6/m.4/cv1/conv/Conv:OpId_754 (cycles),101937,cycles,DSP,yolov8l-simplified-modified
77564334435,FORWARD_PROPAGATE_LAYER,128,/model.6/m.4/cv1/act/Sigmoid:OpId_757 (cycles),0,cycles,DSP,yolov8l-simplified-modified
77564334435,FORWARD_PROPAGATE_LAYER,129,/model.6/m.4/cv1/act/Mul:OpId_764 (cycles),91311,cycles,DSP,yolov8l-simplified-modified
77564334435,FORWARD_PROPAGATE_LAYER,130,/model.6/m.4/cv2/conv/Conv:OpId_773 (cycles),90576,cycles,DSP,yolov8l-simplified-modified
77564334435,FORWARD_PROPAGATE_LAYER,131,/model.6/m.4/cv2/act/Sigmoid:OpId_776 (cycles),0,cycles,DSP,yolov8l-simplified-modified
77564334435,FORWARD_PROPAGATE_LAYER,132,/model.6/m.4/cv2/act/Mul:OpId_783 (cycles),84326,cycles,DSP,yolov8l-simplified-modified
77564334435,FORWARD_PROPAGATE_LAYER,133,/model.6/m.4/Add:OpId_785 (cycles),59058,cycles,DSP,yolov8l-simplified-modified
77564334435,FORWARD_PROPAGATE_LAYER,134,/model.6/m.5/cv1/conv/Conv:OpId_794 (cycles),117105,cycles,DSP,yolov8l-simplified-modified
77564334435,FORWARD_PROPAGATE_LAYER,135,/model.6/m.5/cv1/act/Sigmoid:OpId_797 (cycles),0,cycles,DSP,yolov8l-simplified-modified
77564334435,FORWARD_PROPAGATE_LAYER,136,/model.6/m.5/cv1/act/Mul:OpId_804 (cycles),89421,cycles,DSP,yolov8l-simplified-modified
77564334435,FORWARD_PROPAGATE_LAYER,137,/model.6/m.5/cv2/conv/Conv:OpId_813 (cycles),86062,cycles,DSP,yolov8l-simplified-modified
77564334435,FORWARD_PROPAGATE_LAYER,138,/model.6/m.5/cv2/act/Sigmoid:OpId_816 (cycles),0,cycles,DSP,yolov8l-simplified-modified
77564334435,FORWARD_PROPAGATE_LAYER,139,/model.6/m.5/cv2/act/Mul:OpId_823 (cycles),83108,cycles,DSP,yolov8l-simplified-modified
77564334435,FORWARD_PROPAGATE_LAYER,140,/model.6/m.5/Add:OpId_825 (cycles),29793,cycles,DSP,yolov8l-simplified-modified
77564334435,FORWARD_PROPAGATE_LAYER,141,/model.6/Concat:OpId_827 (cycles),0,cycles,DSP,yolov8l-simplified-modified
77564334435,FORWARD_PROPAGATE_LAYER,142,/model.6/cv2/conv/Conv:OpId_836 (cycles),139812,cycles,DSP,yolov8l-simplified-modified
77564334435,FORWARD_PROPAGATE_LAYER,143,/model.6/cv2/act/Sigmoid:OpId_839 (cycles),0,cycles,DSP,yolov8l-simplified-modified
77564334435,FORWARD_PROPAGATE_LAYER,144,/model.6/cv2/act/Mul:OpId_846 (cycles),305291,cycles,DSP,yolov8l-simplified-modified
77564334435,FORWARD_PROPAGATE_LAYER,145,/model.7/conv/Conv:OpId_855 (cycles),226843,cycles,DSP,yolov8l-simplified-modified
77564334435,FORWARD_PROPAGATE_LAYER,146,/model.7/act/Sigmoid:OpId_858 (cycles),0,cycles,DSP,yolov8l-simplified-modified
77564334435,FORWARD_PROPAGATE_LAYER,147,/model.7/act/Mul:OpId_865 (cycles),43205,cycles,DSP,yolov8l-simplified-modified
77564334435,FORWARD_PROPAGATE_LAYER,148,/model.8/cv1/conv/Conv:OpId_874 (cycles),13544,cycles,DSP,yolov8l-simplified-modified
77564334435,FORWARD_PROPAGATE_LAYER,149,/model.8/cv1/act/Sigmoid:OpId_877 (cycles),0,cycles,DSP,yolov8l-simplified-modified
77564334435,FORWARD_PROPAGATE_LAYER,150,/model.8/cv1/act/Mul:OpId_884 (cycles),41073,cycles,DSP,yolov8l-simplified-modified
77564334435,FORWARD_PROPAGATE_LAYER,151,/model.8/Slice:OpId_887 (cycles),8226,cycles,DSP,yolov8l-simplified-modified
77564334435,FORWARD_PROPAGATE_LAYER,152,/model.8/Slice_1:OpId_893 (cycles),8806,cycles,DSP,yolov8l-simplified-modified
77564334435,FORWARD_PROPAGATE_LAYER,153,/model.8/m.0/cv1/conv/Conv:OpId_905 (cycles),47146,cycles,DSP,yolov8l-simplified-modified
77564334435,FORWARD_PROPAGATE_LAYER,154,/model.8/m.0/cv1/act/Sigmoid:OpId_908 (cycles),0,cycles,DSP,yolov8l-simplified-modified
77564334435,FORWARD_PROPAGATE_LAYER,155,/model.8/m.0/cv1/act/Mul:OpId_915 (cycles),27933,cycles,DSP,yolov8l-simplified-modified
77564334435,FORWARD_PROPAGATE_LAYER,156,/model.8/m.0/cv2/conv/Conv:OpId_924 (cycles),38386,cycles,DSP,yolov8l-simplified-modified
77564334435,FORWARD_PROPAGATE_LAYER,157,/model.8/m.0/cv2/act/Sigmoid:OpId_927 (cycles),0,cycles,DSP,yolov8l-simplified-modified
77564334435,FORWARD_PROPAGATE_LAYER,158,/model.8/m.0/cv2/act/Mul:OpId_934 (cycles),28202,cycles,DSP,yolov8l-simplified-modified
77564334435,FORWARD_PROPAGATE_LAYER,159,/model.8/m.0/Add:OpId_936 (cycles),20975,cycles,DSP,yolov8l-simplified-modified
77564334435,FORWARD_PROPAGATE_LAYER,160,/model.8/m.1/cv1/conv/Conv:OpId_945 (cycles),39734,cycles,DSP,yolov8l-simplified-modified
77564334435,FORWARD_PROPAGATE_LAYER,161,/model.8/m.1/cv1/act/Sigmoid:OpId_948 (cycles),0,cycles,DSP,yolov8l-simplified-modified
77564334435,FORWARD_PROPAGATE_LAYER,162,/model.8/m.1/cv1/act/Mul:OpId_955 (cycles),27899,cycles,DSP,yolov8l-simplified-modified
77564334435,FORWARD_PROPAGATE_LAYER,163,/model.8/m.1/cv2/conv/Conv:OpId_964 (cycles),36807,cycles,DSP,yolov8l-simplified-modified
77564334435,FORWARD_PROPAGATE_LAYER,164,/model.8/m.1/cv2/act/Sigmoid:OpId_967 (cycles),0,cycles,DSP,yolov8l-simplified-modified
77564334435,FORWARD_PROPAGATE_LAYER,165,/model.8/m.1/cv2/act/Mul:OpId_974 (cycles),28849,cycles,DSP,yolov8l-simplified-modified
77564334435,FORWARD_PROPAGATE_LAYER,166,/model.8/m.1/Add:OpId_976 (cycles),20973,cycles,DSP,yolov8l-simplified-modified
77564334435,FORWARD_PROPAGATE_LAYER,167,/model.8/m.2/cv1/conv/Conv:OpId_985 (cycles),38233,cycles,DSP,yolov8l-simplified-modified
77564334435,FORWARD_PROPAGATE_LAYER,168,/model.8/m.2/cv1/act/Sigmoid:OpId_988 (cycles),0,cycles,DSP,yolov8l-simplified-modified
77564334435,FORWARD_PROPAGATE_LAYER,169,/model.8/m.2/cv1/act/Mul:OpId_995 (cycles),29366,cycles,DSP,yolov8l-simplified-modified
77564334435,FORWARD_PROPAGATE_LAYER,170,/model.8/m.2/cv2/conv/Conv:OpId_1004 (cycles),37664,cycles,DSP,yolov8l-simplified-modified
77564334435,FORWARD_PROPAGATE_LAYER,171,/model.8/m.2/cv2/act/Sigmoid:OpId_1007 (cycles),0,cycles,DSP,yolov8l-simplified-modified
77564334435,FORWARD_PROPAGATE_LAYER,172,/model.8/m.2/cv2/act/Mul:OpId_1014 (cycles),28267,cycles,DSP,yolov8l-simplified-modified
77564334435,FORWARD_PROPAGATE_LAYER,173,/model.8/m.2/Add:OpId_1016 (cycles),10684,cycles,DSP,yolov8l-simplified-modified
77564334435,FORWARD_PROPAGATE_LAYER,174,/model.8/Concat:OpId_1018 (cycles),0,cycles,DSP,yolov8l-simplified-modified
77564334435,FORWARD_PROPAGATE_LAYER,175,/model.8/cv2/conv/Conv:OpId_1027 (cycles),31924,cycles,DSP,yolov8l-simplified-modified
77564334435,FORWARD_PROPAGATE_LAYER,176,/model.8/cv2/act/Sigmoid:OpId_1030 (cycles),0,cycles,DSP,yolov8l-simplified-modified
77564334435,FORWARD_PROPAGATE_LAYER,177,/model.8/cv2/act/Mul:OpId_1037 (cycles),49001,cycles,DSP,yolov8l-simplified-modified
77564334435,FORWARD_PROPAGATE_LAYER,178,/model.9/cv1/conv/Conv:OpId_1046 (cycles),7248,cycles,DSP,yolov8l-simplified-modified
77564334435,FORWARD_PROPAGATE_LAYER,179,/model.9/cv1/act/Sigmoid:OpId_1049 (cycles),0,cycles,DSP,yolov8l-simplified-modified
77564334435,FORWARD_PROPAGATE_LAYER,180,/model.9/cv1/act/Mul:OpId_1056 (cycles),22241,cycles,DSP,yolov8l-simplified-modified
77564334435,FORWARD_PROPAGATE_LAYER,181,/model.9/m/MaxPool:OpId_1061 (cycles),54826,cycles,DSP,yolov8l-simplified-modified
77564334435,FORWARD_PROPAGATE_LAYER,182,/model.9/m_1/MaxPool:OpId_1066 (cycles),35314,cycles,DSP,yolov8l-simplified-modified
77564334435,FORWARD_PROPAGATE_LAYER,183,/model.9/m_2/MaxPool:OpId_1071 (cycles),42003,cycles,DSP,yolov8l-simplified-modified
77564334435,FORWARD_PROPAGATE_LAYER,184,/model.9/Concat:OpId_1073 (cycles),0,cycles,DSP,yolov8l-simplified-modified
77564334435,FORWARD_PROPAGATE_LAYER,185,/model.9/cv2/conv/Conv:OpId_1082 (cycles),26011,cycles,DSP,yolov8l-simplified-modified
77564334435,FORWARD_PROPAGATE_LAYER,186,/model.9/cv2/act/Sigmoid:OpId_1085 (cycles),0,cycles,DSP,yolov8l-simplified-modified
77564334435,FORWARD_PROPAGATE_LAYER,187,/model.9/cv2/act/Mul:OpId_1092 (cycles),84061,cycles,DSP,yolov8l-simplified-modified
77564334435,FORWARD_PROPAGATE_LAYER,188,/model.10/Resize:OpId_1094 (cycles),70490,cycles,DSP,yolov8l-simplified-modified
77564334435,FORWARD_PROPAGATE_LAYER,189,/model.11/Concat:OpId_1097 (cycles),0,cycles,DSP,yolov8l-simplified-modified
77564334435,FORWARD_PROPAGATE_LAYER,190,/model.12/cv1/conv/Conv:OpId_1106 (cycles),71548,cycles,DSP,yolov8l-simplified-modified
77564334435,FORWARD_PROPAGATE_LAYER,191,/model.12/cv1/act/Sigmoid:OpId_1109 (cycles),0,cycles,DSP,yolov8l-simplified-modified
77564334435,FORWARD_PROPAGATE_LAYER,192,/model.12/cv1/act/Mul:OpId_1116 (cycles),131321,cycles,DSP,yolov8l-simplified-modified
77564334435,FORWARD_PROPAGATE_LAYER,193,/model.12/Slice:OpId_1119 (cycles),20372,cycles,DSP,yolov8l-simplified-modified
77564334435,FORWARD_PROPAGATE_LAYER,194,/model.12/Slice_1:OpId_1125 (cycles),23708,cycles,DSP,yolov8l-simplified-modified
77564334435,FORWARD_PROPAGATE_LAYER,195,/model.12/m.0/cv1/conv/Conv:OpId_1137 (cycles),86268,cycles,DSP,yolov8l-simplified-modified
77564334435,FORWARD_PROPAGATE_LAYER,196,/model.12/m.0/cv1/act/Sigmoid:OpId_1140 (cycles),0,cycles,DSP,yolov8l-simplified-modified
77564334435,FORWARD_PROPAGATE_LAYER,197,/model.12/m.0/cv1/act/Mul:OpId_1147 (cycles),86287,cycles,DSP,yolov8l-simplified-modified
77564334435,FORWARD_PROPAGATE_LAYER,198,/model.12/m.0/cv2/conv/Conv:OpId_1156 (cycles),87775,cycles,DSP,yolov8l-simplified-modified
77564334435,FORWARD_PROPAGATE_LAYER,199,/model.12/m.0/cv2/act/Sigmoid:OpId_1159 (cycles),0,cycles,DSP,yolov8l-simplified-modified
77564334435,FORWARD_PROPAGATE_LAYER,200,/model.12/m.0/cv2/act/Mul:OpId_1166 (cycles),158851,cycles,DSP,yolov8l-simplified-modified
77564334435,FORWARD_PROPAGATE_LAYER,201,/model.12/m.1/cv1/conv/Conv:OpId_1175 (cycles),86227,cycles,DSP,yolov8l-simplified-modified
77564334435,FORWARD_PROPAGATE_LAYER,202,/model.12/m.1/cv1/act/Sigmoid:OpId_1178 (cycles),0,cycles,DSP,yolov8l-simplified-modified
77564334435,FORWARD_PROPAGATE_LAYER,203,/model.12/m.1/cv1/act/Mul:OpId_1185 (cycles),86896,cycles,DSP,yolov8l-simplified-modified
77564334435,FORWARD_PROPAGATE_LAYER,204,/model.12/m.1/cv2/conv/Conv:OpId_1194 (cycles),95538,cycles,DSP,yolov8l-simplified-modified
77564334435,FORWARD_PROPAGATE_LAYER,205,/model.12/m.1/cv2/act/Sigmoid:OpId_1197 (cycles),0,cycles,DSP,yolov8l-simplified-modified
77564334435,FORWARD_PROPAGATE_LAYER,206,/model.12/m.1/cv2/act/Mul:OpId_1204 (cycles),164766,cycles,DSP,yolov8l-simplified-modified
77564334435,FORWARD_PROPAGATE_LAYER,207,/model.12/m.2/cv1/conv/Conv:OpId_1213 (cycles),86461,cycles,DSP,yolov8l-simplified-modified
77564334435,FORWARD_PROPAGATE_LAYER,208,/model.12/m.2/cv1/act/Sigmoid:OpId_1216 (cycles),0,cycles,DSP,yolov8l-simplified-modified
77564334435,FORWARD_PROPAGATE_LAYER,209,/model.12/m.2/cv1/act/Mul:OpId_1223 (cycles),82510,cycles,DSP,yolov8l-simplified-modified
77564334435,FORWARD_PROPAGATE_LAYER,210,/model.12/m.2/cv2/conv/Conv:OpId_1232 (cycles),97502,cycles,DSP,yolov8l-simplified-modified
77564334435,FORWARD_PROPAGATE_LAYER,211,/model.12/m.2/cv2/act/Sigmoid:OpId_1235 (cycles),0,cycles,DSP,yolov8l-simplified-modified
77564334435,FORWARD_PROPAGATE_LAYER,212,/model.12/m.2/cv2/act/Mul:OpId_1242 (cycles),81056,cycles,DSP,yolov8l-simplified-modified
77564334435,FORWARD_PROPAGATE_LAYER,213,/model.12/Concat:OpId_1244 (cycles),0,cycles,DSP,yolov8l-simplified-modified
77564334435,FORWARD_PROPAGATE_LAYER,214,/model.12/cv2/conv/Conv:OpId_1253 (cycles),73769,cycles,DSP,yolov8l-simplified-modified
77564334435,FORWARD_PROPAGATE_LAYER,215,/model.12/cv2/act/Sigmoid:OpId_1256 (cycles),0,cycles,DSP,yolov8l-simplified-modified
77564334435,FORWARD_PROPAGATE_LAYER,216,/model.12/cv2/act/Mul:OpId_1263 (cycles),141328,cycles,DSP,yolov8l-simplified-modified
77564334435,FORWARD_PROPAGATE_LAYER,217,/model.13/Resize:OpId_1265 (cycles),125588,cycles,DSP,yolov8l-simplified-modified
77564334435,FORWARD_PROPAGATE_LAYER,218,/model.14/Concat:OpId_1268 (cycles),0,cycles,DSP,yolov8l-simplified-modified
77564334435,FORWARD_PROPAGATE_LAYER,219,/model.15/cv1/conv/Conv:OpId_1277 (cycles),97408,cycles,DSP,yolov8l-simplified-modified
77564334435,FORWARD_PROPAGATE_LAYER,220,/model.15/cv1/act/Sigmoid:OpId_1280 (cycles),0,cycles,DSP,yolov8l-simplified-modified
77564334435,FORWARD_PROPAGATE_LAYER,221,/model.15/cv1/act/Mul:OpId_1287 (cycles),247240,cycles,DSP,yolov8l-simplified-modified
77564334435,FORWARD_PROPAGATE_LAYER,222,/model.15/Slice:OpId_1290 (cycles),54255,cycles,DSP,yolov8l-simplified-modified
77564334435,FORWARD_PROPAGATE_LAYER,223,/model.15/Slice_1:OpId_1296 (cycles),49190,cycles,DSP,yolov8l-simplified-modified
77564334435,FORWARD_PROPAGATE_LAYER,224,/model.15/m.0/cv1/conv/Conv:OpId_1308 (cycles),86089,cycles,DSP,yolov8l-simplified-modified
77564334435,FORWARD_PROPAGATE_LAYER,225,/model.15/m.0/cv1/act/Sigmoid:OpId_1311 (cycles),0,cycles,DSP,yolov8l-simplified-modified
77564334435,FORWARD_PROPAGATE_LAYER,226,/model.15/m.0/cv1/act/Mul:OpId_1318 (cycles),142263,cycles,DSP,yolov8l-simplified-modified
77564334435,FORWARD_PROPAGATE_LAYER,227,/model.15/m.0/cv2/conv/Conv:OpId_1327 (cycles),79666,cycles,DSP,yolov8l-simplified-modified
77564334435,FORWARD_PROPAGATE_LAYER,228,/model.15/m.0/cv2/act/Sigmoid:OpId_1330 (cycles),0,cycles,DSP,yolov8l-simplified-modified
77564334435,FORWARD_PROPAGATE_LAYER,229,/model.15/m.0/cv2/act/Mul:OpId_1337 (cycles),271373,cycles,DSP,yolov8l-simplified-modified
77564334435,FORWARD_PROPAGATE_LAYER,230,/model.15/m.1/cv1/conv/Conv:OpId_1346 (cycles),80965,cycles,DSP,yolov8l-simplified-modified
77564334435,FORWARD_PROPAGATE_LAYER,231,/model.15/m.1/cv1/act/Sigmoid:OpId_1349 (cycles),0,cycles,DSP,yolov8l-simplified-modified
77564334435,FORWARD_PROPAGATE_LAYER,232,/model.15/m.1/cv1/act/Mul:OpId_1356 (cycles),161855,cycles,DSP,yolov8l-simplified-modified
77564334435,FORWARD_PROPAGATE_LAYER,233,/model.15/m.1/cv2/conv/Conv:OpId_1365 (cycles),89138,cycles,DSP,yolov8l-simplified-modified
77564334435,FORWARD_PROPAGATE_LAYER,234,/model.15/m.1/cv2/act/Sigmoid:OpId_1368 (cycles),0,cycles,DSP,yolov8l-simplified-modified
77564334435,FORWARD_PROPAGATE_LAYER,235,/model.15/m.1/cv2/act/Mul:OpId_1375 (cycles),328608,cycles,DSP,yolov8l-simplified-modified
77564334435,FORWARD_PROPAGATE_LAYER,236,/model.15/m.2/cv1/conv/Conv:OpId_1384 (cycles),89227,cycles,DSP,yolov8l-simplified-modified
77564334435,FORWARD_PROPAGATE_LAYER,237,/model.15/m.2/cv1/act/Sigmoid:OpId_1387 (cycles),0,cycles,DSP,yolov8l-simplified-modified
77564334435,FORWARD_PROPAGATE_LAYER,238,/model.15/m.2/cv1/act/Mul:OpId_1394 (cycles),156765,cycles,DSP,yolov8l-simplified-modified
77564334435,FORWARD_PROPAGATE_LAYER,239,/model.15/m.2/cv2/conv/Conv:OpId_1403 (cycles),81062,cycles,DSP,yolov8l-simplified-modified
77564334435,FORWARD_PROPAGATE_LAYER,240,/model.15/m.2/cv2/act/Sigmoid:OpId_1406 (cycles),0,cycles,DSP,yolov8l-simplified-modified
77564334435,FORWARD_PROPAGATE_LAYER,241,/model.15/m.2/cv2/act/Mul:OpId_1413 (cycles),156645,cycles,DSP,yolov8l-simplified-modified
77564334435,FORWARD_PROPAGATE_LAYER,242,/model.15/Concat:OpId_1415 (cycles),0,cycles,DSP,yolov8l-simplified-modified
77564334435,FORWARD_PROPAGATE_LAYER,243,/model.15/cv2/conv/Conv:OpId_1424 (cycles),81134,cycles,DSP,yolov8l-simplified-modified
77564334435,FORWARD_PROPAGATE_LAYER,244,/model.15/cv2/act/Sigmoid:OpId_1427 (cycles),0,cycles,DSP,yolov8l-simplified-modified
77564334435,FORWARD_PROPAGATE_LAYER,245,/model.15/cv2/act/Mul:OpId_1434 (cycles),315535,cycles,DSP,yolov8l-simplified-modified
77564334435,FORWARD_PROPAGATE_LAYER,246,/model.16/conv/Conv:OpId_1443 (cycles),199256,cycles,DSP,yolov8l-simplified-modified
77564334435,FORWARD_PROPAGATE_LAYER,247,/model.22/cv2.0/cv2.0.0/conv/Conv:OpId_1453 (cycles),75516,cycles,DSP,yolov8l-simplified-modified
77564334435,FORWARD_PROPAGATE_LAYER,248,/model.22/cv3.0/cv3.0.0/conv/Conv:OpId_1463 (cycles),296064,cycles,DSP,yolov8l-simplified-modified
77564334435,FORWARD_PROPAGATE_LAYER,249,/model.16/act/Sigmoid:OpId_1466 (cycles),0,cycles,DSP,yolov8l-simplified-modified
77564334435,FORWARD_PROPAGATE_LAYER,250,/model.22/cv2.0/cv2.0.0/act/Sigmoid:OpId_1473 (cycles),0,cycles,DSP,yolov8l-simplified-modified
77564334435,FORWARD_PROPAGATE_LAYER,251,/model.22/cv3.0/cv3.0.0/act/Sigmoid:OpId_1480 (cycles),0,cycles,DSP,yolov8l-simplified-modified
77564334435,FORWARD_PROPAGATE_LAYER,252,/model.16/act/Mul:OpId_1487 (cycles),76210,cycles,DSP,yolov8l-simplified-modified
77564334435,FORWARD_PROPAGATE_LAYER,253,/model.22/cv2.0/cv2.0.0/act/Mul:OpId_1489 (cycles),89522,cycles,DSP,yolov8l-simplified-modified
77564334435,FORWARD_PROPAGATE_LAYER,254,/model.22/cv3.0/cv3.0.0/act/Mul:OpId_1491 (cycles),337328,cycles,DSP,yolov8l-simplified-modified
77564334435,FORWARD_PROPAGATE_LAYER,255,/model.17/Concat:OpId_1493 (cycles),0,cycles,DSP,yolov8l-simplified-modified
77564334435,FORWARD_PROPAGATE_LAYER,256,/model.22/cv2.0/cv2.0.1/conv/Conv:OpId_1502 (cycles),22330,cycles,DSP,yolov8l-simplified-modified
77564334435,FORWARD_PROPAGATE_LAYER,257,/model.22/cv3.0/cv3.0.1/conv/Conv:OpId_1512 (cycles),316272,cycles,DSP,yolov8l-simplified-modified
77564334435,FORWARD_PROPAGATE_LAYER,258,/model.18/cv1/conv/Conv:OpId_1522 (cycles),50513,cycles,DSP,yolov8l-simplified-modified
77564334435,FORWARD_PROPAGATE_LAYER,259,/model.22/cv2.0/cv2.0.1/act/Sigmoid:OpId_1525 (cycles),0,cycles,DSP,yolov8l-simplified-modified
77564334435,FORWARD_PROPAGATE_LAYER,260,/model.22/cv3.0/cv3.0.1/act/Sigmoid:OpId_1532 (cycles),0,cycles,DSP,yolov8l-simplified-modified
77564334435,FORWARD_PROPAGATE_LAYER,261,/model.18/cv1/act/Sigmoid:OpId_1539 (cycles),0,cycles,DSP,yolov8l-simplified-modified
77564334435,FORWARD_PROPAGATE_LAYER,262,/model.22/cv2.0/cv2.0.1/act/Mul:OpId_1546 (cycles),73513,cycles,DSP,yolov8l-simplified-modified
77564334435,FORWARD_PROPAGATE_LAYER,263,/model.22/cv3.0/cv3.0.1/act/Mul:OpId_1548 (cycles),330938,cycles,DSP,yolov8l-simplified-modified
77564334435,FORWARD_PROPAGATE_LAYER,264,/model.18/cv1/act/Mul:OpId_1550 (cycles),138504,cycles,DSP,yolov8l-simplified-modified
77564334435,FORWARD_PROPAGATE_LAYER,265,/model.22/cv2.0/cv2.0.2/Conv:OpId_1559 (cycles),4909,cycles,DSP,yolov8l-simplified-modified
77564334435,FORWARD_PROPAGATE_LAYER,266,/model.22/cv2.0/cv2.0.2/Conv_output_0.nchw:OpId_1563 (cycles),234863,cycles,DSP,yolov8l-simplified-modified
77564334435,FORWARD_PROPAGATE_LAYER,267,/model.22/cv3.0/cv3.0.2/Conv:OpId_1571 (cycles),209554,cycles,DSP,yolov8l-simplified-modified
77564334435,FORWARD_PROPAGATE_LAYER,268,/model.18/Slice:OpId_1575 (cycles),25325,cycles,DSP,yolov8l-simplified-modified
77564334435,FORWARD_PROPAGATE_LAYER,269,/model.18/Slice_1:OpId_1581 (cycles),24361,cycles,DSP,yolov8l-simplified-modified
77564334435,FORWARD_PROPAGATE_LAYER,270,/model.22/Reshape:OpId_1586 (cycles),30293,cycles,DSP,yolov8l-simplified-modified
77564334435,FORWARD_PROPAGATE_LAYER,271,/model.22/Sigmoid:OpId_1587 (cycles),331578,cycles,DSP,yolov8l-simplified-modified
77564334435,FORWARD_PROPAGATE_LAYER,272,/model.18/m.0/cv1/conv/Conv:OpId_1601 (cycles),87550,cycles,DSP,yolov8l-simplified-modified
77564334435,FORWARD_PROPAGATE_LAYER,273,/model.22/Transpose:OpId_1605 (cycles),109368,cycles,DSP,yolov8l-simplified-modified
77564334435,FORWARD_PROPAGATE_LAYER,274,/model.22/ReduceMax:OpId_1607 (cycles),235166,cycles,DSP,yolov8l-simplified-modified
77564334435,FORWARD_PROPAGATE_LAYER,275,/model.18/m.0/cv1/act/Sigmoid:OpId_1609 (cycles),0,cycles,DSP,yolov8l-simplified-modified
77564334435,FORWARD_PROPAGATE_LAYER,276,/model.22/Softmax:OpId_1616 (cycles),519230,cycles,DSP,yolov8l-simplified-modified
77564334435,FORWARD_PROPAGATE_LAYER,277,/model.18/m.0/cv1/act/Mul:OpId_1619 (cycles),91313,cycles,DSP,yolov8l-simplified-modified
77564334435,FORWARD_PROPAGATE_LAYER,278,/model.22/Transpose_1:OpId_1622 (cycles),36980,cycles,DSP,yolov8l-simplified-modified
77564334435,FORWARD_PROPAGATE_LAYER,279,/model.18/m.0/cv2/conv/Conv:OpId_1630 (cycles),89958,cycles,DSP,yolov8l-simplified-modified
77564334435,FORWARD_PROPAGATE_LAYER,280,/model.22/proj_conv/Conv:OpId_1640 (cycles),10933,cycles,DSP,yolov8l-simplified-modified
77564334435,FORWARD_PROPAGATE_LAYER,281,/model.18/m.0/cv2/act/Sigmoid:OpId_1643 (cycles),0,cycles,DSP,yolov8l-simplified-modified
77564334435,FORWARD_PROPAGATE_LAYER,282,/model.22/Gather_output_0_pre_reshape.nchw:OpId_1651 (cycles),0,cycles,DSP,yolov8l-simplified-modified
77564334435,FORWARD_PROPAGATE_LAYER,283,Reshape_post_/model.22/Gather:OpId_1652 (cycles),54676,cycles,DSP,yolov8l-simplified-modified
77564334435,FORWARD_PROPAGATE_LAYER,284,/model.22/Reshape_1_output_0.nhwc:OpId_1654 (cycles),15414,cycles,DSP,yolov8l-simplified-modified
77564334435,FORWARD_PROPAGATE_LAYER,285,/model.18/m.0/cv2/act/Mul:OpId_1655 (cycles),180500,cycles,DSP,yolov8l-simplified-modified
77564334435,FORWARD_PROPAGATE_LAYER,286,/model.18/m.1/cv1/conv/Conv:OpId_1664 (cycles),102321,cycles,DSP,yolov8l-simplified-modified
77564334435,FORWARD_PROPAGATE_LAYER,287,/model.22/Concat:OpId_1667 (cycles),80905,cycles,DSP,yolov8l-simplified-modified
77564334435,FORWARD_PROPAGATE_LAYER,288,/model.18/m.1/cv1/act/Sigmoid:OpId_1669 (cycles),0,cycles,DSP,yolov8l-simplified-modified
77564334435,FORWARD_PROPAGATE_LAYER,289,/model.18/m.1/cv1/act/Mul:OpId_1676 (cycles),89343,cycles,DSP,yolov8l-simplified-modified
77564334435,FORWARD_PROPAGATE_LAYER,290,/model.18/m.1/cv2/conv/Conv:OpId_1685 (cycles),92107,cycles,DSP,yolov8l-simplified-modified
77564334435,FORWARD_PROPAGATE_LAYER,291,/model.18/m.1/cv2/act/Sigmoid:OpId_1688 (cycles),0,cycles,DSP,yolov8l-simplified-modified
77564334435,FORWARD_PROPAGATE_LAYER,292,/model.18/m.1/cv2/act/Mul:OpId_1695 (cycles),180809,cycles,DSP,yolov8l-simplified-modified
77564334435,FORWARD_PROPAGATE_LAYER,293,/model.18/m.2/cv1/conv/Conv:OpId_1704 (cycles),99853,cycles,DSP,yolov8l-simplified-modified
77564334435,FORWARD_PROPAGATE_LAYER,294,/model.18/m.2/cv1/act/Sigmoid:OpId_1707 (cycles),0,cycles,DSP,yolov8l-simplified-modified
77564334435,FORWARD_PROPAGATE_LAYER,295,/model.18/m.2/cv1/act/Mul:OpId_1714 (cycles),88232,cycles,DSP,yolov8l-simplified-modified
77564334435,FORWARD_PROPAGATE_LAYER,296,/model.18/m.2/cv2/conv/Conv:OpId_1723 (cycles),94783,cycles,DSP,yolov8l-simplified-modified
77564334435,FORWARD_PROPAGATE_LAYER,297,/model.18/m.2/cv2/act/Sigmoid:OpId_1726 (cycles),0,cycles,DSP,yolov8l-simplified-modified
77564334435,FORWARD_PROPAGATE_LAYER,298,/model.18/m.2/cv2/act/Mul:OpId_1733 (cycles),88194,cycles,DSP,yolov8l-simplified-modified
77564334435,FORWARD_PROPAGATE_LAYER,299,/model.18/Concat:OpId_1735 (cycles),0,cycles,DSP,yolov8l-simplified-modified
77564334435,FORWARD_PROPAGATE_LAYER,300,/model.18/cv2/conv/Conv:OpId_1744 (cycles),87439,cycles,DSP,yolov8l-simplified-modified
77564334435,FORWARD_PROPAGATE_LAYER,301,/model.18/cv2/act/Sigmoid:OpId_1747 (cycles),0,cycles,DSP,yolov8l-simplified-modified
77564334435,FORWARD_PROPAGATE_LAYER,302,/model.18/cv2/act/Mul:OpId_1754 (cycles),162639,cycles,DSP,yolov8l-simplified-modified
77564334435,FORWARD_PROPAGATE_LAYER,303,/model.19/conv/Conv:OpId_1763 (cycles),221962,cycles,DSP,yolov8l-simplified-modified
77564334435,FORWARD_PROPAGATE_LAYER,304,/model.22/cv2.1/cv2.1.0/conv/Conv:OpId_1773 (cycles),44521,cycles,DSP,yolov8l-simplified-modified
77564334435,FORWARD_PROPAGATE_LAYER,305,/model.22/cv3.1/cv3.1.0/conv/Conv:OpId_1783 (cycles),175099,cycles,DSP,yolov8l-simplified-modified
77564334435,FORWARD_PROPAGATE_LAYER,306,/model.19/act/Sigmoid:OpId_1786 (cycles),0,cycles,DSP,yolov8l-simplified-modified
77564334435,FORWARD_PROPAGATE_LAYER,307,/model.22/cv2.1/cv2.1.0/act/Sigmoid:OpId_1793 (cycles),0,cycles,DSP,yolov8l-simplified-modified
77564334435,FORWARD_PROPAGATE_LAYER,308,/model.22/cv3.1/cv3.1.0/act/Sigmoid:OpId_1800 (cycles),0,cycles,DSP,yolov8l-simplified-modified
77564334435,FORWARD_PROPAGATE_LAYER,309,/model.19/act/Mul:OpId_1807 (cycles),43557,cycles,DSP,yolov8l-simplified-modified
77564334435,FORWARD_PROPAGATE_LAYER,310,/model.22/cv2.1/cv2.1.0/act/Mul:OpId_1809 (cycles),16989,cycles,DSP,yolov8l-simplified-modified
77564334435,FORWARD_PROPAGATE_LAYER,311,/model.22/cv3.1/cv3.1.0/act/Mul:OpId_1811 (cycles),88449,cycles,DSP,yolov8l-simplified-modified
77564334435,FORWARD_PROPAGATE_LAYER,312,/model.20/Concat:OpId_1813 (cycles),0,cycles,DSP,yolov8l-simplified-modified
77564334435,FORWARD_PROPAGATE_LAYER,313,/model.22/cv2.1/cv2.1.1/conv/Conv:OpId_1822 (cycles),7310,cycles,DSP,yolov8l-simplified-modified
77564334435,FORWARD_PROPAGATE_LAYER,314,/model.22/cv3.1/cv3.1.1/conv/Conv:OpId_1832 (cycles),96935,cycles,DSP,yolov8l-simplified-modified
77564334435,FORWARD_PROPAGATE_LAYER,315,/model.21/cv1/conv/Conv:OpId_1842 (cycles),25065,cycles,DSP,yolov8l-simplified-modified
77564334435,FORWARD_PROPAGATE_LAYER,316,/model.22/cv2.1/cv2.1.1/act/Sigmoid:OpId_1845 (cycles),0,cycles,DSP,yolov8l-simplified-modified
77564334435,FORWARD_PROPAGATE_LAYER,317,/model.22/cv3.1/cv3.1.1/act/Sigmoid:OpId_1852 (cycles),0,cycles,DSP,yolov8l-simplified-modified
77564334435,FORWARD_PROPAGATE_LAYER,318,/model.21/cv1/act/Sigmoid:OpId_1859 (cycles),0,cycles,DSP,yolov8l-simplified-modified
77564334435,FORWARD_PROPAGATE_LAYER,319,/model.22/cv2.1/cv2.1.1/act/Mul:OpId_1866 (cycles),18328,cycles,DSP,yolov8l-simplified-modified
77564334435,FORWARD_PROPAGATE_LAYER,320,/model.22/cv3.1/cv3.1.1/act/Mul:OpId_1868 (cycles),84867,cycles,DSP,yolov8l-simplified-modified
77564334435,FORWARD_PROPAGATE_LAYER,321,/model.21/cv1/act/Mul:OpId_1870 (cycles),44252,cycles,DSP,yolov8l-simplified-modified
77564334435,FORWARD_PROPAGATE_LAYER,322,/model.22/cv2.1/cv2.1.2/Conv:OpId_1879 (cycles),1964,cycles,DSP,yolov8l-simplified-modified
77564334435,FORWARD_PROPAGATE_LAYER,323,/model.22/cv2.1/cv2.1.2/Conv_output_0.nchw:OpId_1883 (cycles),16296,cycles,DSP,yolov8l-simplified-modified
77564334435,FORWARD_PROPAGATE_LAYER,324,/model.22/cv3.1/cv3.1.2/Conv:OpId_1891 (cycles),4889,cycles,DSP,yolov8l-simplified-modified
77564334435,FORWARD_PROPAGATE_LAYER,325,/model.21/Slice:OpId_1895 (cycles),11200,cycles,DSP,yolov8l-simplified-modified
77564334435,FORWARD_PROPAGATE_LAYER,326,/model.21/Slice_1:OpId_1901 (cycles),9701,cycles,DSP,yolov8l-simplified-modified
77564334435,FORWARD_PROPAGATE_LAYER,327,/model.22/Reshape_2:OpId_1906 (cycles),33567,cycles,DSP,yolov8l-simplified-modified
77564334435,FORWARD_PROPAGATE_LAYER,328,/model.22/Sigmoid_1:OpId_1907 (cycles),155830,cycles,DSP,yolov8l-simplified-modified
77564334435,FORWARD_PROPAGATE_LAYER,329,/model.21/m.0/cv1/conv/Conv:OpId_1921 (cycles),38559,cycles,DSP,yolov8l-simplified-modified
77564334435,FORWARD_PROPAGATE_LAYER,330,/model.22/Transpose_2:OpId_1925 (cycles),25141,cycles,DSP,yolov8l-simplified-modified
77564334435,FORWARD_PROPAGATE_LAYER,331,/model.22/ReduceMax_1:OpId_1927 (cycles),58982,cycles,DSP,yolov8l-simplified-modified
77564334435,FORWARD_PROPAGATE_LAYER,332,/model.21/m.0/cv1/act/Sigmoid:OpId_1929 (cycles),0,cycles,DSP,yolov8l-simplified-modified
77564334435,FORWARD_PROPAGATE_LAYER,333,/model.22/Softmax_1:OpId_1936 (cycles),126418,cycles,DSP,yolov8l-simplified-modified
77564334435,FORWARD_PROPAGATE_LAYER,334,/model.21/m.0/cv1/act/Mul:OpId_1939 (cycles),28597,cycles,DSP,yolov8l-simplified-modified
77564334435,FORWARD_PROPAGATE_LAYER,335,/model.22/Transpose_3:OpId_1942 (cycles),11461,cycles,DSP,yolov8l-simplified-modified
77564334435,FORWARD_PROPAGATE_LAYER,336,/model.21/m.0/cv2/conv/Conv:OpId_1950 (cycles),40850,cycles,DSP,yolov8l-simplified-modified
77564334435,FORWARD_PROPAGATE_LAYER,337,/model.22/proj_conv_1/Conv:OpId_1958 (cycles),2267,cycles,DSP,yolov8l-simplified-modified
77564334435,FORWARD_PROPAGATE_LAYER,338,/model.21/m.0/cv2/act/Sigmoid:OpId_1961 (cycles),0,cycles,DSP,yolov8l-simplified-modified
77564334435,FORWARD_PROPAGATE_LAYER,339,/model.22/Gather_1_output_0_pre_reshape.nchw:OpId_1969 (cycles),0,cycles,DSP,yolov8l-simplified-modified
77564334435,FORWARD_PROPAGATE_LAYER,340,Reshape_post_/model.22/Gather_1:OpId_1970 (cycles),14100,cycles,DSP,yolov8l-simplified-modified
77564334435,FORWARD_PROPAGATE_LAYER,341,/model.22/Reshape_3_output_0.nhwc:OpId_1972 (cycles),2550,cycles,DSP,yolov8l-simplified-modified
77564334435,FORWARD_PROPAGATE_LAYER,342,/model.21/m.0/cv2/act/Mul:OpId_1973 (cycles),51900,cycles,DSP,yolov8l-simplified-modified
77564334435,FORWARD_PROPAGATE_LAYER,343,/model.21/m.1/cv1/conv/Conv:OpId_1982 (cycles),36823,cycles,DSP,yolov8l-simplified-modified
77564334435,FORWARD_PROPAGATE_LAYER,344,/model.22/Concat_1:OpId_1985 (cycles),20143,cycles,DSP,yolov8l-simplified-modified
77564334435,FORWARD_PROPAGATE_LAYER,345,/model.21/m.1/cv1/act/Sigmoid:OpId_1987 (cycles),0,cycles,DSP,yolov8l-simplified-modified
77564334435,FORWARD_PROPAGATE_LAYER,346,/model.21/m.1/cv1/act/Mul:OpId_1994 (cycles),26565,cycles,DSP,yolov8l-simplified-modified
77564334435,FORWARD_PROPAGATE_LAYER,347,/model.21/m.1/cv2/conv/Conv:OpId_2003 (cycles),36856,cycles,DSP,yolov8l-simplified-modified
77564334435,FORWARD_PROPAGATE_LAYER,348,/model.21/m.1/cv2/act/Sigmoid:OpId_2006 (cycles),0,cycles,DSP,yolov8l-simplified-modified
77564334435,FORWARD_PROPAGATE_LAYER,349,/model.21/m.1/cv2/act/Mul:OpId_2013 (cycles),56855,cycles,DSP,yolov8l-simplified-modified
77564334435,FORWARD_PROPAGATE_LAYER,350,/model.21/m.2/cv1/conv/Conv:OpId_2022 (cycles),35646,cycles,DSP,yolov8l-simplified-modified
77564334435,FORWARD_PROPAGATE_LAYER,351,/model.21/m.2/cv1/act/Sigmoid:OpId_2025 (cycles),0,cycles,DSP,yolov8l-simplified-modified
77564334435,FORWARD_PROPAGATE_LAYER,352,/model.21/m.2/cv1/act/Mul:OpId_2032 (cycles),27061,cycles,DSP,yolov8l-simplified-modified
77564334435,FORWARD_PROPAGATE_LAYER,353,/model.21/m.2/cv2/conv/Conv:OpId_2041 (cycles),37599,cycles,DSP,yolov8l-simplified-modified
77564334435,FORWARD_PROPAGATE_LAYER,354,/model.21/m.2/cv2/act/Sigmoid:OpId_2044 (cycles),0,cycles,DSP,yolov8l-simplified-modified
77564334435,FORWARD_PROPAGATE_LAYER,355,/model.21/m.2/cv2/act/Mul:OpId_2051 (cycles),29417,cycles,DSP,yolov8l-simplified-modified
77564334435,FORWARD_PROPAGATE_LAYER,356,/model.21/Concat:OpId_2053 (cycles),0,cycles,DSP,yolov8l-simplified-modified
77564334435,FORWARD_PROPAGATE_LAYER,357,/model.21/cv2/conv/Conv:OpId_2062 (cycles),31218,cycles,DSP,yolov8l-simplified-modified
77564334435,FORWARD_PROPAGATE_LAYER,358,/model.21/cv2/act/Sigmoid:OpId_2065 (cycles),0,cycles,DSP,yolov8l-simplified-modified
77564334435,FORWARD_PROPAGATE_LAYER,359,/model.21/cv2/act/Mul:OpId_2072 (cycles),44155,cycles,DSP,yolov8l-simplified-modified
77564334435,FORWARD_PROPAGATE_LAYER,360,/model.22/cv2.2/cv2.2.0/conv/Conv:OpId_2081 (cycles),20700,cycles,DSP,yolov8l-simplified-modified
77564334435,FORWARD_PROPAGATE_LAYER,361,/model.22/cv3.2/cv3.2.0/conv/Conv:OpId_2091 (cycles),66264,cycles,DSP,yolov8l-simplified-modified
77564334435,FORWARD_PROPAGATE_LAYER,362,/model.22/cv2.2/cv2.2.0/act/Sigmoid:OpId_2094 (cycles),0,cycles,DSP,yolov8l-simplified-modified
77564334435,FORWARD_PROPAGATE_LAYER,363,/model.22/cv3.2/cv3.2.0/act/Sigmoid:OpId_2101 (cycles),0,cycles,DSP,yolov8l-simplified-modified
77564334435,FORWARD_PROPAGATE_LAYER,364,/model.22/cv2.2/cv2.2.0/act/Mul:OpId_2108 (cycles),9822,cycles,DSP,yolov8l-simplified-modified
77564334435,FORWARD_PROPAGATE_LAYER,365,/model.22/cv3.2/cv3.2.0/act/Mul:OpId_2110 (cycles),28121,cycles,DSP,yolov8l-simplified-modified
77564334435,FORWARD_PROPAGATE_LAYER,366,/model.22/cv2.2/cv2.2.1/conv/Conv:OpId_2119 (cycles),3778,cycles,DSP,yolov8l-simplified-modified
77564334435,FORWARD_PROPAGATE_LAYER,367,/model.22/cv3.2/cv3.2.1/conv/Conv:OpId_2129 (cycles),37047,cycles,DSP,yolov8l-simplified-modified
77564334435,FORWARD_PROPAGATE_LAYER,368,/model.22/cv2.2/cv2.2.1/act/Sigmoid:OpId_2132 (cycles),0,cycles,DSP,yolov8l-simplified-modified
77564334435,FORWARD_PROPAGATE_LAYER,369,/model.22/cv3.2/cv3.2.1/act/Sigmoid:OpId_2139 (cycles),0,cycles,DSP,yolov8l-simplified-modified
77564334435,FORWARD_PROPAGATE_LAYER,370,/model.22/cv2.2/cv2.2.1/act/Mul:OpId_2146 (cycles),7516,cycles,DSP,yolov8l-simplified-modified
77564334435,FORWARD_PROPAGATE_LAYER,371,/model.22/cv3.2/cv3.2.1/act/Mul:OpId_2148 (cycles),30472,cycles,DSP,yolov8l-simplified-modified
77564334435,FORWARD_PROPAGATE_LAYER,372,/model.22/cv2.2/cv2.2.2/Conv:OpId_2157 (cycles),1195,cycles,DSP,yolov8l-simplified-modified
77564334435,FORWARD_PROPAGATE_LAYER,373,/model.22/cv2.2/cv2.2.2/Conv_output_0.nchw:OpId_2161 (cycles),5162,cycles,DSP,yolov8l-simplified-modified
77564334435,FORWARD_PROPAGATE_LAYER,374,/model.22/cv3.2/cv3.2.2/Conv:OpId_2169 (cycles),14844,cycles,DSP,yolov8l-simplified-modified
77564334435,FORWARD_PROPAGATE_LAYER,375,/model.22/Reshape_4:OpId_2172 (cycles),12212,cycles,DSP,yolov8l-simplified-modified
77564334435,FORWARD_PROPAGATE_LAYER,376,/model.22/Sigmoid_2:OpId_2173 (cycles),28939,cycles,DSP,yolov8l-simplified-modified
77564334435,FORWARD_PROPAGATE_LAYER,377,/model.22/Transpose_4:OpId_2181 (cycles),6790,cycles,DSP,yolov8l-simplified-modified
77564334435,FORWARD_PROPAGATE_LAYER,378,/model.22/ReduceMax_2:OpId_2183 (cycles),19871,cycles,DSP,yolov8l-simplified-modified
77564334435,FORWARD_PROPAGATE_LAYER,379,/model.22/Softmax_2:OpId_2185 (cycles),34438,cycles,DSP,yolov8l-simplified-modified
77564334435,FORWARD_PROPAGATE_LAYER,380,/model.22/Transpose_5:OpId_2189 (cycles),2137,cycles,DSP,yolov8l-simplified-modified
77564334435,FORWARD_PROPAGATE_LAYER,381,/model.22/proj_conv_2/Conv:OpId_2195 (cycles),1001,cycles,DSP,yolov8l-simplified-modified
77564334435,FORWARD_PROPAGATE_LAYER,382,/model.22/Gather_2_output_0_pre_reshape.nchw:OpId_2199 (cycles),0,cycles,DSP,yolov8l-simplified-modified
77564334435,FORWARD_PROPAGATE_LAYER,383,Reshape_post_/model.22/Gather_2:OpId_2200 (cycles),2826,cycles,DSP,yolov8l-simplified-modified
77564334435,FORWARD_PROPAGATE_LAYER,384,/model.22/Reshape_5_output_0.nhwc:OpId_2202 (cycles),909,cycles,DSP,yolov8l-simplified-modified
77564334435,FORWARD_PROPAGATE_LAYER,385,/model.22/Concat_2:OpId_2203 (cycles),8271,cycles,DSP,yolov8l-simplified-modified
77564334435,FORWARD_PROPAGATE_LAYER,386,Output OpId_3 (cycles),54514,cycles,DSP,yolov8l-simplified-modified
77564334435,EXECUTE_TIME_SUBNET_0,,,28451255,cycles,DSP,yolov8l-simplified-modified
77564334435,TOTAL_INFERENCE_TIME,,,34446,us,,yolov8l-simplified-modified
77564334435,FORWARD_PROPAGATE,,,34410,us,,yolov8l-simplified-modified
77564334435,FORWARD_PROPAGATE_LAYER,0,Input OpId_2 (cycles),0,cycles,DSP,yolov8l-simplified-modified
77564334435,FORWARD_PROPAGATE_LAYER,1,/model.0/conv/Conv:OpId_23 (cycles),598896,cycles,DSP,yolov8l-simplified-modified
77564334435,FORWARD_PROPAGATE_LAYER,2,/model.0/act/Sigmoid:OpId_26 (cycles),0,cycles,DSP,yolov8l-simplified-modified
77564334435,FORWARD_PROPAGATE_LAYER,3,/model.0/act/Mul:OpId_33 (cycles),976699,cycles,DSP,yolov8l-simplified-modified
77564334435,FORWARD_PROPAGATE_LAYER,4,/model.1/conv/Conv:OpId_42 (cycles),470179,cycles,DSP,yolov8l-simplified-modified
77564334435,FORWARD_PROPAGATE_LAYER,5,/model.1/act/Sigmoid:OpId_45 (cycles),0,cycles,DSP,yolov8l-simplified-modified
77564334435,FORWARD_PROPAGATE_LAYER,6,/model.1/act/Mul:OpId_52 (cycles),455714,cycles,DSP,yolov8l-simplified-modified
77564334435,FORWARD_PROPAGATE_LAYER,7,/model.2/cv1/conv/Conv:OpId_61 (cycles),39487,cycles,DSP,yolov8l-simplified-modified
77564334435,FORWARD_PROPAGATE_LAYER,8,/model.2/cv1/act/Sigmoid:OpId_64 (cycles),0,cycles,DSP,yolov8l-simplified-modified
77564334435,FORWARD_PROPAGATE_LAYER,9,/model.2/cv1/act/Mul:OpId_71 (cycles),448437,cycles,DSP,yolov8l-simplified-modified
77564334435,FORWARD_PROPAGATE_LAYER,10,/model.2/Slice:OpId_74 (cycles),98534,cycles,DSP,yolov8l-simplified-modified
77564334435,FORWARD_PROPAGATE_LAYER,11,/model.2/Slice_1:OpId_80 (cycles),87949,cycles,DSP,yolov8l-simplified-modified
77564334435,FORWARD_PROPAGATE_LAYER,12,/model.2/m.0/cv1/conv/Conv:OpId_92 (cycles),84886,cycles,DSP,yolov8l-simplified-modified
77564334435,FORWARD_PROPAGATE_LAYER,13,/model.2/m.0/cv1/act/Sigmoid:OpId_95 (cycles),0,cycles,DSP,yolov8l-simplified-modified
77564334435,FORWARD_PROPAGATE_LAYER,14,/model.2/m.0/cv1/act/Mul:OpId_102 (cycles),238718,cycles,DSP,yolov8l-simplified-modified
77564334435,FORWARD_PROPAGATE_LAYER,15,/model.2/m.0/cv2/conv/Conv:OpId_111 (cycles),83257,cycles,DSP,yolov8l-simplified-modified
77564334435,FORWARD_PROPAGATE_LAYER,16,/model.2/m.0/cv2/act/Sigmoid:OpId_114 (cycles),0,cycles,DSP,yolov8l-simplified-modified
77564334435,FORWARD_PROPAGATE_LAYER,17,/model.2/m.0/cv2/act/Mul:OpId_121 (cycles),234817,cycles,DSP,yolov8l-simplified-modified
77564334435,FORWARD_PROPAGATE_LAYER,18,/model.2/m.0/Add:OpId_123 (cycles),220354,cycles,DSP,yolov8l-simplified-modified
77564334435,FORWARD_PROPAGATE_LAYER,19,/model.2/m.1/cv1/conv/Conv:OpId_132 (cycles),85356,cycles,DSP,yolov8l-simplified-modified
77564334435,FORWARD_PROPAGATE_LAYER,20,/model.2/m.1/cv1/act/Sigmoid:OpId_135 (cycles),0,cycles,DSP,yolov8l-simplified-modified
77564334435,FORWARD_PROPAGATE_LAYER,21,/model.2/m.1/cv1/act/Mul:OpId_142 (cycles),238540,cycles,DSP,yolov8l-simplified-modified
77564334435,FORWARD_PROPAGATE_LAYER,22,/model.2/m.1/cv2/conv/Conv:OpId_151 (cycles),83815,cycles,DSP,yolov8l-simplified-modified
77564334435,FORWARD_PROPAGATE_LAYER,23,/model.2/m.1/cv2/act/Sigmoid:OpId_154 (cycles),0,cycles,DSP,yolov8l-simplified-modified
77564334435,FORWARD_PROPAGATE_LAYER,24,/model.2/m.1/cv2/act/Mul:OpId_161 (cycles),251158,cycles,DSP,yolov8l-simplified-modified
77564334435,FORWARD_PROPAGATE_LAYER,25,/model.2/m.1/Add:OpId_163 (cycles),232096,cycles,DSP,yolov8l-simplified-modified
77564334435,FORWARD_PROPAGATE_LAYER,26,/model.2/m.2/cv1/conv/Conv:OpId_172 (cycles),84285,cycles,DSP,yolov8l-simplified-modified
77564334435,FORWARD_PROPAGATE_LAYER,27,/model.2/m.2/cv1/act/Sigmoid:OpId_175 (cycles),0,cycles,DSP,yolov8l-simplified-modified
77564334435,FORWARD_PROPAGATE_LAYER,28,/model.2/m.2/cv1/act/Mul:OpId_182 (cycles),241424,cycles,DSP,yolov8l-simplified-modified
77564334435,FORWARD_PROPAGATE_LAYER,29,/model.2/m.2/cv2/conv/Conv:OpId_191 (cycles),84245,cycles,DSP,yolov8l-simplified-modified
77564334435,FORWARD_PROPAGATE_LAYER,30,/model.2/m.2/cv2/act/Sigmoid:OpId_194 (cycles),0,cycles,DSP,yolov8l-simplified-modified
77564334435,FORWARD_PROPAGATE_LAYER,31,/model.2/m.2/cv2/act/Mul:OpId_201 (cycles),233835,cycles,DSP,yolov8l-simplified-modified
77564334435,FORWARD_PROPAGATE_LAYER,32,/model.2/m.2/Add:OpId_203 (cycles),120492,cycles,DSP,yolov8l-simplified-modified
77564334435,FORWARD_PROPAGATE_LAYER,33,/model.2/Concat:OpId_205 (cycles),0,cycles,DSP,yolov8l-simplified-modified
77564334435,FORWARD_PROPAGATE_LAYER,34,/model.2/cv2/conv/Conv:OpId_214 (cycles),94118,cycles,DSP,yolov8l-simplified-modified
77564334435,FORWARD_PROPAGATE_LAYER,35,/model.2/cv2/act/Sigmoid:OpId_217 (cycles),0,cycles,DSP,yolov8l-simplified-modified
77564334435,FORWARD_PROPAGATE_LAYER,36,/model.2/cv2/act/Mul:OpId_224 (cycles),516265,cycles,DSP,yolov8l-simplified-modified
77564334435,FORWARD_PROPAGATE_LAYER,37,/model.3/conv/Conv:OpId_233 (cycles),330343,cycles,DSP,yolov8l-simplified-modified
77564334435,FORWARD_PROPAGATE_LAYER,38,/model.3/act/Sigmoid:OpId_236 (cycles),0,cycles,DSP,yolov8l-simplified-modified
77564334435,FORWARD_PROPAGATE_LAYER,39,/model.3/act/Mul:OpId_243 (cycles),251041,cycles,DSP,yolov8l-simplified-modified
77564334435,FORWARD_PROPAGATE_LAYER,40,/model.4/cv1/conv/Conv:OpId_252 (cycles),36420,cycles,DSP,yolov8l-simplified-modified
77564334435,FORWARD_PROPAGATE_LAYER,41,/model.4/cv1/act/Sigmoid:OpId_255 (cycles),0,cycles,DSP,yolov8l-simplified-modified
77564334435,FORWARD_PROPAGATE_LAYER,42,/model.4/cv1/act/Mul:OpId_262 (cycles),240256,cycles,DSP,yolov8l-simplified-modified
77564334435,FORWARD_PROPAGATE_LAYER,43,/model.4/Slice:OpId_265 (cycles),45994,cycles,DSP,yolov8l-simplified-modified
77564334435,FORWARD_PROPAGATE_LAYER,44,/model.4/Slice_1:OpId_271 (cycles),49469,cycles,DSP,yolov8l-simplified-modified
77564334435,FORWARD_PROPAGATE_LAYER,45,/model.4/m.0/cv1/conv/Conv:OpId_283 (cycles),89225,cycles,DSP,yolov8l-simplified-modified
77564334435,FORWARD_PROPAGATE_LAYER,46,/model.4/m.0/cv1/act/Sigmoid:OpId_286 (cycles),0,cycles,DSP,yolov8l-simplified-modified
77564334435,FORWARD_PROPAGATE_LAYER,47,/model.4/m.0/cv1/act/Mul:OpId_293 (cycles),164006,cycles,DSP,yolov8l-simplified-modified
77564334435,FORWARD_PROPAGATE_LAYER,48,/model.4/m.0/cv2/conv/Conv:OpId_302 (cycles),84939,cycles,DSP,yolov8l-simplified-modified
77564334435,FORWARD_PROPAGATE_LAYER,49,/model.4/m.0/cv2/act/Sigmoid:OpId_305 (cycles),0,cycles,DSP,yolov8l-simplified-modified
77564334435,FORWARD_PROPAGATE_LAYER,50,/model.4/m.0/cv2/act/Mul:OpId_312 (cycles),151728,cycles,DSP,yolov8l-simplified-modified
77564334435,FORWARD_PROPAGATE_LAYER,51,/model.4/m.0/Add:OpId_314 (cycles),125339,cycles,DSP,yolov8l-simplified-modified
77564334435,FORWARD_PROPAGATE_LAYER,52,/model.4/m.1/cv1/conv/Conv:OpId_323 (cycles),91585,cycles,DSP,yolov8l-simplified-modified
77564334435,FORWARD_PROPAGATE_LAYER,53,/model.4/m.1/cv1/act/Sigmoid:OpId_326 (cycles),0,cycles,DSP,yolov8l-simplified-modified
77564334435,FORWARD_PROPAGATE_LAYER,54,/model.4/m.1/cv1/act/Mul:OpId_333 (cycles),148299,cycles,DSP,yolov8l-simplified-modified
77564334435,FORWARD_PROPAGATE_LAYER,55,/model.4/m.1/cv2/conv/Conv:OpId_342 (cycles),80645,cycles,DSP,yolov8l-simplified-modified
77564334435,FORWARD_PROPAGATE_LAYER,56,/model.4/m.1/cv2/act/Sigmoid:OpId_345 (cycles),0,cycles,DSP,yolov8l-simplified-modified
77564334435,FORWARD_PROPAGATE_LAYER,57,/model.4/m.1/cv2/act/Mul:OpId_352 (cycles),134419,cycles,DSP,yolov8l-simplified-modified
77564334435,FORWARD_PROPAGATE_LAYER,58,/model.4/m.1/Add:OpId_354 (cycles),126996,cycles,DSP,yolov8l-simplified-modified
77564334435,FORWARD_PROPAGATE_LAYER,59,/model.4/m.2/cv1/conv/Conv:OpId_363 (cycles),90987,cycles,DSP,yolov8l-simplified-modified
77564334435,FORWARD_PROPAGATE_LAYER,60,/model.4/m.2/cv1/act/Sigmoid:OpId_366 (cycles),0,cycles,DSP,yolov8l-simplified-modified
77564334435,FORWARD_PROPAGATE_LAYER,61,/model.4/m.2/cv1/act/Mul:OpId_373 (cycles),144819,cycles,DSP,yolov8l-simplified-modified
77564334435,FORWARD_PROPAGATE_LAYER,62,/model.4/m.2/cv2/conv/Conv:OpId_382 (cycles),87556,cycles,DSP,yolov8l-simplified-modified
77564334435,FORWARD_PROPAGATE_LAYER,63,/model.4/m.2/cv2/act/Sigmoid:OpId_385 (cycles),0,cycles,DSP,yolov8l-simplified-modified
77564334435,FORWARD_PROPAGATE_LAYER,64,/model.4/m.2/cv2/act/Mul:OpId_392 (cycles),143981,cycles,DSP,yolov8l-simplified-modified
77564334435,FORWARD_PROPAGATE_LAYER,65,/model.4/m.2/Add:OpId_394 (cycles),131899,cycles,DSP,yolov8l-simplified-modified
77564334435,FORWARD_PROPAGATE_LAYER,66,/model.4/m.3/cv1/conv/Conv:OpId_403 (cycles),90586,cycles,DSP,yolov8l-simplified-modified
77564334435,FORWARD_PROPAGATE_LAYER,67,/model.4/m.3/cv1/act/Sigmoid:OpId_406 (cycles),0,cycles,DSP,yolov8l-simplified-modified
77564334435,FORWARD_PROPAGATE_LAYER,68,/model.4/m.3/cv1/act/Mul:OpId_413 (cycles),163257,cycles,DSP,yolov8l-simplified-modified
77564334435,FORWARD_PROPAGATE_LAYER,69,/model.4/m.3/cv2/conv/Conv:OpId_422 (cycles),89330,cycles,DSP,yolov8l-simplified-modified
77564334435,FORWARD_PROPAGATE_LAYER,70,/model.4/m.3/cv2/act/Sigmoid:OpId_425 (cycles),0,cycles,DSP,yolov8l-simplified-modified
77564334435,FORWARD_PROPAGATE_LAYER,71,/model.4/m.3/cv2/act/Mul:OpId_432 (cycles),149509,cycles,DSP,yolov8l-simplified-modified
77564334435,FORWARD_PROPAGATE_LAYER,72,/model.4/m.3/Add:OpId_434 (cycles),136039,cycles,DSP,yolov8l-simplified-modified
77564334435,FORWARD_PROPAGATE_LAYER,73,/model.4/m.4/cv1/conv/Conv:OpId_443 (cycles),89497,cycles,DSP,yolov8l-simplified-modified
77564334435,FORWARD_PROPAGATE_LAYER,74,/model.4/m.4/cv1/act/Sigmoid:OpId_446 (cycles),0,cycles,DSP,yolov8l-simplified-modified
77564334435,FORWARD_PROPAGATE_LAYER,75,/model.4/m.4/cv1/act/Mul:OpId_453 (cycles),155733,cycles,DSP,yolov8l-simplified-modified
77564334435,FORWARD_PROPAGATE_LAYER,76,/model.4/m.4/cv2/conv/Conv:OpId_462 (cycles),82071,cycles,DSP,yolov8l-simplified-modified
77564334435,FORWARD_PROPAGATE_LAYER,77,/model.4/m.4/cv2/act/Sigmoid:OpId_465 (cycles),0,cycles,DSP,yolov8l-simplified-modified
77564334435,FORWARD_PROPAGATE_LAYER,78,/model.4/m.4/cv2/act/Mul:OpId_472 (cycles),149943,cycles,DSP,yolov8l-simplified-modified
77564334435,FORWARD_PROPAGATE_LAYER,79,/model.4/m.4/Add:OpId_474 (cycles),144478,cycles,DSP,yolov8l-simplified-modified
77564334435,FORWARD_PROPAGATE_LAYER,80,/model.4/m.5/cv1/conv/Conv:OpId_483 (cycles),89344,cycles,DSP,yolov8l-simplified-modified
77564334435,FORWARD_PROPAGATE_LAYER,81,/model.4/m.5/cv1/act/Sigmoid:OpId_486 (cycles),0,cycles,DSP,yolov8l-simplified-modified
77564334435,FORWARD_PROPAGATE_LAYER,82,/model.4/m.5/cv1/act/Mul:OpId_493 (cycles),148008,cycles,DSP,yolov8l-simplified-modified
77564334435,FORWARD_PROPAGATE_LAYER,83,/model.4/m.5/cv2/conv/Conv:OpId_502 (cycles),86948,cycles,DSP,yolov8l-simplified-modified
77564334435,FORWARD_PROPAGATE_LAYER,84,/model.4/m.5/cv2/act/Sigmoid:OpId_505 (cycles),0,cycles,DSP,yolov8l-simplified-modified
77564334435,FORWARD_PROPAGATE_LAYER,85,/model.4/m.5/cv2/act/Mul:OpId_512 (cycles),146756,cycles,DSP,yolov8l-simplified-modified
77564334435,FORWARD_PROPAGATE_LAYER,86,/model.4/m.5/Add:OpId_514 (cycles),62385,cycles,DSP,yolov8l-simplified-modified
77564334435,FORWARD_PROPAGATE_LAYER,87,/model.4/Concat:OpId_516 (cycles),0,cycles,DSP,yolov8l-simplified-modified
77564334435,FORWARD_PROPAGATE_LAYER,88,/model.4/cv2/conv/Conv:OpId_525 (cycles),141246,cycles,DSP,yolov8l-simplified-modified
77564334435,FORWARD_PROPAGATE_LAYER,89,/model.4/cv2/act/Sigmoid:OpId_528 (cycles),0,cycles,DSP,yolov8l-simplified-modified
77564334435,FORWARD_PROPAGATE_LAYER,90,/model.4/cv2/act/Mul:OpId_535 (cycles),569147,cycles,DSP,yolov8l-simplified-modified
77564334435,FORWARD_PROPAGATE_LAYER,91,/model.5/conv/Conv:OpId_544 (cycles),279292,cycles,DSP,yolov8l-simplified-modified
77564334435,FORWARD_PROPAGATE_LAYER,92,/model.5/act/Sigmoid:OpId_547 (cycles),0,cycles,DSP,yolov8l-simplified-modified
77564334435,FORWARD_PROPAGATE_LAYER,93,/model.5/act/Mul:OpId_554 (cycles),133190,cycles,DSP,yolov8l-simplified-modified
77564334435,FORWARD_PROPAGATE_LAYER,94,/model.6/cv1/conv/Conv:OpId_563 (cycles),37801,cycles,DSP,yolov8l-simplified-modified
77564334435,FORWARD_PROPAGATE_LAYER,95,/model.6/cv1/act/Sigmoid:OpId_566 (cycles),0,cycles,DSP,yolov8l-simplified-modified
77564334435,FORWARD_PROPAGATE_LAYER,96,/model.6/cv1/act/Mul:OpId_573 (cycles),139702,cycles,DSP,yolov8l-simplified-modified
77564334435,FORWARD_PROPAGATE_LAYER,97,/model.6/Slice:OpId_576 (cycles),21057,cycles,DSP,yolov8l-simplified-modified
77564334435,FORWARD_PROPAGATE_LAYER,98,/model.6/Slice_1:OpId_582 (cycles),23923,cycles,DSP,yolov8l-simplified-modified
77564334435,FORWARD_PROPAGATE_LAYER,99,/model.6/m.0/cv1/conv/Conv:OpId_594 (cycles),87144,cycles,DSP,yolov8l-simplified-modified
77564334435,FORWARD_PROPAGATE_LAYER,100,/model.6/m.0/cv1/act/Sigmoid:OpId_597 (cycles),0,cycles,DSP,yolov8l-simplified-modified
77564334435,FORWARD_PROPAGATE_LAYER,101,/model.6/m.0/cv1/act/Mul:OpId_604 (cycles),90060,cycles,DSP,yolov8l-simplified-modified
77564334435,FORWARD_PROPAGATE_LAYER,102,/model.6/m.0/cv2/conv/Conv:OpId_613 (cycles),100532,cycles,DSP,yolov8l-simplified-modified
77564334435,FORWARD_PROPAGATE_LAYER,103,/model.6/m.0/cv2/act/Sigmoid:OpId_616 (cycles),0,cycles,DSP,yolov8l-simplified-modified
77564334435,FORWARD_PROPAGATE_LAYER,104,/model.6/m.0/cv2/act/Mul:OpId_623 (cycles),84701,cycles,DSP,yolov8l-simplified-modified
77564334435,FORWARD_PROPAGATE_LAYER,105,/model.6/m.0/Add:OpId_625 (cycles),57260,cycles,DSP,yolov8l-simplified-modified
77564334435,FORWARD_PROPAGATE_LAYER,106,/model.6/m.1/cv1/conv/Conv:OpId_634 (cycles),102060,cycles,DSP,yolov8l-simplified-modified
77564334435,FORWARD_PROPAGATE_LAYER,107,/model.6/m.1/cv1/act/Sigmoid:OpId_637 (cycles),0,cycles,DSP,yolov8l-simplified-modified
77564334435,FORWARD_PROPAGATE_LAYER,108,/model.6/m.1/cv1/act/Mul:OpId_644 (cycles),90289,cycles,DSP,yolov8l-simplified-modified
77564334435,FORWARD_PROPAGATE_LAYER,109,/model.6/m.1/cv2/conv/Conv:OpId_653 (cycles),88472,cycles,DSP,yolov8l-simplified-modified
77564334435,FORWARD_PROPAGATE_LAYER,110,/model.6/m.1/cv2/act/Sigmoid:OpId_656 (cycles),0,cycles,DSP,yolov8l-simplified-modified
77564334435,FORWARD_PROPAGATE_LAYER,111,/model.6/m.1/cv2/act/Mul:OpId_663 (cycles),84969,cycles,DSP,yolov8l-simplified-modified
77564334435,FORWARD_PROPAGATE_LAYER,112,/model.6/m.1/Add:OpId_665 (cycles),54860,cycles,DSP,yolov8l-simplified-modified
77564334435,FORWARD_PROPAGATE_LAYER,113,/model.6/m.2/cv1/conv/Conv:OpId_674 (cycles),101810,cycles,DSP,yolov8l-simplified-modified
77564334435,FORWARD_PROPAGATE_LAYER,114,/model.6/m.2/cv1/act/Sigmoid:OpId_677 (cycles),0,cycles,DSP,yolov8l-simplified-modified
77564334435,FORWARD_PROPAGATE_LAYER,115,/model.6/m.2/cv1/act/Mul:OpId_684 (cycles),89439,cycles,DSP,yolov8l-simplified-modified
77564334435,FORWARD_PROPAGATE_LAYER,116,/model.6/m.2/cv2/conv/Conv:OpId_693 (cycles),86769,cycles,DSP,yolov8l-simplified-modified
77564334435,FORWARD_PROPAGATE_LAYER,117,/model.6/m.2/cv2/act/Sigmoid:OpId_696 (cycles),0,cycles,DSP,yolov8l-simplified-modified
77564334435,FORWARD_PROPAGATE_LAYER,118,/model.6/m.2/cv2/act/Mul:OpId_703 (cycles),82874,cycles,DSP,yolov8l-simplified-modified
77564334435,FORWARD_PROPAGATE_LAYER,119,/model.6/m.2/Add:OpId_705 (cycles),54744,cycles,DSP,yolov8l-simplified-modified
77564334435,FORWARD_PROPAGATE_LAYER,120,/model.6/m.3/cv1/conv/Conv:OpId_714 (cycles),102049,cycles,DSP,yolov8l-simplified-modified
77564334435,FORWARD_PROPAGATE_LAYER,121,/model.6/m.3/cv1/act/Sigmoid:OpId_717 (cycles),0,cycles,DSP,yolov8l-simplified-modified
77564334435,FORWARD_PROPAGATE_LAYER,122,/model.6/m.3/cv1/act/Mul:OpId_724 (cycles),91568,cycles,DSP,yolov8l-simplified-modified
77564334435,FORWARD_PROPAGATE_LAYER,123,/model.6/m.3/cv2/conv/Conv:OpId_733 (cycles),101050,cycles,DSP,yolov8l-simplified-modified
77564334435,FORWARD_PROPAGATE_LAYER,124,/model.6/m.3/cv2/act/Sigmoid:OpId_736 (cycles),0,cycles,DSP,yolov8l-simplified-modified
77564334435,FORWARD_PROPAGATE_LAYER,125,/model.6/m.3/cv2/act/Mul:OpId_743 (cycles),85840,cycles,DSP,yolov8l-simplified-modified
77564334435,FORWARD_PROPAGATE_LAYER,126,/model.6/m.3/Add:OpId_745 (cycles),57585,cycles,DSP,yolov8l-simplified-modified
77564334435,FORWARD_PROPAGATE_LAYER,127,/model.6/m.4/cv1/conv/Conv:OpId_754 (cycles),101974,cycles,DSP,yolov8l-simplified-modified
77564334435,FORWARD_PROPAGATE_LAYER,128,/model.6/m.4/cv1/act/Sigmoid:OpId_757 (cycles),0,cycles,DSP,yolov8l-simplified-modified
77564334435,FORWARD_PROPAGATE_LAYER,129,/model.6/m.4/cv1/act/Mul:OpId_764 (cycles),90089,cycles,DSP,yolov8l-simplified-modified
77564334435,FORWARD_PROPAGATE_LAYER,130,/model.6/m.4/cv2/conv/Conv:OpId_773 (cycles),91047,cycles,DSP,yolov8l-simplified-modified
77564334435,FORWARD_PROPAGATE_LAYER,131,/model.6/m.4/cv2/act/Sigmoid:OpId_776 (cycles),0,cycles,DSP,yolov8l-simplified-modified
77564334435,FORWARD_PROPAGATE_LAYER,132,/model.6/m.4/cv2/act/Mul:OpId_783 (cycles),84511,cycles,DSP,yolov8l-simplified-modified
77564334435,FORWARD_PROPAGATE_LAYER,133,/model.6/m.4/Add:OpId_785 (cycles),59168,cycles,DSP,yolov8l-simplified-modified
77564334435,FORWARD_PROPAGATE_LAYER,134,/model.6/m.5/cv1/conv/Conv:OpId_794 (cycles),117030,cycles,DSP,yolov8l-simplified-modified
77564334435,FORWARD_PROPAGATE_LAYER,135,/model.6/m.5/cv1/act/Sigmoid:OpId_797 (cycles),0,cycles,DSP,yolov8l-simplified-modified
77564334435,FORWARD_PROPAGATE_LAYER,136,/model.6/m.5/cv1/act/Mul:OpId_804 (cycles),85208,cycles,DSP,yolov8l-simplified-modified
77564334435,FORWARD_PROPAGATE_LAYER,137,/model.6/m.5/cv2/conv/Conv:OpId_813 (cycles),85938,cycles,DSP,yolov8l-simplified-modified
77564334435,FORWARD_PROPAGATE_LAYER,138,/model.6/m.5/cv2/act/Sigmoid:OpId_816 (cycles),0,cycles,DSP,yolov8l-simplified-modified
77564334435,FORWARD_PROPAGATE_LAYER,139,/model.6/m.5/cv2/act/Mul:OpId_823 (cycles),84645,cycles,DSP,yolov8l-simplified-modified
77564334435,FORWARD_PROPAGATE_LAYER,140,/model.6/m.5/Add:OpId_825 (cycles),30053,cycles,DSP,yolov8l-simplified-modified
77564334435,FORWARD_PROPAGATE_LAYER,141,/model.6/Concat:OpId_827 (cycles),0,cycles,DSP,yolov8l-simplified-modified
77564334435,FORWARD_PROPAGATE_LAYER,142,/model.6/cv2/conv/Conv:OpId_836 (cycles),139736,cycles,DSP,yolov8l-simplified-modified
77564334435,FORWARD_PROPAGATE_LAYER,143,/model.6/cv2/act/Sigmoid:OpId_839 (cycles),0,cycles,DSP,yolov8l-simplified-modified
77564334435,FORWARD_PROPAGATE_LAYER,144,/model.6/cv2/act/Mul:OpId_846 (cycles),304982,cycles,DSP,yolov8l-simplified-modified
77564334435,FORWARD_PROPAGATE_LAYER,145,/model.7/conv/Conv:OpId_855 (cycles),227871,cycles,DSP,yolov8l-simplified-modified
77564334435,FORWARD_PROPAGATE_LAYER,146,/model.7/act/Sigmoid:OpId_858 (cycles),0,cycles,DSP,yolov8l-simplified-modified
77564334435,FORWARD_PROPAGATE_LAYER,147,/model.7/act/Mul:OpId_865 (cycles),44256,cycles,DSP,yolov8l-simplified-modified
77564334435,FORWARD_PROPAGATE_LAYER,148,/model.8/cv1/conv/Conv:OpId_874 (cycles),13524,cycles,DSP,yolov8l-simplified-modified
77564334435,FORWARD_PROPAGATE_LAYER,149,/model.8/cv1/act/Sigmoid:OpId_877 (cycles),0,cycles,DSP,yolov8l-simplified-modified
77564334435,FORWARD_PROPAGATE_LAYER,150,/model.8/cv1/act/Mul:OpId_884 (cycles),40606,cycles,DSP,yolov8l-simplified-modified
77564334435,FORWARD_PROPAGATE_LAYER,151,/model.8/Slice:OpId_887 (cycles),8183,cycles,DSP,yolov8l-simplified-modified
77564334435,FORWARD_PROPAGATE_LAYER,152,/model.8/Slice_1:OpId_893 (cycles),8924,cycles,DSP,yolov8l-simplified-modified
77564334435,FORWARD_PROPAGATE_LAYER,153,/model.8/m.0/cv1/conv/Conv:OpId_905 (cycles),44644,cycles,DSP,yolov8l-simplified-modified
77564334435,FORWARD_PROPAGATE_LAYER,154,/model.8/m.0/cv1/act/Sigmoid:OpId_908 (cycles),0,cycles,DSP,yolov8l-simplified-modified
77564334435,FORWARD_PROPAGATE_LAYER,155,/model.8/m.0/cv1/act/Mul:OpId_915 (cycles),26530,cycles,DSP,yolov8l-simplified-modified
77564334435,FORWARD_PROPAGATE_LAYER,156,/model.8/m.0/cv2/conv/Conv:OpId_924 (cycles),37460,cycles,DSP,yolov8l-simplified-modified
77564334435,FORWARD_PROPAGATE_LAYER,157,/model.8/m.0/cv2/act/Sigmoid:OpId_927 (cycles),0,cycles,DSP,yolov8l-simplified-modified
77564334435,FORWARD_PROPAGATE_LAYER,158,/model.8/m.0/cv2/act/Mul:OpId_934 (cycles),28708,cycles,DSP,yolov8l-simplified-modified
77564334435,FORWARD_PROPAGATE_LAYER,159,/model.8/m.0/Add:OpId_936 (cycles),20956,cycles,DSP,yolov8l-simplified-modified
77564334435,FORWARD_PROPAGATE_LAYER,160,/model.8/m.1/cv1/conv/Conv:OpId_945 (cycles),39522,cycles,DSP,yolov8l-simplified-modified
77564334435,FORWARD_PROPAGATE_LAYER,161,/model.8/m.1/cv1/act/Sigmoid:OpId_948 (cycles),0,cycles,DSP,yolov8l-simplified-modified
77564334435,FORWARD_PROPAGATE_LAYER,162,/model.8/m.1/cv1/act/Mul:OpId_955 (cycles),28338,cycles,DSP,yolov8l-simplified-modified
77564334435,FORWARD_PROPAGATE_LAYER,163,/model.8/m.1/cv2/conv/Conv:OpId_964 (cycles),36148,cycles,DSP,yolov8l-simplified-modified
77564334435,FORWARD_PROPAGATE_LAYER,164,/model.8/m.1/cv2/act/Sigmoid:OpId_967 (cycles),0,cycles,DSP,yolov8l-simplified-modified
77564334435,FORWARD_PROPAGATE_LAYER,165,/model.8/m.1/cv2/act/Mul:OpId_974 (cycles),29172,cycles,DSP,yolov8l-simplified-modified
77564334435,FORWARD_PROPAGATE_LAYER,166,/model.8/m.1/Add:OpId_976 (cycles),20781,cycles,DSP,yolov8l-simplified-modified
77564334435,FORWARD_PROPAGATE_LAYER,167,/model.8/m.2/cv1/conv/Conv:OpId_985 (cycles),38166,cycles,DSP,yolov8l-simplified-modified
77564334435,FORWARD_PROPAGATE_LAYER,168,/model.8/m.2/cv1/act/Sigmoid:OpId_988 (cycles),0,cycles,DSP,yolov8l-simplified-modified
77564334435,FORWARD_PROPAGATE_LAYER,169,/model.8/m.2/cv1/act/Mul:OpId_995 (cycles),28542,cycles,DSP,yolov8l-simplified-modified
77564334435,FORWARD_PROPAGATE_LAYER,170,/model.8/m.2/cv2/conv/Conv:OpId_1004 (cycles),37474,cycles,DSP,yolov8l-simplified-modified
77564334435,FORWARD_PROPAGATE_LAYER,171,/model.8/m.2/cv2/act/Sigmoid:OpId_1007 (cycles),0,cycles,DSP,yolov8l-simplified-modified
77564334435,FORWARD_PROPAGATE_LAYER,172,/model.8/m.2/cv2/act/Mul:OpId_1014 (cycles),28667,cycles,DSP,yolov8l-simplified-modified
77564334435,FORWARD_PROPAGATE_LAYER,173,/model.8/m.2/Add:OpId_1016 (cycles),10562,cycles,DSP,yolov8l-simplified-modified
77564334435,FORWARD_PROPAGATE_LAYER,174,/model.8/Concat:OpId_1018 (cycles),0,cycles,DSP,yolov8l-simplified-modified
77564334435,FORWARD_PROPAGATE_LAYER,175,/model.8/cv2/conv/Conv:OpId_1027 (cycles),31843,cycles,DSP,yolov8l-simplified-modified
77564334435,FORWARD_PROPAGATE_LAYER,176,/model.8/cv2/act/Sigmoid:OpId_1030 (cycles),0,cycles,DSP,yolov8l-simplified-modified
77564334435,FORWARD_PROPAGATE_LAYER,177,/model.8/cv2/act/Mul:OpId_1037 (cycles),48371,cycles,DSP,yolov8l-simplified-modified
77564334435,FORWARD_PROPAGATE_LAYER,178,/model.9/cv1/conv/Conv:OpId_1046 (cycles),7294,cycles,DSP,yolov8l-simplified-modified
77564334435,FORWARD_PROPAGATE_LAYER,179,/model.9/cv1/act/Sigmoid:OpId_1049 (cycles),0,cycles,DSP,yolov8l-simplified-modified
77564334435,FORWARD_PROPAGATE_LAYER,180,/model.9/cv1/act/Mul:OpId_1056 (cycles),22012,cycles,DSP,yolov8l-simplified-modified
77564334435,FORWARD_PROPAGATE_LAYER,181,/model.9/m/MaxPool:OpId_1061 (cycles),53565,cycles,DSP,yolov8l-simplified-modified
77564334435,FORWARD_PROPAGATE_LAYER,182,/model.9/m_1/MaxPool:OpId_1066 (cycles),35499,cycles,DSP,yolov8l-simplified-modified
77564334435,FORWARD_PROPAGATE_LAYER,183,/model.9/m_2/MaxPool:OpId_1071 (cycles),41880,cycles,DSP,yolov8l-simplified-modified
77564334435,FORWARD_PROPAGATE_LAYER,184,/model.9/Concat:OpId_1073 (cycles),0,cycles,DSP,yolov8l-simplified-modified
77564334435,FORWARD_PROPAGATE_LAYER,185,/model.9/cv2/conv/Conv:OpId_1082 (cycles),25990,cycles,DSP,yolov8l-simplified-modified
77564334435,FORWARD_PROPAGATE_LAYER,186,/model.9/cv2/act/Sigmoid:OpId_1085 (cycles),0,cycles,DSP,yolov8l-simplified-modified
77564334435,FORWARD_PROPAGATE_LAYER,187,/model.9/cv2/act/Mul:OpId_1092 (cycles),82112,cycles,DSP,yolov8l-simplified-modified
77564334435,FORWARD_PROPAGATE_LAYER,188,/model.10/Resize:OpId_1094 (cycles),70911,cycles,DSP,yolov8l-simplified-modified
77564334435,FORWARD_PROPAGATE_LAYER,189,/model.11/Concat:OpId_1097 (cycles),0,cycles,DSP,yolov8l-simplified-modified
77564334435,FORWARD_PROPAGATE_LAYER,190,/model.12/cv1/conv/Conv:OpId_1106 (cycles),70851,cycles,DSP,yolov8l-simplified-modified
77564334435,FORWARD_PROPAGATE_LAYER,191,/model.12/cv1/act/Sigmoid:OpId_1109 (cycles),0,cycles,DSP,yolov8l-simplified-modified
77564334435,FORWARD_PROPAGATE_LAYER,192,/model.12/cv1/act/Mul:OpId_1116 (cycles),132741,cycles,DSP,yolov8l-simplified-modified
77564334435,FORWARD_PROPAGATE_LAYER,193,/model.12/Slice:OpId_1119 (cycles),20395,cycles,DSP,yolov8l-simplified-modified
77564334435,FORWARD_PROPAGATE_LAYER,194,/model.12/Slice_1:OpId_1125 (cycles),23786,cycles,DSP,yolov8l-simplified-modified
77564334435,FORWARD_PROPAGATE_LAYER,195,/model.12/m.0/cv1/conv/Conv:OpId_1137 (cycles),86813,cycles,DSP,yolov8l-simplified-modified
77564334435,FORWARD_PROPAGATE_LAYER,196,/model.12/m.0/cv1/act/Sigmoid:OpId_1140 (cycles),0,cycles,DSP,yolov8l-simplified-modified
77564334435,FORWARD_PROPAGATE_LAYER,197,/model.12/m.0/cv1/act/Mul:OpId_1147 (cycles),90330,cycles,DSP,yolov8l-simplified-modified
77564334435,FORWARD_PROPAGATE_LAYER,198,/model.12/m.0/cv2/conv/Conv:OpId_1156 (cycles),87751,cycles,DSP,yolov8l-simplified-modified
77564334435,FORWARD_PROPAGATE_LAYER,199,/model.12/m.0/cv2/act/Sigmoid:OpId_1159 (cycles),0,cycles,DSP,yolov8l-simplified-modified
77564334435,FORWARD_PROPAGATE_LAYER,200,/model.12/m.0/cv2/act/Mul:OpId_1166 (cycles),160281,cycles,DSP,yolov8l-simplified-modified
77564334435,FORWARD_PROPAGATE_LAYER,201,/model.12/m.1/cv1/conv/Conv:OpId_1175 (cycles),86207,cycles,DSP,yolov8l-simplified-modified
77564334435,FORWARD_PROPAGATE_LAYER,202,/model.12/m.1/cv1/act/Sigmoid:OpId_1178 (cycles),0,cycles,DSP,yolov8l-simplified-modified
77564334435,FORWARD_PROPAGATE_LAYER,203,/model.12/m.1/cv1/act/Mul:OpId_1185 (cycles),86550,cycles,DSP,yolov8l-simplified-modified
77564334435,FORWARD_PROPAGATE_LAYER,204,/model.12/m.1/cv2/conv/Conv:OpId_1194 (cycles),92642,cycles,DSP,yolov8l-simplified-modified
77564334435,FORWARD_PROPAGATE_LAYER,205,/model.12/m.1/cv2/act/Sigmoid:OpId_1197 (cycles),0,cycles,DSP,yolov8l-simplified-modified
77564334435,FORWARD_PROPAGATE_LAYER,206,/model.12/m.1/cv2/act/Mul:OpId_1204 (cycles),167833,cycles,DSP,yolov8l-simplified-modified
77564334435,FORWARD_PROPAGATE_LAYER,207,/model.12/m.2/cv1/conv/Conv:OpId_1213 (cycles),86525,cycles,DSP,yolov8l-simplified-modified
77564334435,FORWARD_PROPAGATE_LAYER,208,/model.12/m.2/cv1/act/Sigmoid:OpId_1216 (cycles),0,cycles,DSP,yolov8l-simplified-modified
77564334435,FORWARD_PROPAGATE_LAYER,209,/model.12/m.2/cv1/act/Mul:OpId_1223 (cycles),82166,cycles,DSP,yolov8l-simplified-modified
77564334435,FORWARD_PROPAGATE_LAYER,210,/model.12/m.2/cv2/conv/Conv:OpId_1232 (cycles),95261,cycles,DSP,yolov8l-simplified-modified
77564334435,FORWARD_PROPAGATE_LAYER,211,/model.12/m.2/cv2/act/Sigmoid:OpId_1235 (cycles),0,cycles,DSP,yolov8l-simplified-modified
77564334435,FORWARD_PROPAGATE_LAYER,212,/model.12/m.2/cv2/act/Mul:OpId_1242 (cycles),84995,cycles,DSP,yolov8l-simplified-modified
77564334435,FORWARD_PROPAGATE_LAYER,213,/model.12/Concat:OpId_1244 (cycles),0,cycles,DSP,yolov8l-simplified-modified
77564334435,FORWARD_PROPAGATE_LAYER,214,/model.12/cv2/conv/Conv:OpId_1253 (cycles),73573,cycles,DSP,yolov8l-simplified-modified
77564334435,FORWARD_PROPAGATE_LAYER,215,/model.12/cv2/act/Sigmoid:OpId_1256 (cycles),0,cycles,DSP,yolov8l-simplified-modified
77564334435,FORWARD_PROPAGATE_LAYER,216,/model.12/cv2/act/Mul:OpId_1263 (cycles),142040,cycles,DSP,yolov8l-simplified-modified
77564334435,FORWARD_PROPAGATE_LAYER,217,/model.13/Resize:OpId_1265 (cycles),123081,cycles,DSP,yolov8l-simplified-modified
77564334435,FORWARD_PROPAGATE_LAYER,218,/model.14/Concat:OpId_1268 (cycles),0,cycles,DSP,yolov8l-simplified-modified
77564334435,FORWARD_PROPAGATE_LAYER,219,/model.15/cv1/conv/Conv:OpId_1277 (cycles),98388,cycles,DSP,yolov8l-simplified-modified
77564334435,FORWARD_PROPAGATE_LAYER,220,/model.15/cv1/act/Sigmoid:OpId_1280 (cycles),0,cycles,DSP,yolov8l-simplified-modified
77564334435,FORWARD_PROPAGATE_LAYER,221,/model.15/cv1/act/Mul:OpId_1287 (cycles),246283,cycles,DSP,yolov8l-simplified-modified
77564334435,FORWARD_PROPAGATE_LAYER,222,/model.15/Slice:OpId_1290 (cycles),55298,cycles,DSP,yolov8l-simplified-modified
77564334435,FORWARD_PROPAGATE_LAYER,223,/model.15/Slice_1:OpId_1296 (cycles),51412,cycles,DSP,yolov8l-simplified-modified
77564334435,FORWARD_PROPAGATE_LAYER,224,/model.15/m.0/cv1/conv/Conv:OpId_1308 (cycles),85960,cycles,DSP,yolov8l-simplified-modified
77564334435,FORWARD_PROPAGATE_LAYER,225,/model.15/m.0/cv1/act/Sigmoid:OpId_1311 (cycles),0,cycles,DSP,yolov8l-simplified-modified
77564334435,FORWARD_PROPAGATE_LAYER,226,/model.15/m.0/cv1/act/Mul:OpId_1318 (cycles),143678,cycles,DSP,yolov8l-simplified-modified
77564334435,FORWARD_PROPAGATE_LAYER,227,/model.15/m.0/cv2/conv/Conv:OpId_1327 (cycles),79978,cycles,DSP,yolov8l-simplified-modified
77564334435,FORWARD_PROPAGATE_LAYER,228,/model.15/m.0/cv2/act/Sigmoid:OpId_1330 (cycles),0,cycles,DSP,yolov8l-simplified-modified
77564334435,FORWARD_PROPAGATE_LAYER,229,/model.15/m.0/cv2/act/Mul:OpId_1337 (cycles),274410,cycles,DSP,yolov8l-simplified-modified
77564334435,FORWARD_PROPAGATE_LAYER,230,/model.15/m.1/cv1/conv/Conv:OpId_1346 (cycles),78635,cycles,DSP,yolov8l-simplified-modified
77564334435,FORWARD_PROPAGATE_LAYER,231,/model.15/m.1/cv1/act/Sigmoid:OpId_1349 (cycles),0,cycles,DSP,yolov8l-simplified-modified
77564334435,FORWARD_PROPAGATE_LAYER,232,/model.15/m.1/cv1/act/Mul:OpId_1356 (cycles),161155,cycles,DSP,yolov8l-simplified-modified
77564334435,FORWARD_PROPAGATE_LAYER,233,/model.15/m.1/cv2/conv/Conv:OpId_1365 (cycles),88763,cycles,DSP,yolov8l-simplified-modified
77564334435,FORWARD_PROPAGATE_LAYER,234,/model.15/m.1/cv2/act/Sigmoid:OpId_1368 (cycles),0,cycles,DSP,yolov8l-simplified-modified
77564334435,FORWARD_PROPAGATE_LAYER,235,/model.15/m.1/cv2/act/Mul:OpId_1375 (cycles),327812,cycles,DSP,yolov8l-simplified-modified
77564334435,FORWARD_PROPAGATE_LAYER,236,/model.15/m.2/cv1/conv/Conv:OpId_1384 (cycles),88865,cycles,DSP,yolov8l-simplified-modified
77564334435,FORWARD_PROPAGATE_LAYER,237,/model.15/m.2/cv1/act/Sigmoid:OpId_1387 (cycles),0,cycles,DSP,yolov8l-simplified-modified
77564334435,FORWARD_PROPAGATE_LAYER,238,/model.15/m.2/cv1/act/Mul:OpId_1394 (cycles),157333,cycles,DSP,yolov8l-simplified-modified
77564334435,FORWARD_PROPAGATE_LAYER,239,/model.15/m.2/cv2/conv/Conv:OpId_1403 (cycles),81752,cycles,DSP,yolov8l-simplified-modified
77564334435,FORWARD_PROPAGATE_LAYER,240,/model.15/m.2/cv2/act/Sigmoid:OpId_1406 (cycles),0,cycles,DSP,yolov8l-simplified-modified
77564334435,FORWARD_PROPAGATE_LAYER,241,/model.15/m.2/cv2/act/Mul:OpId_1413 (cycles),158125,cycles,DSP,yolov8l-simplified-modified
77564334435,FORWARD_PROPAGATE_LAYER,242,/model.15/Concat:OpId_1415 (cycles),0,cycles,DSP,yolov8l-simplified-modified
77564334435,FORWARD_PROPAGATE_LAYER,243,/model.15/cv2/conv/Conv:OpId_1424 (cycles),79013,cycles,DSP,yolov8l-simplified-modified
77564334435,FORWARD_PROPAGATE_LAYER,244,/model.15/cv2/act/Sigmoid:OpId_1427 (cycles),0,cycles,DSP,yolov8l-simplified-modified
77564334435,FORWARD_PROPAGATE_LAYER,245,/model.15/cv2/act/Mul:OpId_1434 (cycles),318140,cycles,DSP,yolov8l-simplified-modified
77564334435,FORWARD_PROPAGATE_LAYER,246,/model.16/conv/Conv:OpId_1443 (cycles),197629,cycles,DSP,yolov8l-simplified-modified
77564334435,FORWARD_PROPAGATE_LAYER,247,/model.22/cv2.0/cv2.0.0/conv/Conv:OpId_1453 (cycles),75573,cycles,DSP,yolov8l-simplified-modified
77564334435,FORWARD_PROPAGATE_LAYER,248,/model.22/cv3.0/cv3.0.0/conv/Conv:OpId_1463 (cycles),298691,cycles,DSP,yolov8l-simplified-modified
77564334435,FORWARD_PROPAGATE_LAYER,249,/model.16/act/Sigmoid:OpId_1466 (cycles),0,cycles,DSP,yolov8l-simplified-modified
77564334435,FORWARD_PROPAGATE_LAYER,250,/model.22/cv2.0/cv2.0.0/act/Sigmoid:OpId_1473 (cycles),0,cycles,DSP,yolov8l-simplified-modified
77564334435,FORWARD_PROPAGATE_LAYER,251,/model.22/cv3.0/cv3.0.0/act/Sigmoid:OpId_1480 (cycles),0,cycles,DSP,yolov8l-simplified-modified
77564334435,FORWARD_PROPAGATE_LAYER,252,/model.16/act/Mul:OpId_1487 (cycles),72613,cycles,DSP,yolov8l-simplified-modified
77564334435,FORWARD_PROPAGATE_LAYER,253,/model.22/cv2.0/cv2.0.0/act/Mul:OpId_1489 (cycles),89054,cycles,DSP,yolov8l-simplified-modified
77564334435,FORWARD_PROPAGATE_LAYER,254,/model.22/cv3.0/cv3.0.0/act/Mul:OpId_1491 (cycles),338356,cycles,DSP,yolov8l-simplified-modified
77564334435,FORWARD_PROPAGATE_LAYER,255,/model.17/Concat:OpId_1493 (cycles),0,cycles,DSP,yolov8l-simplified-modified
77564334435,FORWARD_PROPAGATE_LAYER,256,/model.22/cv2.0/cv2.0.1/conv/Conv:OpId_1502 (cycles),22825,cycles,DSP,yolov8l-simplified-modified
77564334435,FORWARD_PROPAGATE_LAYER,257,/model.22/cv3.0/cv3.0.1/conv/Conv:OpId_1512 (cycles),316352,cycles,DSP,yolov8l-simplified-modified
77564334435,FORWARD_PROPAGATE_LAYER,258,/model.18/cv1/conv/Conv:OpId_1522 (cycles),49855,cycles,DSP,yolov8l-simplified-modified
77564334435,FORWARD_PROPAGATE_LAYER,259,/model.22/cv2.0/cv2.0.1/act/Sigmoid:OpId_1525 (cycles),0,cycles,DSP,yolov8l-simplified-modified
77564334435,FORWARD_PROPAGATE_LAYER,260,/model.22/cv3.0/cv3.0.1/act/Sigmoid:OpId_1532 (cycles),0,cycles,DSP,yolov8l-simplified-modified
77564334435,FORWARD_PROPAGATE_LAYER,261,/model.18/cv1/act/Sigmoid:OpId_1539 (cycles),0,cycles,DSP,yolov8l-simplified-modified
77564334435,FORWARD_PROPAGATE_LAYER,262,/model.22/cv2.0/cv2.0.1/act/Mul:OpId_1546 (cycles),73864,cycles,DSP,yolov8l-simplified-modified
77564334435,FORWARD_PROPAGATE_LAYER,263,/model.22/cv3.0/cv3.0.1/act/Mul:OpId_1548 (cycles),332140,cycles,DSP,yolov8l-simplified-modified
77564334435,FORWARD_PROPAGATE_LAYER,264,/model.18/cv1/act/Mul:OpId_1550 (cycles),139841,cycles,DSP,yolov8l-simplified-modified
77564334435,FORWARD_PROPAGATE_LAYER,265,/model.22/cv2.0/cv2.0.2/Conv:OpId_1559 (cycles),4910,cycles,DSP,yolov8l-simplified-modified
77564334435,FORWARD_PROPAGATE_LAYER,266,/model.22/cv2.0/cv2.0.2/Conv_output_0.nchw:OpId_1563 (cycles),241401,cycles,DSP,yolov8l-simplified-modified
77564334435,FORWARD_PROPAGATE_LAYER,267,/model.22/cv3.0/cv3.0.2/Conv:OpId_1571 (cycles),215781,cycles,DSP,yolov8l-simplified-modified
77564334435,FORWARD_PROPAGATE_LAYER,268,/model.18/Slice:OpId_1575 (cycles),25478,cycles,DSP,yolov8l-simplified-modified
77564334435,FORWARD_PROPAGATE_LAYER,269,/model.18/Slice_1:OpId_1581 (cycles),23215,cycles,DSP,yolov8l-simplified-modified
77564334435,FORWARD_PROPAGATE_LAYER,270,/model.22/Reshape:OpId_1586 (cycles),29597,cycles,DSP,yolov8l-simplified-modified
77564334435,FORWARD_PROPAGATE_LAYER,271,/model.22/Sigmoid:OpId_1587 (cycles),329873,cycles,DSP,yolov8l-simplified-modified
77564334435,FORWARD_PROPAGATE_LAYER,272,/model.18/m.0/cv1/conv/Conv:OpId_1601 (cycles),87856,cycles,DSP,yolov8l-simplified-modified
77564334435,FORWARD_PROPAGATE_LAYER,273,/model.22/Transpose:OpId_1605 (cycles),107890,cycles,DSP,yolov8l-simplified-modified
77564334435,FORWARD_PROPAGATE_LAYER,274,/model.22/ReduceMax:OpId_1607 (cycles),234713,cycles,DSP,yolov8l-simplified-modified
77564334435,FORWARD_PROPAGATE_LAYER,275,/model.18/m.0/cv1/act/Sigmoid:OpId_1609 (cycles),0,cycles,DSP,yolov8l-simplified-modified
77564334435,FORWARD_PROPAGATE_LAYER,276,/model.22/Softmax:OpId_1616 (cycles),516847,cycles,DSP,yolov8l-simplified-modified
77564334435,FORWARD_PROPAGATE_LAYER,277,/model.18/m.0/cv1/act/Mul:OpId_1619 (cycles),90152,cycles,DSP,yolov8l-simplified-modified
77564334435,FORWARD_PROPAGATE_LAYER,278,/model.22/Transpose_1:OpId_1622 (cycles),36015,cycles,DSP,yolov8l-simplified-modified
77564334435,FORWARD_PROPAGATE_LAYER,279,/model.18/m.0/cv2/conv/Conv:OpId_1630 (cycles),88977,cycles,DSP,yolov8l-simplified-modified
77564334435,FORWARD_PROPAGATE_LAYER,280,/model.22/proj_conv/Conv:OpId_1640 (cycles),11201,cycles,DSP,yolov8l-simplified-modified
77564334435,FORWARD_PROPAGATE_LAYER,281,/model.18/m.0/cv2/act/Sigmoid:OpId_1643 (cycles),0,cycles,DSP,yolov8l-simplified-modified
77564334435,FORWARD_PROPAGATE_LAYER,282,/model.22/Gather_output_0_pre_reshape.nchw:OpId_1651 (cycles),0,cycles,DSP,yolov8l-simplified-modified
77564334435,FORWARD_PROPAGATE_LAYER,283,Reshape_post_/model.22/Gather:OpId_1652 (cycles),55202,cycles,DSP,yolov8l-simplified-modified
77564334435,FORWARD_PROPAGATE_LAYER,284,/model.22/Reshape_1_output_0.nhwc:OpId_1654 (cycles),16831,cycles,DSP,yolov8l-simplified-modified
77564334435,FORWARD_PROPAGATE_LAYER,285,/model.18/m.0/cv2/act/Mul:OpId_1655 (cycles),182867,cycles,DSP,yolov8l-simplified-modified
77564334435,FORWARD_PROPAGATE_LAYER,286,/model.18/m.1/cv1/conv/Conv:OpId_1664 (cycles),102344,cycles,DSP,yolov8l-simplified-modified
77564334435,FORWARD_PROPAGATE_LAYER,287,/model.22/Concat:OpId_1667 (cycles),82459,cycles,DSP,yolov8l-simplified-modified
77564334435,FORWARD_PROPAGATE_LAYER,288,/model.18/m.1/cv1/act/Sigmoid:OpId_1669 (cycles),0,cycles,DSP,yolov8l-simplified-modified
77564334435,FORWARD_PROPAGATE_LAYER,289,/model.18/m.1/cv1/act/Mul:OpId_1676 (cycles),90718,cycles,DSP,yolov8l-simplified-modified
77564334435,FORWARD_PROPAGATE_LAYER,290,/model.18/m.1/cv2/conv/Conv:OpId_1685 (cycles),89121,cycles,DSP,yolov8l-simplified-modified
77564334435,FORWARD_PROPAGATE_LAYER,291,/model.18/m.1/cv2/act/Sigmoid:OpId_1688 (cycles),0,cycles,DSP,yolov8l-simplified-modified
77564334435,FORWARD_PROPAGATE_LAYER,292,/model.18/m.1/cv2/act/Mul:OpId_1695 (cycles),179444,cycles,DSP,yolov8l-simplified-modified
77564334435,FORWARD_PROPAGATE_LAYER,293,/model.18/m.2/cv1/conv/Conv:OpId_1704 (cycles),99250,cycles,DSP,yolov8l-simplified-modified
77564334435,FORWARD_PROPAGATE_LAYER,294,/model.18/m.2/cv1/act/Sigmoid:OpId_1707 (cycles),0,cycles,DSP,yolov8l-simplified-modified
77564334435,FORWARD_PROPAGATE_LAYER,295,/model.18/m.2/cv1/act/Mul:OpId_1714 (cycles),88839,cycles,DSP,yolov8l-simplified-modified
77564334435,FORWARD_PROPAGATE_LAYER,296,/model.18/m.2/cv2/conv/Conv:OpId_1723 (cycles),88202,cycles,DSP,yolov8l-simplified-modified
77564334435,FORWARD_PROPAGATE_LAYER,297,/model.18/m.2/cv2/act/Sigmoid:OpId_1726 (cycles),0,cycles,DSP,yolov8l-simplified-modified
77564334435,FORWARD_PROPAGATE_LAYER,298,/model.18/m.2/cv2/act/Mul:OpId_1733 (cycles),89123,cycles,DSP,yolov8l-simplified-modified
77564334435,FORWARD_PROPAGATE_LAYER,299,/model.18/Concat:OpId_1735 (cycles),0,cycles,DSP,yolov8l-simplified-modified
77564334435,FORWARD_PROPAGATE_LAYER,300,/model.18/cv2/conv/Conv:OpId_1744 (cycles),87637,cycles,DSP,yolov8l-simplified-modified
77564334435,FORWARD_PROPAGATE_LAYER,301,/model.18/cv2/act/Sigmoid:OpId_1747 (cycles),0,cycles,DSP,yolov8l-simplified-modified
77564334435,FORWARD_PROPAGATE_LAYER,302,/model.18/cv2/act/Mul:OpId_1754 (cycles),161842,cycles,DSP,yolov8l-simplified-modified
77564334435,FORWARD_PROPAGATE_LAYER,303,/model.19/conv/Conv:OpId_1763 (cycles),219176,cycles,DSP,yolov8l-simplified-modified
77564334435,FORWARD_PROPAGATE_LAYER,304,/model.22/cv2.1/cv2.1.0/conv/Conv:OpId_1773 (cycles),43804,cycles,DSP,yolov8l-simplified-modified
77564334435,FORWARD_PROPAGATE_LAYER,305,/model.22/cv3.1/cv3.1.0/conv/Conv:OpId_1783 (cycles),173270,cycles,DSP,yolov8l-simplified-modified
77564334435,FORWARD_PROPAGATE_LAYER,306,/model.19/act/Sigmoid:OpId_1786 (cycles),0,cycles,DSP,yolov8l-simplified-modified
77564334435,FORWARD_PROPAGATE_LAYER,307,/model.22/cv2.1/cv2.1.0/act/Sigmoid:OpId_1793 (cycles),0,cycles,DSP,yolov8l-simplified-modified
77564334435,FORWARD_PROPAGATE_LAYER,308,/model.22/cv3.1/cv3.1.0/act/Sigmoid:OpId_1800 (cycles),0,cycles,DSP,yolov8l-simplified-modified
77564334435,FORWARD_PROPAGATE_LAYER,309,/model.19/act/Mul:OpId_1807 (cycles),44217,cycles,DSP,yolov8l-simplified-modified
77564334435,FORWARD_PROPAGATE_LAYER,310,/model.22/cv2.1/cv2.1.0/act/Mul:OpId_1809 (cycles),17115,cycles,DSP,yolov8l-simplified-modified
77564334435,FORWARD_PROPAGATE_LAYER,311,/model.22/cv3.1/cv3.1.0/act/Mul:OpId_1811 (cycles),90010,cycles,DSP,yolov8l-simplified-modified
77564334435,FORWARD_PROPAGATE_LAYER,312,/model.20/Concat:OpId_1813 (cycles),0,cycles,DSP,yolov8l-simplified-modified
77564334435,FORWARD_PROPAGATE_LAYER,313,/model.22/cv2.1/cv2.1.1/conv/Conv:OpId_1822 (cycles),7409,cycles,DSP,yolov8l-simplified-modified
77564334435,FORWARD_PROPAGATE_LAYER,314,/model.22/cv3.1/cv3.1.1/conv/Conv:OpId_1832 (cycles),95259,cycles,DSP,yolov8l-simplified-modified
77564334435,FORWARD_PROPAGATE_LAYER,315,/model.21/cv1/conv/Conv:OpId_1842 (cycles),25200,cycles,DSP,yolov8l-simplified-modified
77564334435,FORWARD_PROPAGATE_LAYER,316,/model.22/cv2.1/cv2.1.1/act/Sigmoid:OpId_1845 (cycles),0,cycles,DSP,yolov8l-simplified-modified
77564334435,FORWARD_PROPAGATE_LAYER,317,/model.22/cv3.1/cv3.1.1/act/Sigmoid:OpId_1852 (cycles),0,cycles,DSP,yolov8l-simplified-modified
77564334435,FORWARD_PROPAGATE_LAYER,318,/model.21/cv1/act/Sigmoid:OpId_1859 (cycles),0,cycles,DSP,yolov8l-simplified-modified
77564334435,FORWARD_PROPAGATE_LAYER,319,/model.22/cv2.1/cv2.1.1/act/Mul:OpId_1866 (cycles),18587,cycles,DSP,yolov8l-simplified-modified
77564334435,FORWARD_PROPAGATE_LAYER,320,/model.22/cv3.1/cv3.1.1/act/Mul:OpId_1868 (cycles),91510,cycles,DSP,yolov8l-simplified-modified
77564334435,FORWARD_PROPAGATE_LAYER,321,/model.21/cv1/act/Mul:OpId_1870 (cycles),44712,cycles,DSP,yolov8l-simplified-modified
77564334435,FORWARD_PROPAGATE_LAYER,322,/model.22/cv2.1/cv2.1.2/Conv:OpId_1879 (cycles),1947,cycles,DSP,yolov8l-simplified-modified
77564334435,FORWARD_PROPAGATE_LAYER,323,/model.22/cv2.1/cv2.1.2/Conv_output_0.nchw:OpId_1883 (cycles),17368,cycles,DSP,yolov8l-simplified-modified
77564334435,FORWARD_PROPAGATE_LAYER,324,/model.22/cv3.1/cv3.1.2/Conv:OpId_1891 (cycles),4861,cycles,DSP,yolov8l-simplified-modified
77564334435,FORWARD_PROPAGATE_LAYER,325,/model.21/Slice:OpId_1895 (cycles),10561,cycles,DSP,yolov8l-simplified-modified
77564334435,FORWARD_PROPAGATE_LAYER,326,/model.21/Slice_1:OpId_1901 (cycles),9072,cycles,DSP,yolov8l-simplified-modified
77564334435,FORWARD_PROPAGATE_LAYER,327,/model.22/Reshape_2:OpId_1906 (cycles),34210,cycles,DSP,yolov8l-simplified-modified
77564334435,FORWARD_PROPAGATE_LAYER,328,/model.22/Sigmoid_1:OpId_1907 (cycles),146658,cycles,DSP,yolov8l-simplified-modified
77564334435,FORWARD_PROPAGATE_LAYER,329,/model.21/m.0/cv1/conv/Conv:OpId_1921 (cycles),38322,cycles,DSP,yolov8l-simplified-modified
77564334435,FORWARD_PROPAGATE_LAYER,330,/model.22/Transpose_2:OpId_1925 (cycles),25992,cycles,DSP,yolov8l-simplified-modified
77564334435,FORWARD_PROPAGATE_LAYER,331,/model.22/ReduceMax_1:OpId_1927 (cycles),59460,cycles,DSP,yolov8l-simplified-modified
77564334435,FORWARD_PROPAGATE_LAYER,332,/model.21/m.0/cv1/act/Sigmoid:OpId_1929 (cycles),0,cycles,DSP,yolov8l-simplified-modified
77564334435,FORWARD_PROPAGATE_LAYER,333,/model.22/Softmax_1:OpId_1936 (cycles),125712,cycles,DSP,yolov8l-simplified-modified
77564334435,FORWARD_PROPAGATE_LAYER,334,/model.21/m.0/cv1/act/Mul:OpId_1939 (cycles),29139,cycles,DSP,yolov8l-simplified-modified
77564334435,FORWARD_PROPAGATE_LAYER,335,/model.22/Transpose_3:OpId_1942 (cycles),11530,cycles,DSP,yolov8l-simplified-modified
77564334435,FORWARD_PROPAGATE_LAYER,336,/model.21/m.0/cv2/conv/Conv:OpId_1950 (cycles),36410,cycles,DSP,yolov8l-simplified-modified
77564334435,FORWARD_PROPAGATE_LAYER,337,/model.22/proj_conv_1/Conv:OpId_1958 (cycles),2115,cycles,DSP,yolov8l-simplified-modified
77564334435,FORWARD_PROPAGATE_LAYER,338,/model.21/m.0/cv2/act/Sigmoid:OpId_1961 (cycles),0,cycles,DSP,yolov8l-simplified-modified
77564334435,FORWARD_PROPAGATE_LAYER,339,/model.22/Gather_1_output_0_pre_reshape.nchw:OpId_1969 (cycles),0,cycles,DSP,yolov8l-simplified-modified
77564334435,FORWARD_PROPAGATE_LAYER,340,Reshape_post_/model.22/Gather_1:OpId_1970 (cycles),14178,cycles,DSP,yolov8l-simplified-modified
77564334435,FORWARD_PROPAGATE_LAYER,341,/model.22/Reshape_3_output_0.nhwc:OpId_1972 (cycles),2082,cycles,DSP,yolov8l-simplified-modified
77564334435,FORWARD_PROPAGATE_LAYER,342,/model.21/m.0/cv2/act/Mul:OpId_1973 (cycles),53445,cycles,DSP,yolov8l-simplified-modified
77564334435,FORWARD_PROPAGATE_LAYER,343,/model.21/m.1/cv1/conv/Conv:OpId_1982 (cycles),36091,cycles,DSP,yolov8l-simplified-modified
77564334435,FORWARD_PROPAGATE_LAYER,344,/model.22/Concat_1:OpId_1985 (cycles),20243,cycles,DSP,yolov8l-simplified-modified
77564334435,FORWARD_PROPAGATE_LAYER,345,/model.21/m.1/cv1/act/Sigmoid:OpId_1987 (cycles),0,cycles,DSP,yolov8l-simplified-modified
77564334435,FORWARD_PROPAGATE_LAYER,346,/model.21/m.1/cv1/act/Mul:OpId_1994 (cycles),27284,cycles,DSP,yolov8l-simplified-modified
77564334435,FORWARD_PROPAGATE_LAYER,347,/model.21/m.1/cv2/conv/Conv:OpId_2003 (cycles),35671,cycles,DSP,yolov8l-simplified-modified
77564334435,FORWARD_PROPAGATE_LAYER,348,/model.21/m.1/cv2/act/Sigmoid:OpId_2006 (cycles),0,cycles,DSP,yolov8l-simplified-modified
77564334435,FORWARD_PROPAGATE_LAYER,349,/model.21/m.1/cv2/act/Mul:OpId_2013 (cycles),57392,cycles,DSP,yolov8l-simplified-modified
77564334435,FORWARD_PROPAGATE_LAYER,350,/model.21/m.2/cv1/conv/Conv:OpId_2022 (cycles),34600,cycles,DSP,yolov8l-simplified-modified
77564334435,FORWARD_PROPAGATE_LAYER,351,/model.21/m.2/cv1/act/Sigmoid:OpId_2025 (cycles),0,cycles,DSP,yolov8l-simplified-modified
77564334435,FORWARD_PROPAGATE_LAYER,352,/model.21/m.2/cv1/act/Mul:OpId_2032 (cycles),26918,cycles,DSP,yolov8l-simplified-modified
77564334435,FORWARD_PROPAGATE_LAYER,353,/model.21/m.2/cv2/conv/Conv:OpId_2041 (cycles),37540,cycles,DSP,yolov8l-simplified-modified
77564334435,FORWARD_PROPAGATE_LAYER,354,/model.21/m.2/cv2/act/Sigmoid:OpId_2044 (cycles),0,cycles,DSP,yolov8l-simplified-modified
77564334435,FORWARD_PROPAGATE_LAYER,355,/model.21/m.2/cv2/act/Mul:OpId_2051 (cycles),27966,cycles,DSP,yolov8l-simplified-modified
77564334435,FORWARD_PROPAGATE_LAYER,356,/model.21/Concat:OpId_2053 (cycles),0,cycles,DSP,yolov8l-simplified-modified
77564334435,FORWARD_PROPAGATE_LAYER,357,/model.21/cv2/conv/Conv:OpId_2062 (cycles),30093,cycles,DSP,yolov8l-simplified-modified
77564334435,FORWARD_PROPAGATE_LAYER,358,/model.21/cv2/act/Sigmoid:OpId_2065 (cycles),0,cycles,DSP,yolov8l-simplified-modified
77564334435,FORWARD_PROPAGATE_LAYER,359,/model.21/cv2/act/Mul:OpId_2072 (cycles),44278,cycles,DSP,yolov8l-simplified-modified
77564334435,FORWARD_PROPAGATE_LAYER,360,/model.22/cv2.2/cv2.2.0/conv/Conv:OpId_2081 (cycles),19925,cycles,DSP,yolov8l-simplified-modified
77564334435,FORWARD_PROPAGATE_LAYER,361,/model.22/cv3.2/cv3.2.0/conv/Conv:OpId_2091 (cycles),63724,cycles,DSP,yolov8l-simplified-modified
77564334435,FORWARD_PROPAGATE_LAYER,362,/model.22/cv2.2/cv2.2.0/act/Sigmoid:OpId_2094 (cycles),0,cycles,DSP,yolov8l-simplified-modified
77564334435,FORWARD_PROPAGATE_LAYER,363,/model.22/cv3.2/cv3.2.0/act/Sigmoid:OpId_2101 (cycles),0,cycles,DSP,yolov8l-simplified-modified
77564334435,FORWARD_PROPAGATE_LAYER,364,/model.22/cv2.2/cv2.2.0/act/Mul:OpId_2108 (cycles),10105,cycles,DSP,yolov8l-simplified-modified
77564334435,FORWARD_PROPAGATE_LAYER,365,/model.22/cv3.2/cv3.2.0/act/Mul:OpId_2110 (cycles),27845,cycles,DSP,yolov8l-simplified-modified
77564334435,FORWARD_PROPAGATE_LAYER,366,/model.22/cv2.2/cv2.2.1/conv/Conv:OpId_2119 (cycles),3720,cycles,DSP,yolov8l-simplified-modified
77564334435,FORWARD_PROPAGATE_LAYER,367,/model.22/cv3.2/cv3.2.1/conv/Conv:OpId_2129 (cycles),35978,cycles,DSP,yolov8l-simplified-modified
77564334435,FORWARD_PROPAGATE_LAYER,368,/model.22/cv2.2/cv2.2.1/act/Sigmoid:OpId_2132 (cycles),0,cycles,DSP,yolov8l-simplified-modified
77564334435,FORWARD_PROPAGATE_LAYER,369,/model.22/cv3.2/cv3.2.1/act/Sigmoid:OpId_2139 (cycles),0,cycles,DSP,yolov8l-simplified-modified
77564334435,FORWARD_PROPAGATE_LAYER,370,/model.22/cv2.2/cv2.2.1/act/Mul:OpId_2146 (cycles),7425,cycles,DSP,yolov8l-simplified-modified
77564334435,FORWARD_PROPAGATE_LAYER,371,/model.22/cv3.2/cv3.2.1/act/Mul:OpId_2148 (cycles),30229,cycles,DSP,yolov8l-simplified-modified
77564334435,FORWARD_PROPAGATE_LAYER,372,/model.22/cv2.2/cv2.2.2/Conv:OpId_2157 (cycles),1204,cycles,DSP,yolov8l-simplified-modified
77564334435,FORWARD_PROPAGATE_LAYER,373,/model.22/cv2.2/cv2.2.2/Conv_output_0.nchw:OpId_2161 (cycles),5091,cycles,DSP,yolov8l-simplified-modified
77564334435,FORWARD_PROPAGATE_LAYER,374,/model.22/cv3.2/cv3.2.2/Conv:OpId_2169 (cycles),14564,cycles,DSP,yolov8l-simplified-modified
77564334435,FORWARD_PROPAGATE_LAYER,375,/model.22/Reshape_4:OpId_2172 (cycles),12068,cycles,DSP,yolov8l-simplified-modified
77564334435,FORWARD_PROPAGATE_LAYER,376,/model.22/Sigmoid_2:OpId_2173 (cycles),26149,cycles,DSP,yolov8l-simplified-modified
77564334435,FORWARD_PROPAGATE_LAYER,377,/model.22/Transpose_4:OpId_2181 (cycles),6770,cycles,DSP,yolov8l-simplified-modified
77564334435,FORWARD_PROPAGATE_LAYER,378,/model.22/ReduceMax_2:OpId_2183 (cycles),18857,cycles,DSP,yolov8l-simplified-modified
77564334435,FORWARD_PROPAGATE_LAYER,379,/model.22/Softmax_2:OpId_2185 (cycles),34366,cycles,DSP,yolov8l-simplified-modified
77564334435,FORWARD_PROPAGATE_LAYER,380,/model.22/Transpose_5:OpId_2189 (cycles),2077,cycles,DSP,yolov8l-simplified-modified
77564334435,FORWARD_PROPAGATE_LAYER,381,/model.22/proj_conv_2/Conv:OpId_2195 (cycles),1088,cycles,DSP,yolov8l-simplified-modified
77564334435,FORWARD_PROPAGATE_LAYER,382,/model.22/Gather_2_output_0_pre_reshape.nchw:OpId_2199 (cycles),0,cycles,DSP,yolov8l-simplified-modified
77564334435,FORWARD_PROPAGATE_LAYER,383,Reshape_post_/model.22/Gather_2:OpId_2200 (cycles),2871,cycles,DSP,yolov8l-simplified-modified
77564334435,FORWARD_PROPAGATE_LAYER,384,/model.22/Reshape_5_output_0.nhwc:OpId_2202 (cycles),2561,cycles,DSP,yolov8l-simplified-modified
77564334435,FORWARD_PROPAGATE_LAYER,385,/model.22/Concat_2:OpId_2203 (cycles),5629,cycles,DSP,yolov8l-simplified-modified
77564334435,FORWARD_PROPAGATE_LAYER,386,Output OpId_3 (cycles),44492,cycles,DSP,yolov8l-simplified-modified
77564334435,EXECUTE_TIME_SUBNET_0,,,28491367,cycles,DSP,yolov8l-simplified-modified
77564334435,TOTAL_INFERENCE_TIME,,,31604,us,,yolov8l-simplified-modified
77564334435,FORWARD_PROPAGATE,,,31565,us,,yolov8l-simplified-modified
77564334435,FORWARD_PROPAGATE_LAYER,0,Input OpId_2 (cycles),0,cycles,DSP,yolov8l-simplified-modified
77564334435,FORWARD_PROPAGATE_LAYER,1,/model.0/conv/Conv:OpId_23 (cycles),602320,cycles,DSP,yolov8l-simplified-modified
77564334435,FORWARD_PROPAGATE_LAYER,2,/model.0/act/Sigmoid:OpId_26 (cycles),0,cycles,DSP,yolov8l-simplified-modified
77564334435,FORWARD_PROPAGATE_LAYER,3,/model.0/act/Mul:OpId_33 (cycles),979805,cycles,DSP,yolov8l-simplified-modified
77564334435,FORWARD_PROPAGATE_LAYER,4,/model.1/conv/Conv:OpId_42 (cycles),475028,cycles,DSP,yolov8l-simplified-modified
77564334435,FORWARD_PROPAGATE_LAYER,5,/model.1/act/Sigmoid:OpId_45 (cycles),0,cycles,DSP,yolov8l-simplified-modified
77564334435,FORWARD_PROPAGATE_LAYER,6,/model.1/act/Mul:OpId_52 (cycles),462256,cycles,DSP,yolov8l-simplified-modified
77564334435,FORWARD_PROPAGATE_LAYER,7,/model.2/cv1/conv/Conv:OpId_61 (cycles),38402,cycles,DSP,yolov8l-simplified-modified
77564334435,FORWARD_PROPAGATE_LAYER,8,/model.2/cv1/act/Sigmoid:OpId_64 (cycles),0,cycles,DSP,yolov8l-simplified-modified
77564334435,FORWARD_PROPAGATE_LAYER,9,/model.2/cv1/act/Mul:OpId_71 (cycles),446107,cycles,DSP,yolov8l-simplified-modified
77564334435,FORWARD_PROPAGATE_LAYER,10,/model.2/Slice:OpId_74 (cycles),98294,cycles,DSP,yolov8l-simplified-modified
77564334435,FORWARD_PROPAGATE_LAYER,11,/model.2/Slice_1:OpId_80 (cycles),86871,cycles,DSP,yolov8l-simplified-modified
77564334435,FORWARD_PROPAGATE_LAYER,12,/model.2/m.0/cv1/conv/Conv:OpId_92 (cycles),84587,cycles,DSP,yolov8l-simplified-modified
77564334435,FORWARD_PROPAGATE_LAYER,13,/model.2/m.0/cv1/act/Sigmoid:OpId_95 (cycles),0,cycles,DSP,yolov8l-simplified-modified
77564334435,FORWARD_PROPAGATE_LAYER,14,/model.2/m.0/cv1/act/Mul:OpId_102 (cycles),239376,cycles,DSP,yolov8l-simplified-modified
77564334435,FORWARD_PROPAGATE_LAYER,15,/model.2/m.0/cv2/conv/Conv:OpId_111 (cycles),83415,cycles,DSP,yolov8l-simplified-modified
77564334435,FORWARD_PROPAGATE_LAYER,16,/model.2/m.0/cv2/act/Sigmoid:OpId_114 (cycles),0,cycles,DSP,yolov8l-simplified-modified
77564334435,FORWARD_PROPAGATE_LAYER,17,/model.2/m.0/cv2/act/Mul:OpId_121 (cycles),236188,cycles,DSP,yolov8l-simplified-modified
77564334435,FORWARD_PROPAGATE_LAYER,18,/model.2/m.0/Add:OpId_123 (cycles),223096,cycles,DSP,yolov8l-simplified-modified
77564334435,FORWARD_PROPAGATE_LAYER,19,/model.2/m.1/cv1/conv/Conv:OpId_132 (cycles),85093,cycles,DSP,yolov8l-simplified-modified
77564334435,FORWARD_PROPAGATE_LAYER,20,/model.2/m.1/cv1/act/Sigmoid:OpId_135 (cycles),0,cycles,DSP,yolov8l-simplified-modified
77564334435,FORWARD_PROPAGATE_LAYER,21,/model.2/m.1/cv1/act/Mul:OpId_142 (cycles),242052,cycles,DSP,yolov8l-simplified-modified
77564334435,FORWARD_PROPAGATE_LAYER,22,/model.2/m.1/cv2/conv/Conv:OpId_151 (cycles),83691,cycles,DSP,yolov8l-simplified-modified
77564334435,FORWARD_PROPAGATE_LAYER,23,/model.2/m.1/cv2/act/Sigmoid:OpId_154 (cycles),0,cycles,DSP,yolov8l-simplified-modified
77564334435,FORWARD_PROPAGATE_LAYER,24,/model.2/m.1/cv2/act/Mul:OpId_161 (cycles),247760,cycles,DSP,yolov8l-simplified-modified
77564334435,FORWARD_PROPAGATE_LAYER,25,/model.2/m.1/Add:OpId_163 (cycles),232540,cycles,DSP,yolov8l-simplified-modified
77564334435,FORWARD_PROPAGATE_LAYER,26,/model.2/m.2/cv1/conv/Conv:OpId_172 (cycles),84680,cycles,DSP,yolov8l-simplified-modified
77564334435,FORWARD_PROPAGATE_LAYER,27,/model.2/m.2/cv1/act/Sigmoid:OpId_175 (cycles),0,cycles,DSP,yolov8l-simplified-modified
77564334435,FORWARD_PROPAGATE_LAYER,28,/model.2/m.2/cv1/act/Mul:OpId_182 (cycles),240283,cycles,DSP,yolov8l-simplified-modified
77564334435,FORWARD_PROPAGATE_LAYER,29,/model.2/m.2/cv2/conv/Conv:OpId_191 (cycles),84446,cycles,DSP,yolov8l-simplified-modified
77564334435,FORWARD_PROPAGATE_LAYER,30,/model.2/m.2/cv2/act/Sigmoid:OpId_194 (cycles),0,cycles,DSP,yolov8l-simplified-modified
77564334435,FORWARD_PROPAGATE_LAYER,31,/model.2/m.2/cv2/act/Mul:OpId_201 (cycles),233458,cycles,DSP,yolov8l-simplified-modified
77564334435,FORWARD_PROPAGATE_LAYER,32,/model.2/m.2/Add:OpId_203 (cycles),119998,cycles,DSP,yolov8l-simplified-modified
77564334435,FORWARD_PROPAGATE_LAYER,33,/model.2/Concat:OpId_205 (cycles),0,cycles,DSP,yolov8l-simplified-modified
77564334435,FORWARD_PROPAGATE_LAYER,34,/model.2/cv2/conv/Conv:OpId_214 (cycles),93870,cycles,DSP,yolov8l-simplified-modified
77564334435,FORWARD_PROPAGATE_LAYER,35,/model.2/cv2/act/Sigmoid:OpId_217 (cycles),0,cycles,DSP,yolov8l-simplified-modified
77564334435,FORWARD_PROPAGATE_LAYER,36,/model.2/cv2/act/Mul:OpId_224 (cycles),511918,cycles,DSP,yolov8l-simplified-modified
77564334435,FORWARD_PROPAGATE_LAYER,37,/model.3/conv/Conv:OpId_233 (cycles),336337,cycles,DSP,yolov8l-simplified-modified
77564334435,FORWARD_PROPAGATE_LAYER,38,/model.3/act/Sigmoid:OpId_236 (cycles),0,cycles,DSP,yolov8l-simplified-modified
77564334435,FORWARD_PROPAGATE_LAYER,39,/model.3/act/Mul:OpId_243 (cycles),252526,cycles,DSP,yolov8l-simplified-modified
77564334435,FORWARD_PROPAGATE_LAYER,40,/model.4/cv1/conv/Conv:OpId_252 (cycles),37120,cycles,DSP,yolov8l-simplified-modified
77564334435,FORWARD_PROPAGATE_LAYER,41,/model.4/cv1/act/Sigmoid:OpId_255 (cycles),0,cycles,DSP,yolov8l-simplified-modified
77564334435,FORWARD_PROPAGATE_LAYER,42,/model.4/cv1/act/Mul:OpId_262 (cycles),239335,cycles,DSP,yolov8l-simplified-modified
77564334435,FORWARD_PROPAGATE_LAYER,43,/model.4/Slice:OpId_265 (cycles),45336,cycles,DSP,yolov8l-simplified-modified
77564334435,FORWARD_PROPAGATE_LAYER,44,/model.4/Slice_1:OpId_271 (cycles),49267,cycles,DSP,yolov8l-simplified-modified
77564334435,FORWARD_PROPAGATE_LAYER,45,/model.4/m.0/cv1/conv/Conv:OpId_283 (cycles),90446,cycles,DSP,yolov8l-simplified-modified
77564334435,FORWARD_PROPAGATE_LAYER,46,/model.4/m.0/cv1/act/Sigmoid:OpId_286 (cycles),0,cycles,DSP,yolov8l-simplified-modified
77564334435,FORWARD_PROPAGATE_LAYER,47,/model.4/m.0/cv1/act/Mul:OpId_293 (cycles),163171,cycles,DSP,yolov8l-simplified-modified
77564334435,FORWARD_PROPAGATE_LAYER,48,/model.4/m.0/cv2/conv/Conv:OpId_302 (cycles),83701,cycles,DSP,yolov8l-simplified-modified
77564334435,FORWARD_PROPAGATE_LAYER,49,/model.4/m.0/cv2/act/Sigmoid:OpId_305 (cycles),0,cycles,DSP,yolov8l-simplified-modified
77564334435,FORWARD_PROPAGATE_LAYER,50,/model.4/m.0/cv2/act/Mul:OpId_312 (cycles),151646,cycles,DSP,yolov8l-simplified-modified
77564334435,FORWARD_PROPAGATE_LAYER,51,/model.4/m.0/Add:OpId_314 (cycles),122929,cycles,DSP,yolov8l-simplified-modified
77564334435,FORWARD_PROPAGATE_LAYER,52,/model.4/m.1/cv1/conv/Conv:OpId_323 (cycles),91352,cycles,DSP,yolov8l-simplified-modified
77564334435,FORWARD_PROPAGATE_LAYER,53,/model.4/m.1/cv1/act/Sigmoid:OpId_326 (cycles),0,cycles,DSP,yolov8l-simplified-modified
77564334435,FORWARD_PROPAGATE_LAYER,54,/model.4/m.1/cv1/act/Mul:OpId_333 (cycles),142762,cycles,DSP,yolov8l-simplified-modified
77564334435,FORWARD_PROPAGATE_LAYER,55,/model.4/m.1/cv2/conv/Conv:OpId_342 (cycles),81159,cycles,DSP,yolov8l-simplified-modified
77564334435,FORWARD_PROPAGATE_LAYER,56,/model.4/m.1/cv2/act/Sigmoid:OpId_345 (cycles),0,cycles,DSP,yolov8l-simplified-modified
77564334435,FORWARD_PROPAGATE_LAYER,57,/model.4/m.1/cv2/act/Mul:OpId_352 (cycles),139598,cycles,DSP,yolov8l-simplified-modified
77564334435,FORWARD_PROPAGATE_LAYER,58,/model.4/m.1/Add:OpId_354 (cycles),129983,cycles,DSP,yolov8l-simplified-modified
77564334435,FORWARD_PROPAGATE_LAYER,59,/model.4/m.2/cv1/conv/Conv:OpId_363 (cycles),91791,cycles,DSP,yolov8l-simplified-modified
77564334435,FORWARD_PROPAGATE_LAYER,60,/model.4/m.2/cv1/act/Sigmoid:OpId_366 (cycles),0,cycles,DSP,yolov8l-simplified-modified
77564334435,FORWARD_PROPAGATE_LAYER,61,/model.4/m.2/cv1/act/Mul:OpId_373 (cycles),143225,cycles,DSP,yolov8l-simplified-modified
77564334435,FORWARD_PROPAGATE_LAYER,62,/model.4/m.2/cv2/conv/Conv:OpId_382 (cycles),87375,cycles,DSP,yolov8l-simplified-modified
77564334435,FORWARD_PROPAGATE_LAYER,63,/model.4/m.2/cv2/act/Sigmoid:OpId_385 (cycles),0,cycles,DSP,yolov8l-simplified-modified
77564334435,FORWARD_PROPAGATE_LAYER,64,/model.4/m.2/cv2/act/Mul:OpId_392 (cycles),141642,cycles,DSP,yolov8l-simplified-modified
77564334435,FORWARD_PROPAGATE_LAYER,65,/model.4/m.2/Add:OpId_394 (cycles),135191,cycles,DSP,yolov8l-simplified-modified
77564334435,FORWARD_PROPAGATE_LAYER,66,/model.4/m.3/cv1/conv/Conv:OpId_403 (cycles),90731,cycles,DSP,yolov8l-simplified-modified
77564334435,FORWARD_PROPAGATE_LAYER,67,/model.4/m.3/cv1/act/Sigmoid:OpId_406 (cycles),0,cycles,DSP,yolov8l-simplified-modified
77564334435,FORWARD_PROPAGATE_LAYER,68,/model.4/m.3/cv1/act/Mul:OpId_413 (cycles),161498,cycles,DSP,yolov8l-simplified-modified
77564334435,FORWARD_PROPAGATE_LAYER,69,/model.4/m.3/cv2/conv/Conv:OpId_422 (cycles),89159,cycles,DSP,yolov8l-simplified-modified
77564334435,FORWARD_PROPAGATE_LAYER,70,/model.4/m.3/cv2/act/Sigmoid:OpId_425 (cycles),0,cycles,DSP,yolov8l-simplified-modified
77564334435,FORWARD_PROPAGATE_LAYER,71,/model.4/m.3/cv2/act/Mul:OpId_432 (cycles),148943,cycles,DSP,yolov8l-simplified-modified
77564334435,FORWARD_PROPAGATE_LAYER,72,/model.4/m.3/Add:OpId_434 (cycles),136131,cycles,DSP,yolov8l-simplified-modified
77564334435,FORWARD_PROPAGATE_LAYER,73,/model.4/m.4/cv1/conv/Conv:OpId_443 (cycles),89889,cycles,DSP,yolov8l-simplified-modified
77564334435,FORWARD_PROPAGATE_LAYER,74,/model.4/m.4/cv1/act/Sigmoid:OpId_446 (cycles),0,cycles,DSP,yolov8l-simplified-modified
77564334435,FORWARD_PROPAGATE_LAYER,75,/model.4/m.4/cv1/act/Mul:OpId_453 (cycles),154162,cycles,DSP,yolov8l-simplified-modified
77564334435,FORWARD_PROPAGATE_LAYER,76,/model.4/m.4/cv2/conv/Conv:OpId_462 (cycles),77760,cycles,DSP,yolov8l-simplified-modified
77564334435,FORWARD_PROPAGATE_LAYER,77,/model.4/m.4/cv2/act/Sigmoid:OpId_465 (cycles),0,cycles,DSP,yolov8l-simplified-modified
77564334435,FORWARD_PROPAGATE_LAYER,78,/model.4/m.4/cv2/act/Mul:OpId_472 (cycles),146443,cycles,DSP,yolov8l-simplified-modified
77564334435,FORWARD_PROPAGATE_LAYER,79,/model.4/m.4/Add:OpId_474 (cycles),145815,cycles,DSP,yolov8l-simplified-modified
77564334435,FORWARD_PROPAGATE_LAYER,80,/model.4/m.5/cv1/conv/Conv:OpId_483 (cycles),89075,cycles,DSP,yolov8l-simplified-modified
77564334435,FORWARD_PROPAGATE_LAYER,81,/model.4/m.5/cv1/act/Sigmoid:OpId_486 (cycles),0,cycles,DSP,yolov8l-simplified-modified
77564334435,FORWARD_PROPAGATE_LAYER,82,/model.4/m.5/cv1/act/Mul:OpId_493 (cycles),147737,cycles,DSP,yolov8l-simplified-modified
77564334435,FORWARD_PROPAGATE_LAYER,83,/model.4/m.5/cv2/conv/Conv:OpId_502 (cycles),85885,cycles,DSP,yolov8l-simplified-modified
77564334435,FORWARD_PROPAGATE_LAYER,84,/model.4/m.5/cv2/act/Sigmoid:OpId_505 (cycles),0,cycles,DSP,yolov8l-simplified-modified
77564334435,FORWARD_PROPAGATE_LAYER,85,/model.4/m.5/cv2/act/Mul:OpId_512 (cycles),145259,cycles,DSP,yolov8l-simplified-modified
77564334435,FORWARD_PROPAGATE_LAYER,86,/model.4/m.5/Add:OpId_514 (cycles),61443,cycles,DSP,yolov8l-simplified-modified
77564334435,FORWARD_PROPAGATE_LAYER,87,/model.4/Concat:OpId_516 (cycles),0,cycles,DSP,yolov8l-simplified-modified
77564334435,FORWARD_PROPAGATE_LAYER,88,/model.4/cv2/conv/Conv:OpId_525 (cycles),141879,cycles,DSP,yolov8l-simplified-modified
77564334435,FORWARD_PROPAGATE_LAYER,89,/model.4/cv2/act/Sigmoid:OpId_528 (cycles),0,cycles,DSP,yolov8l-simplified-modified
77564334435,FORWARD_PROPAGATE_LAYER,90,/model.4/cv2/act/Mul:OpId_535 (cycles),565893,cycles,DSP,yolov8l-simplified-modified
77564334435,FORWARD_PROPAGATE_LAYER,91,/model.5/conv/Conv:OpId_544 (cycles),284160,cycles,DSP,yolov8l-simplified-modified
77564334435,FORWARD_PROPAGATE_LAYER,92,/model.5/act/Sigmoid:OpId_547 (cycles),0,cycles,DSP,yolov8l-simplified-modified
77564334435,FORWARD_PROPAGATE_LAYER,93,/model.5/act/Mul:OpId_554 (cycles),132025,cycles,DSP,yolov8l-simplified-modified
77564334435,FORWARD_PROPAGATE_LAYER,94,/model.6/cv1/conv/Conv:OpId_563 (cycles),37756,cycles,DSP,yolov8l-simplified-modified
77564334435,FORWARD_PROPAGATE_LAYER,95,/model.6/cv1/act/Sigmoid:OpId_566 (cycles),0,cycles,DSP,yolov8l-simplified-modified
77564334435,FORWARD_PROPAGATE_LAYER,96,/model.6/cv1/act/Mul:OpId_573 (cycles),138481,cycles,DSP,yolov8l-simplified-modified
77564334435,FORWARD_PROPAGATE_LAYER,97,/model.6/Slice:OpId_576 (cycles),21610,cycles,DSP,yolov8l-simplified-modified
77564334435,FORWARD_PROPAGATE_LAYER,98,/model.6/Slice_1:OpId_582 (cycles),24541,cycles,DSP,yolov8l-simplified-modified
77564334435,FORWARD_PROPAGATE_LAYER,99,/model.6/m.0/cv1/conv/Conv:OpId_594 (cycles),87484,cycles,DSP,yolov8l-simplified-modified
77564334435,FORWARD_PROPAGATE_LAYER,100,/model.6/m.0/cv1/act/Sigmoid:OpId_597 (cycles),0,cycles,DSP,yolov8l-simplified-modified
77564334435,FORWARD_PROPAGATE_LAYER,101,/model.6/m.0/cv1/act/Mul:OpId_604 (cycles),87533,cycles,DSP,yolov8l-simplified-modified
77564334435,FORWARD_PROPAGATE_LAYER,102,/model.6/m.0/cv2/conv/Conv:OpId_613 (cycles),100634,cycles,DSP,yolov8l-simplified-modified
77564334435,FORWARD_PROPAGATE_LAYER,103,/model.6/m.0/cv2/act/Sigmoid:OpId_616 (cycles),0,cycles,DSP,yolov8l-simplified-modified
77564334435,FORWARD_PROPAGATE_LAYER,104,/model.6/m.0/cv2/act/Mul:OpId_623 (cycles),85071,cycles,DSP,yolov8l-simplified-modified
77564334435,FORWARD_PROPAGATE_LAYER,105,/model.6/m.0/Add:OpId_625 (cycles),57401,cycles,DSP,yolov8l-simplified-modified
77564334435,FORWARD_PROPAGATE_LAYER,106,/model.6/m.1/cv1/conv/Conv:OpId_634 (cycles),102018,cycles,DSP,yolov8l-simplified-modified
77564334435,FORWARD_PROPAGATE_LAYER,107,/model.6/m.1/cv1/act/Sigmoid:OpId_637 (cycles),0,cycles,DSP,yolov8l-simplified-modified
77564334435,FORWARD_PROPAGATE_LAYER,108,/model.6/m.1/cv1/act/Mul:OpId_644 (cycles),88712,cycles,DSP,yolov8l-simplified-modified
77564334435,FORWARD_PROPAGATE_LAYER,109,/model.6/m.1/cv2/conv/Conv:OpId_653 (cycles),89678,cycles,DSP,yolov8l-simplified-modified
77564334435,FORWARD_PROPAGATE_LAYER,110,/model.6/m.1/cv2/act/Sigmoid:OpId_656 (cycles),0,cycles,DSP,yolov8l-simplified-modified
77564334435,FORWARD_PROPAGATE_LAYER,111,/model.6/m.1/cv2/act/Mul:OpId_663 (cycles),82976,cycles,DSP,yolov8l-simplified-modified
77564334435,FORWARD_PROPAGATE_LAYER,112,/model.6/m.1/Add:OpId_665 (cycles),54922,cycles,DSP,yolov8l-simplified-modified
77564334435,FORWARD_PROPAGATE_LAYER,113,/model.6/m.2/cv1/conv/Conv:OpId_674 (cycles),101893,cycles,DSP,yolov8l-simplified-modified
77564334435,FORWARD_PROPAGATE_LAYER,114,/model.6/m.2/cv1/act/Sigmoid:OpId_677 (cycles),0,cycles,DSP,yolov8l-simplified-modified
77564334435,FORWARD_PROPAGATE_LAYER,115,/model.6/m.2/cv1/act/Mul:OpId_684 (cycles),90686,cycles,DSP,yolov8l-simplified-modified
77564334435,FORWARD_PROPAGATE_LAYER,116,/model.6/m.2/cv2/conv/Conv:OpId_693 (cycles),86796,cycles,DSP,yolov8l-simplified-modified
77564334435,FORWARD_PROPAGATE_LAYER,117,/model.6/m.2/cv2/act/Sigmoid:OpId_696 (cycles),0,cycles,DSP,yolov8l-simplified-modified
77564334435,FORWARD_PROPAGATE_LAYER,118,/model.6/m.2/cv2/act/Mul:OpId_703 (cycles),82148,cycles,DSP,yolov8l-simplified-modified
77564334435,FORWARD_PROPAGATE_LAYER,119,/model.6/m.2/Add:OpId_705 (cycles),55135,cycles,DSP,yolov8l-simplified-modified
77564334435,FORWARD_PROPAGATE_LAYER,120,/model.6/m.3/cv1/conv/Conv:OpId_714 (cycles),101981,cycles,DSP,yolov8l-simplified-modified
77564334435,FORWARD_PROPAGATE_LAYER,121,/model.6/m.3/cv1/act/Sigmoid:OpId_717 (cycles),0,cycles,DSP,yolov8l-simplified-modified
77564334435,FORWARD_PROPAGATE_LAYER,122,/model.6/m.3/cv1/act/Mul:OpId_724 (cycles),89972,cycles,DSP,yolov8l-simplified-modified
77564334435,FORWARD_PROPAGATE_LAYER,123,/model.6/m.3/cv2/conv/Conv:OpId_733 (cycles),100975,cycles,DSP,yolov8l-simplified-modified
77564334435,FORWARD_PROPAGATE_LAYER,124,/model.6/m.3/cv2/act/Sigmoid:OpId_736 (cycles),0,cycles,DSP,yolov8l-simplified-modified
77564334435,FORWARD_PROPAGATE_LAYER,125,/model.6/m.3/cv2/act/Mul:OpId_743 (cycles),84441,cycles,DSP,yolov8l-simplified-modified
77564334435,FORWARD_PROPAGATE_LAYER,126,/model.6/m.3/Add:OpId_745 (cycles),57819,cycles,DSP,yolov8l-simplified-modified
77564334435,FORWARD_PROPAGATE_LAYER,127,/model.6/m.4/cv1/conv/Conv:OpId_754 (cycles),101961,cycles,DSP,yolov8l-simplified-modified
77564334435,FORWARD_PROPAGATE_LAYER,128,/model.6/m.4/cv1/act/Sigmoid:OpId_757 (cycles),0,cycles,DSP,yolov8l-simplified-modified
77564334435,FORWARD_PROPAGATE_LAYER,129,/model.6/m.4/cv1/act/Mul:OpId_764 (cycles),89714,cycles,DSP,yolov8l-simplified-modified
77564334435,FORWARD_PROPAGATE_LAYER,130,/model.6/m.4/cv2/conv/Conv:OpId_773 (cycles),90000,cycles,DSP,yolov8l-simplified-modified
77564334435,FORWARD_PROPAGATE_LAYER,131,/model.6/m.4/cv2/act/Sigmoid:OpId_776 (cycles),0,cycles,DSP,yolov8l-simplified-modified
77564334435,FORWARD_PROPAGATE_LAYER,132,/model.6/m.4/cv2/act/Mul:OpId_783 (cycles),83742,cycles,DSP,yolov8l-simplified-modified
77564334435,FORWARD_PROPAGATE_LAYER,133,/model.6/m.4/Add:OpId_785 (cycles),59151,cycles,DSP,yolov8l-simplified-modified
77564334435,FORWARD_PROPAGATE_LAYER,134,/model.6/m.5/cv1/conv/Conv:OpId_794 (cycles),117087,cycles,DSP,yolov8l-simplified-modified
77564334435,FORWARD_PROPAGATE_LAYER,135,/model.6/m.5/cv1/act/Sigmoid:OpId_797 (cycles),0,cycles,DSP,yolov8l-simplified-modified
77564334435,FORWARD_PROPAGATE_LAYER,136,/model.6/m.5/cv1/act/Mul:OpId_804 (cycles),89752,cycles,DSP,yolov8l-simplified-modified
77564334435,FORWARD_PROPAGATE_LAYER,137,/model.6/m.5/cv2/conv/Conv:OpId_813 (cycles),86001,cycles,DSP,yolov8l-simplified-modified
77564334435,FORWARD_PROPAGATE_LAYER,138,/model.6/m.5/cv2/act/Sigmoid:OpId_816 (cycles),0,cycles,DSP,yolov8l-simplified-modified
77564334435,FORWARD_PROPAGATE_LAYER,139,/model.6/m.5/cv2/act/Mul:OpId_823 (cycles),84023,cycles,DSP,yolov8l-simplified-modified
77564334435,FORWARD_PROPAGATE_LAYER,140,/model.6/m.5/Add:OpId_825 (cycles),29913,cycles,DSP,yolov8l-simplified-modified
77564334435,FORWARD_PROPAGATE_LAYER,141,/model.6/Concat:OpId_827 (cycles),0,cycles,DSP,yolov8l-simplified-modified
77564334435,FORWARD_PROPAGATE_LAYER,142,/model.6/cv2/conv/Conv:OpId_836 (cycles),139662,cycles,DSP,yolov8l-simplified-modified
77564334435,FORWARD_PROPAGATE_LAYER,143,/model.6/cv2/act/Sigmoid:OpId_839 (cycles),0,cycles,DSP,yolov8l-simplified-modified
77564334435,FORWARD_PROPAGATE_LAYER,144,/model.6/cv2/act/Mul:OpId_846 (cycles),303872,cycles,DSP,yolov8l-simplified-modified
77564334435,FORWARD_PROPAGATE_LAYER,145,/model.7/conv/Conv:OpId_855 (cycles),227759,cycles,DSP,yolov8l-simplified-modified
77564334435,FORWARD_PROPAGATE_LAYER,146,/model.7/act/Sigmoid:OpId_858 (cycles),0,cycles,DSP,yolov8l-simplified-modified
77564334435,FORWARD_PROPAGATE_LAYER,147,/model.7/act/Mul:OpId_865 (cycles),44610,cycles,DSP,yolov8l-simplified-modified
77564334435,FORWARD_PROPAGATE_LAYER,148,/model.8/cv1/conv/Conv:OpId_874 (cycles),13582,cycles,DSP,yolov8l-simplified-modified
77564334435,FORWARD_PROPAGATE_LAYER,149,/model.8/cv1/act/Sigmoid:OpId_877 (cycles),0,cycles,DSP,yolov8l-simplified-modified
77564334435,FORWARD_PROPAGATE_LAYER,150,/model.8/cv1/act/Mul:OpId_884 (cycles),40936,cycles,DSP,yolov8l-simplified-modified
77564334435,FORWARD_PROPAGATE_LAYER,151,/model.8/Slice:OpId_887 (cycles),7951,cycles,DSP,yolov8l-simplified-modified
77564334435,FORWARD_PROPAGATE_LAYER,152,/model.8/Slice_1:OpId_893 (cycles),9627,cycles,DSP,yolov8l-simplified-modified
77564334435,FORWARD_PROPAGATE_LAYER,153,/model.8/m.0/cv1/conv/Conv:OpId_905 (cycles),44167,cycles,DSP,yolov8l-simplified-modified
77564334435,FORWARD_PROPAGATE_LAYER,154,/model.8/m.0/cv1/act/Sigmoid:OpId_908 (cycles),0,cycles,DSP,yolov8l-simplified-modified
77564334435,FORWARD_PROPAGATE_LAYER,155,/model.8/m.0/cv1/act/Mul:OpId_915 (cycles),26840,cycles,DSP,yolov8l-simplified-modified
77564334435,FORWARD_PROPAGATE_LAYER,156,/model.8/m.0/cv2/conv/Conv:OpId_924 (cycles),39012,cycles,DSP,yolov8l-simplified-modified
77564334435,FORWARD_PROPAGATE_LAYER,157,/model.8/m.0/cv2/act/Sigmoid:OpId_927 (cycles),0,cycles,DSP,yolov8l-simplified-modified
77564334435,FORWARD_PROPAGATE_LAYER,158,/model.8/m.0/cv2/act/Mul:OpId_934 (cycles),28519,cycles,DSP,yolov8l-simplified-modified
77564334435,FORWARD_PROPAGATE_LAYER,159,/model.8/m.0/Add:OpId_936 (cycles),20877,cycles,DSP,yolov8l-simplified-modified
77564334435,FORWARD_PROPAGATE_LAYER,160,/model.8/m.1/cv1/conv/Conv:OpId_945 (cycles),38960,cycles,DSP,yolov8l-simplified-modified
77564334435,FORWARD_PROPAGATE_LAYER,161,/model.8/m.1/cv1/act/Sigmoid:OpId_948 (cycles),0,cycles,DSP,yolov8l-simplified-modified
77564334435,FORWARD_PROPAGATE_LAYER,162,/model.8/m.1/cv1/act/Mul:OpId_955 (cycles),28108,cycles,DSP,yolov8l-simplified-modified
77564334435,FORWARD_PROPAGATE_LAYER,163,/model.8/m.1/cv2/conv/Conv:OpId_964 (cycles),37200,cycles,DSP,yolov8l-simplified-modified
77564334435,FORWARD_PROPAGATE_LAYER,164,/model.8/m.1/cv2/act/Sigmoid:OpId_967 (cycles),0,cycles,DSP,yolov8l-simplified-modified
77564334435,FORWARD_PROPAGATE_LAYER,165,/model.8/m.1/cv2/act/Mul:OpId_974 (cycles),28889,cycles,DSP,yolov8l-simplified-modified
77564334435,FORWARD_PROPAGATE_LAYER,166,/model.8/m.1/Add:OpId_976 (cycles),20938,cycles,DSP,yolov8l-simplified-modified
77564334435,FORWARD_PROPAGATE_LAYER,167,/model.8/m.2/cv1/conv/Conv:OpId_985 (cycles),38299,cycles,DSP,yolov8l-simplified-modified
77564334435,FORWARD_PROPAGATE_LAYER,168,/model.8/m.2/cv1/act/Sigmoid:OpId_988 (cycles),0,cycles,DSP,yolov8l-simplified-modified
77564334435,FORWARD_PROPAGATE_LAYER,169,/model.8/m.2/cv1/act/Mul:OpId_995 (cycles),28526,cycles,DSP,yolov8l-simplified-modified
77564334435,FORWARD_PROPAGATE_LAYER,170,/model.8/m.2/cv2/conv/Conv:OpId_1004 (cycles),37772,cycles,DSP,yolov8l-simplified-modified
77564334435,FORWARD_PROPAGATE_LAYER,171,/model.8/m.2/cv2/act/Sigmoid:OpId_1007 (cycles),0,cycles,DSP,yolov8l-simplified-modified
77564334435,FORWARD_PROPAGATE_LAYER,172,/model.8/m.2/cv2/act/Mul:OpId_1014 (cycles),27721,cycles,DSP,yolov8l-simplified-modified
77564334435,FORWARD_PROPAGATE_LAYER,173,/model.8/m.2/Add:OpId_1016 (cycles),10622,cycles,DSP,yolov8l-simplified-modified
77564334435,FORWARD_PROPAGATE_LAYER,174,/model.8/Concat:OpId_1018 (cycles),0,cycles,DSP,yolov8l-simplified-modified
77564334435,FORWARD_PROPAGATE_LAYER,175,/model.8/cv2/conv/Conv:OpId_1027 (cycles),32082,cycles,DSP,yolov8l-simplified-modified
77564334435,FORWARD_PROPAGATE_LAYER,176,/model.8/cv2/act/Sigmoid:OpId_1030 (cycles),0,cycles,DSP,yolov8l-simplified-modified
77564334435,FORWARD_PROPAGATE_LAYER,177,/model.8/cv2/act/Mul:OpId_1037 (cycles),48726,cycles,DSP,yolov8l-simplified-modified
77564334435,FORWARD_PROPAGATE_LAYER,178,/model.9/cv1/conv/Conv:OpId_1046 (cycles),7260,cycles,DSP,yolov8l-simplified-modified
77564334435,FORWARD_PROPAGATE_LAYER,179,/model.9/cv1/act/Sigmoid:OpId_1049 (cycles),0,cycles,DSP,yolov8l-simplified-modified
77564334435,FORWARD_PROPAGATE_LAYER,180,/model.9/cv1/act/Mul:OpId_1056 (cycles),22166,cycles,DSP,yolov8l-simplified-modified
77564334435,FORWARD_PROPAGATE_LAYER,181,/model.9/m/MaxPool:OpId_1061 (cycles),53744,cycles,DSP,yolov8l-simplified-modified
77564334435,FORWARD_PROPAGATE_LAYER,182,/model.9/m_1/MaxPool:OpId_1066 (cycles),35561,cycles,DSP,yolov8l-simplified-modified
77564334435,FORWARD_PROPAGATE_LAYER,183,/model.9/m_2/MaxPool:OpId_1071 (cycles),41368,cycles,DSP,yolov8l-simplified-modified
77564334435,FORWARD_PROPAGATE_LAYER,184,/model.9/Concat:OpId_1073 (cycles),0,cycles,DSP,yolov8l-simplified-modified
77564334435,FORWARD_PROPAGATE_LAYER,185,/model.9/cv2/conv/Conv:OpId_1082 (cycles),26398,cycles,DSP,yolov8l-simplified-modified
77564334435,FORWARD_PROPAGATE_LAYER,186,/model.9/cv2/act/Sigmoid:OpId_1085 (cycles),0,cycles,DSP,yolov8l-simplified-modified
77564334435,FORWARD_PROPAGATE_LAYER,187,/model.9/cv2/act/Mul:OpId_1092 (cycles),81060,cycles,DSP,yolov8l-simplified-modified
77564334435,FORWARD_PROPAGATE_LAYER,188,/model.10/Resize:OpId_1094 (cycles),70170,cycles,DSP,yolov8l-simplified-modified
77564334435,FORWARD_PROPAGATE_LAYER,189,/model.11/Concat:OpId_1097 (cycles),0,cycles,DSP,yolov8l-simplified-modified
77564334435,FORWARD_PROPAGATE_LAYER,190,/model.12/cv1/conv/Conv:OpId_1106 (cycles),71464,cycles,DSP,yolov8l-simplified-modified
77564334435,FORWARD_PROPAGATE_LAYER,191,/model.12/cv1/act/Sigmoid:OpId_1109 (cycles),0,cycles,DSP,yolov8l-simplified-modified
77564334435,FORWARD_PROPAGATE_LAYER,192,/model.12/cv1/act/Mul:OpId_1116 (cycles),131409,cycles,DSP,yolov8l-simplified-modified
77564334435,FORWARD_PROPAGATE_LAYER,193,/model.12/Slice:OpId_1119 (cycles),20302,cycles,DSP,yolov8l-simplified-modified
77564334435,FORWARD_PROPAGATE_LAYER,194,/model.12/Slice_1:OpId_1125 (cycles),23194,cycles,DSP,yolov8l-simplified-modified
77564334435,FORWARD_PROPAGATE_LAYER,195,/model.12/m.0/cv1/conv/Conv:OpId_1137 (cycles),86432,cycles,DSP,yolov8l-simplified-modified
77564334435,FORWARD_PROPAGATE_LAYER,196,/model.12/m.0/cv1/act/Sigmoid:OpId_1140 (cycles),0,cycles,DSP,yolov8l-simplified-modified
77564334435,FORWARD_PROPAGATE_LAYER,197,/model.12/m.0/cv1/act/Mul:OpId_1147 (cycles),88594,cycles,DSP,yolov8l-simplified-modified
77564334435,FORWARD_PROPAGATE_LAYER,198,/model.12/m.0/cv2/conv/Conv:OpId_1156 (cycles),88397,cycles,DSP,yolov8l-simplified-modified
77564334435,FORWARD_PROPAGATE_LAYER,199,/model.12/m.0/cv2/act/Sigmoid:OpId_1159 (cycles),0,cycles,DSP,yolov8l-simplified-modified
77564334435,FORWARD_PROPAGATE_LAYER,200,/model.12/m.0/cv2/act/Mul:OpId_1166 (cycles),158553,cycles,DSP,yolov8l-simplified-modified
77564334435,FORWARD_PROPAGATE_LAYER,201,/model.12/m.1/cv1/conv/Conv:OpId_1175 (cycles),86584,cycles,DSP,yolov8l-simplified-modified
77564334435,FORWARD_PROPAGATE_LAYER,202,/model.12/m.1/cv1/act/Sigmoid:OpId_1178 (cycles),0,cycles,DSP,yolov8l-simplified-modified
77564334435,FORWARD_PROPAGATE_LAYER,203,/model.12/m.1/cv1/act/Mul:OpId_1185 (cycles),86866,cycles,DSP,yolov8l-simplified-modified
77564334435,FORWARD_PROPAGATE_LAYER,204,/model.12/m.1/cv2/conv/Conv:OpId_1194 (cycles),93767,cycles,DSP,yolov8l-simplified-modified
77564334435,FORWARD_PROPAGATE_LAYER,205,/model.12/m.1/cv2/act/Sigmoid:OpId_1197 (cycles),0,cycles,DSP,yolov8l-simplified-modified
77564334435,FORWARD_PROPAGATE_LAYER,206,/model.12/m.1/cv2/act/Mul:OpId_1204 (cycles),171653,cycles,DSP,yolov8l-simplified-modified
77564334435,FORWARD_PROPAGATE_LAYER,207,/model.12/m.2/cv1/conv/Conv:OpId_1213 (cycles),86609,cycles,DSP,yolov8l-simplified-modified
77564334435,FORWARD_PROPAGATE_LAYER,208,/model.12/m.2/cv1/act/Sigmoid:OpId_1216 (cycles),0,cycles,DSP,yolov8l-simplified-modified
77564334435,FORWARD_PROPAGATE_LAYER,209,/model.12/m.2/cv1/act/Mul:OpId_1223 (cycles),81163,cycles,DSP,yolov8l-simplified-modified
77564334435,FORWARD_PROPAGATE_LAYER,210,/model.12/m.2/cv2/conv/Conv:OpId_1232 (cycles),94015,cycles,DSP,yolov8l-simplified-modified
77564334435,FORWARD_PROPAGATE_LAYER,211,/model.12/m.2/cv2/act/Sigmoid:OpId_1235 (cycles),0,cycles,DSP,yolov8l-simplified-modified
77564334435,FORWARD_PROPAGATE_LAYER,212,/model.12/m.2/cv2/act/Mul:OpId_1242 (cycles),83429,cycles,DSP,yolov8l-simplified-modified
77564334435,FORWARD_PROPAGATE_LAYER,213,/model.12/Concat:OpId_1244 (cycles),0,cycles,DSP,yolov8l-simplified-modified
77564334435,FORWARD_PROPAGATE_LAYER,214,/model.12/cv2/conv/Conv:OpId_1253 (cycles),74069,cycles,DSP,yolov8l-simplified-modified
77564334435,FORWARD_PROPAGATE_LAYER,215,/model.12/cv2/act/Sigmoid:OpId_1256 (cycles),0,cycles,DSP,yolov8l-simplified-modified
77564334435,FORWARD_PROPAGATE_LAYER,216,/model.12/cv2/act/Mul:OpId_1263 (cycles),140394,cycles,DSP,yolov8l-simplified-modified
77564334435,FORWARD_PROPAGATE_LAYER,217,/model.13/Resize:OpId_1265 (cycles),128556,cycles,DSP,yolov8l-simplified-modified
77564334435,FORWARD_PROPAGATE_LAYER,218,/model.14/Concat:OpId_1268 (cycles),0,cycles,DSP,yolov8l-simplified-modified
77564334435,FORWARD_PROPAGATE_LAYER,219,/model.15/cv1/conv/Conv:OpId_1277 (cycles),97315,cycles,DSP,yolov8l-simplified-modified
77564334435,FORWARD_PROPAGATE_LAYER,220,/model.15/cv1/act/Sigmoid:OpId_1280 (cycles),0,cycles,DSP,yolov8l-simplified-modified
77564334435,FORWARD_PROPAGATE_LAYER,221,/model.15/cv1/act/Mul:OpId_1287 (cycles),247238,cycles,DSP,yolov8l-simplified-modified
77564334435,FORWARD_PROPAGATE_LAYER,222,/model.15/Slice:OpId_1290 (cycles),54569,cycles,DSP,yolov8l-simplified-modified
77564334435,FORWARD_PROPAGATE_LAYER,223,/model.15/Slice_1:OpId_1296 (cycles),50364,cycles,DSP,yolov8l-simplified-modified
77564334435,FORWARD_PROPAGATE_LAYER,224,/model.15/m.0/cv1/conv/Conv:OpId_1308 (cycles),86798,cycles,DSP,yolov8l-simplified-modified
77564334435,FORWARD_PROPAGATE_LAYER,225,/model.15/m.0/cv1/act/Sigmoid:OpId_1311 (cycles),0,cycles,DSP,yolov8l-simplified-modified
77564334435,FORWARD_PROPAGATE_LAYER,226,/model.15/m.0/cv1/act/Mul:OpId_1318 (cycles),143531,cycles,DSP,yolov8l-simplified-modified
77564334435,FORWARD_PROPAGATE_LAYER,227,/model.15/m.0/cv2/conv/Conv:OpId_1327 (cycles),83317,cycles,DSP,yolov8l-simplified-modified
77564334435,FORWARD_PROPAGATE_LAYER,228,/model.15/m.0/cv2/act/Sigmoid:OpId_1330 (cycles),0,cycles,DSP,yolov8l-simplified-modified
77564334435,FORWARD_PROPAGATE_LAYER,229,/model.15/m.0/cv2/act/Mul:OpId_1337 (cycles),273049,cycles,DSP,yolov8l-simplified-modified
77564334435,FORWARD_PROPAGATE_LAYER,230,/model.15/m.1/cv1/conv/Conv:OpId_1346 (cycles),82942,cycles,DSP,yolov8l-simplified-modified
77564334435,FORWARD_PROPAGATE_LAYER,231,/model.15/m.1/cv1/act/Sigmoid:OpId_1349 (cycles),0,cycles,DSP,yolov8l-simplified-modified
77564334435,FORWARD_PROPAGATE_LAYER,232,/model.15/m.1/cv1/act/Mul:OpId_1356 (cycles),158211,cycles,DSP,yolov8l-simplified-modified
77564334435,FORWARD_PROPAGATE_LAYER,233,/model.15/m.1/cv2/conv/Conv:OpId_1365 (cycles),89416,cycles,DSP,yolov8l-simplified-modified
77564334435,FORWARD_PROPAGATE_LAYER,234,/model.15/m.1/cv2/act/Sigmoid:OpId_1368 (cycles),0,cycles,DSP,yolov8l-simplified-modified
77564334435,FORWARD_PROPAGATE_LAYER,235,/model.15/m.1/cv2/act/Mul:OpId_1375 (cycles),328783,cycles,DSP,yolov8l-simplified-modified
77564334435,FORWARD_PROPAGATE_LAYER,236,/model.15/m.2/cv1/conv/Conv:OpId_1384 (cycles),89196,cycles,DSP,yolov8l-simplified-modified
77564334435,FORWARD_PROPAGATE_LAYER,237,/model.15/m.2/cv1/act/Sigmoid:OpId_1387 (cycles),0,cycles,DSP,yolov8l-simplified-modified
77564334435,FORWARD_PROPAGATE_LAYER,238,/model.15/m.2/cv1/act/Mul:OpId_1394 (cycles),155334,cycles,DSP,yolov8l-simplified-modified
77564334435,FORWARD_PROPAGATE_LAYER,239,/model.15/m.2/cv2/conv/Conv:OpId_1403 (cycles),80445,cycles,DSP,yolov8l-simplified-modified
77564334435,FORWARD_PROPAGATE_LAYER,240,/model.15/m.2/cv2/act/Sigmoid:OpId_1406 (cycles),0,cycles,DSP,yolov8l-simplified-modified
77564334435,FORWARD_PROPAGATE_LAYER,241,/model.15/m.2/cv2/act/Mul:OpId_1413 (cycles),152872,cycles,DSP,yolov8l-simplified-modified
77564334435,FORWARD_PROPAGATE_LAYER,242,/model.15/Concat:OpId_1415 (cycles),0,cycles,DSP,yolov8l-simplified-modified
77564334435,FORWARD_PROPAGATE_LAYER,243,/model.15/cv2/conv/Conv:OpId_1424 (cycles),83503,cycles,DSP,yolov8l-simplified-modified
77564334435,FORWARD_PROPAGATE_LAYER,244,/model.15/cv2/act/Sigmoid:OpId_1427 (cycles),0,cycles,DSP,yolov8l-simplified-modified
77564334435,FORWARD_PROPAGATE_LAYER,245,/model.15/cv2/act/Mul:OpId_1434 (cycles),323506,cycles,DSP,yolov8l-simplified-modified
77564334435,FORWARD_PROPAGATE_LAYER,246,/model.16/conv/Conv:OpId_1443 (cycles),200424,cycles,DSP,yolov8l-simplified-modified
77564334435,FORWARD_PROPAGATE_LAYER,247,/model.22/cv2.0/cv2.0.0/conv/Conv:OpId_1453 (cycles),76002,cycles,DSP,yolov8l-simplified-modified
77564334435,FORWARD_PROPAGATE_LAYER,248,/model.22/cv3.0/cv3.0.0/conv/Conv:OpId_1463 (cycles),296449,cycles,DSP,yolov8l-simplified-modified
77564334435,FORWARD_PROPAGATE_LAYER,249,/model.16/act/Sigmoid:OpId_1466 (cycles),0,cycles,DSP,yolov8l-simplified-modified
77564334435,FORWARD_PROPAGATE_LAYER,250,/model.22/cv2.0/cv2.0.0/act/Sigmoid:OpId_1473 (cycles),0,cycles,DSP,yolov8l-simplified-modified
77564334435,FORWARD_PROPAGATE_LAYER,251,/model.22/cv3.0/cv3.0.0/act/Sigmoid:OpId_1480 (cycles),0,cycles,DSP,yolov8l-simplified-modified
77564334435,FORWARD_PROPAGATE_LAYER,252,/model.16/act/Mul:OpId_1487 (cycles),69314,cycles,DSP,yolov8l-simplified-modified
77564334435,FORWARD_PROPAGATE_LAYER,253,/model.22/cv2.0/cv2.0.0/act/Mul:OpId_1489 (cycles),90391,cycles,DSP,yolov8l-simplified-modified
77564334435,FORWARD_PROPAGATE_LAYER,254,/model.22/cv3.0/cv3.0.0/act/Mul:OpId_1491 (cycles),335718,cycles,DSP,yolov8l-simplified-modified
77564334435,FORWARD_PROPAGATE_LAYER,255,/model.17/Concat:OpId_1493 (cycles),0,cycles,DSP,yolov8l-simplified-modified
77564334435,FORWARD_PROPAGATE_LAYER,256,/model.22/cv2.0/cv2.0.1/conv/Conv:OpId_1502 (cycles),22898,cycles,DSP,yolov8l-simplified-modified
77564334435,FORWARD_PROPAGATE_LAYER,257,/model.22/cv3.0/cv3.0.1/conv/Conv:OpId_1512 (cycles),325256,cycles,DSP,yolov8l-simplified-modified
77564334435,FORWARD_PROPAGATE_LAYER,258,/model.18/cv1/conv/Conv:OpId_1522 (cycles),51658,cycles,DSP,yolov8l-simplified-modified
77564334435,FORWARD_PROPAGATE_LAYER,259,/model.22/cv2.0/cv2.0.1/act/Sigmoid:OpId_1525 (cycles),0,cycles,DSP,yolov8l-simplified-modified
77564334435,FORWARD_PROPAGATE_LAYER,260,/model.22/cv3.0/cv3.0.1/act/Sigmoid:OpId_1532 (cycles),0,cycles,DSP,yolov8l-simplified-modified
77564334435,FORWARD_PROPAGATE_LAYER,261,/model.18/cv1/act/Sigmoid:OpId_1539 (cycles),0,cycles,DSP,yolov8l-simplified-modified
77564334435,FORWARD_PROPAGATE_LAYER,262,/model.22/cv2.0/cv2.0.1/act/Mul:OpId_1546 (cycles),75058,cycles,DSP,yolov8l-simplified-modified
77564334435,FORWARD_PROPAGATE_LAYER,263,/model.22/cv3.0/cv3.0.1/act/Mul:OpId_1548 (cycles),334939,cycles,DSP,yolov8l-simplified-modified
77564334435,FORWARD_PROPAGATE_LAYER,264,/model.18/cv1/act/Mul:OpId_1550 (cycles),138023,cycles,DSP,yolov8l-simplified-modified
77564334435,FORWARD_PROPAGATE_LAYER,265,/model.22/cv2.0/cv2.0.2/Conv:OpId_1559 (cycles),5136,cycles,DSP,yolov8l-simplified-modified
77564334435,FORWARD_PROPAGATE_LAYER,266,/model.22/cv2.0/cv2.0.2/Conv_output_0.nchw:OpId_1563 (cycles),231986,cycles,DSP,yolov8l-simplified-modified
77564334435,FORWARD_PROPAGATE_LAYER,267,/model.22/cv3.0/cv3.0.2/Conv:OpId_1571 (cycles),211599,cycles,DSP,yolov8l-simplified-modified
77564334435,FORWARD_PROPAGATE_LAYER,268,/model.18/Slice:OpId_1575 (cycles),25791,cycles,DSP,yolov8l-simplified-modified
77564334435,FORWARD_PROPAGATE_LAYER,269,/model.18/Slice_1:OpId_1581 (cycles),25200,cycles,DSP,yolov8l-simplified-modified
77564334435,FORWARD_PROPAGATE_LAYER,270,/model.22/Reshape:OpId_1586 (cycles),29665,cycles,DSP,yolov8l-simplified-modified
77564334435,FORWARD_PROPAGATE_LAYER,271,/model.22/Sigmoid:OpId_1587 (cycles),332627,cycles,DSP,yolov8l-simplified-modified
77564334435,FORWARD_PROPAGATE_LAYER,272,/model.18/m.0/cv1/conv/Conv:OpId_1601 (cycles),88206,cycles,DSP,yolov8l-simplified-modified
77564334435,FORWARD_PROPAGATE_LAYER,273,/model.22/Transpose:OpId_1605 (cycles),108945,cycles,DSP,yolov8l-simplified-modified
77564334435,FORWARD_PROPAGATE_LAYER,274,/model.22/ReduceMax:OpId_1607 (cycles),232963,cycles,DSP,yolov8l-simplified-modified
77564334435,FORWARD_PROPAGATE_LAYER,275,/model.18/m.0/cv1/act/Sigmoid:OpId_1609 (cycles),0,cycles,DSP,yolov8l-simplified-modified
77564334435,FORWARD_PROPAGATE_LAYER,276,/model.22/Softmax:OpId_1616 (cycles),517784,cycles,DSP,yolov8l-simplified-modified
77564334435,FORWARD_PROPAGATE_LAYER,277,/model.18/m.0/cv1/act/Mul:OpId_1619 (cycles),89221,cycles,DSP,yolov8l-simplified-modified
77564334435,FORWARD_PROPAGATE_LAYER,278,/model.22/Transpose_1:OpId_1622 (cycles),35590,cycles,DSP,yolov8l-simplified-modified
77564334435,FORWARD_PROPAGATE_LAYER,279,/model.18/m.0/cv2/conv/Conv:OpId_1630 (cycles),89572,cycles,DSP,yolov8l-simplified-modified
77564334435,FORWARD_PROPAGATE_LAYER,280,/model.22/proj_conv/Conv:OpId_1640 (cycles),10896,cycles,DSP,yolov8l-simplified-modified
77564334435,FORWARD_PROPAGATE_LAYER,281,/model.18/m.0/cv2/act/Sigmoid:OpId_1643 (cycles),0,cycles,DSP,yolov8l-simplified-modified
77564334435,FORWARD_PROPAGATE_LAYER,282,/model.22/Gather_output_0_pre_reshape.nchw:OpId_1651 (cycles),0,cycles,DSP,yolov8l-simplified-modified
77564334435,FORWARD_PROPAGATE_LAYER,283,Reshape_post_/model.22/Gather:OpId_1652 (cycles),54944,cycles,DSP,yolov8l-simplified-modified
77564334435,FORWARD_PROPAGATE_LAYER,284,/model.22/Reshape_1_output_0.nhwc:OpId_1654 (cycles),16087,cycles,DSP,yolov8l-simplified-modified
77564334435,FORWARD_PROPAGATE_LAYER,285,/model.18/m.0/cv2/act/Mul:OpId_1655 (cycles),180796,cycles,DSP,yolov8l-simplified-modified
77564334435,FORWARD_PROPAGATE_LAYER,286,/model.18/m.1/cv1/conv/Conv:OpId_1664 (cycles),103204,cycles,DSP,yolov8l-simplified-modified
77564334435,FORWARD_PROPAGATE_LAYER,287,/model.22/Concat:OpId_1667 (cycles),84071,cycles,DSP,yolov8l-simplified-modified
77564334435,FORWARD_PROPAGATE_LAYER,288,/model.18/m.1/cv1/act/Sigmoid:OpId_1669 (cycles),0,cycles,DSP,yolov8l-simplified-modified
77564334435,FORWARD_PROPAGATE_LAYER,289,/model.18/m.1/cv1/act/Mul:OpId_1676 (cycles),89188,cycles,DSP,yolov8l-simplified-modified
77564334435,FORWARD_PROPAGATE_LAYER,290,/model.18/m.1/cv2/conv/Conv:OpId_1685 (cycles),90422,cycles,DSP,yolov8l-simplified-modified
77564334435,FORWARD_PROPAGATE_LAYER,291,/model.18/m.1/cv2/act/Sigmoid:OpId_1688 (cycles),0,cycles,DSP,yolov8l-simplified-modified
77564334435,FORWARD_PROPAGATE_LAYER,292,/model.18/m.1/cv2/act/Mul:OpId_1695 (cycles),181310,cycles,DSP,yolov8l-simplified-modified
77564334435,FORWARD_PROPAGATE_LAYER,293,/model.18/m.2/cv1/conv/Conv:OpId_1704 (cycles),99998,cycles,DSP,yolov8l-simplified-modified
77564334435,FORWARD_PROPAGATE_LAYER,294,/model.18/m.2/cv1/act/Sigmoid:OpId_1707 (cycles),0,cycles,DSP,yolov8l-simplified-modified
77564334435,FORWARD_PROPAGATE_LAYER,295,/model.18/m.2/cv1/act/Mul:OpId_1714 (cycles),88575,cycles,DSP,yolov8l-simplified-modified
77564334435,FORWARD_PROPAGATE_LAYER,296,/model.18/m.2/cv2/conv/Conv:OpId_1723 (cycles),95708,cycles,DSP,yolov8l-simplified-modified
77564334435,FORWARD_PROPAGATE_LAYER,297,/model.18/m.2/cv2/act/Sigmoid:OpId_1726 (cycles),0,cycles,DSP,yolov8l-simplified-modified
77564334435,FORWARD_PROPAGATE_LAYER,298,/model.18/m.2/cv2/act/Mul:OpId_1733 (cycles),87946,cycles,DSP,yolov8l-simplified-modified
77564334435,FORWARD_PROPAGATE_LAYER,299,/model.18/Concat:OpId_1735 (cycles),0,cycles,DSP,yolov8l-simplified-modified
77564334435,FORWARD_PROPAGATE_LAYER,300,/model.18/cv2/conv/Conv:OpId_1744 (cycles),87418,cycles,DSP,yolov8l-simplified-modified
77564334435,FORWARD_PROPAGATE_LAYER,301,/model.18/cv2/act/Sigmoid:OpId_1747 (cycles),0,cycles,DSP,yolov8l-simplified-modified
77564334435,FORWARD_PROPAGATE_LAYER,302,/model.18/cv2/act/Mul:OpId_1754 (cycles),161219,cycles,DSP,yolov8l-simplified-modified
77564334435,FORWARD_PROPAGATE_LAYER,303,/model.19/conv/Conv:OpId_1763 (cycles),221216,cycles,DSP,yolov8l-simplified-modified
77564334435,FORWARD_PROPAGATE_LAYER,304,/model.22/cv2.1/cv2.1.0/conv/Conv:OpId_1773 (cycles),44216,cycles,DSP,yolov8l-simplified-modified
77564334435,FORWARD_PROPAGATE_LAYER,305,/model.22/cv3.1/cv3.1.0/conv/Conv:OpId_1783 (cycles),173589,cycles,DSP,yolov8l-simplified-modified
77564334435,FORWARD_PROPAGATE_LAYER,306,/model.19/act/Sigmoid:OpId_1786 (cycles),0,cycles,DSP,yolov8l-simplified-modified
77564334435,FORWARD_PROPAGATE_LAYER,307,/model.22/cv2.1/cv2.1.0/act/Sigmoid:OpId_1793 (cycles),0,cycles,DSP,yolov8l-simplified-modified
77564334435,FORWARD_PROPAGATE_LAYER,308,/model.22/cv3.1/cv3.1.0/act/Sigmoid:OpId_1800 (cycles),0,cycles,DSP,yolov8l-simplified-modified
77564334435,FORWARD_PROPAGATE_LAYER,309,/model.19/act/Mul:OpId_1807 (cycles),43702,cycles,DSP,yolov8l-simplified-modified
77564334435,FORWARD_PROPAGATE_LAYER,310,/model.22/cv2.1/cv2.1.0/act/Mul:OpId_1809 (cycles),16807,cycles,DSP,yolov8l-simplified-modified
77564334435,FORWARD_PROPAGATE_LAYER,311,/model.22/cv3.1/cv3.1.0/act/Mul:OpId_1811 (cycles),86453,cycles,DSP,yolov8l-simplified-modified
77564334435,FORWARD_PROPAGATE_LAYER,312,/model.20/Concat:OpId_1813 (cycles),0,cycles,DSP,yolov8l-simplified-modified
77564334435,FORWARD_PROPAGATE_LAYER,313,/model.22/cv2.1/cv2.1.1/conv/Conv:OpId_1822 (cycles),6939,cycles,DSP,yolov8l-simplified-modified
77564334435,FORWARD_PROPAGATE_LAYER,314,/model.22/cv3.1/cv3.1.1/conv/Conv:OpId_1832 (cycles),100776,cycles,DSP,yolov8l-simplified-modified
77564334435,FORWARD_PROPAGATE_LAYER,315,/model.21/cv1/conv/Conv:OpId_1842 (cycles),25531,cycles,DSP,yolov8l-simplified-modified
77564334435,FORWARD_PROPAGATE_LAYER,316,/model.22/cv2.1/cv2.1.1/act/Sigmoid:OpId_1845 (cycles),0,cycles,DSP,yolov8l-simplified-modified
77564334435,FORWARD_PROPAGATE_LAYER,317,/model.22/cv3.1/cv3.1.1/act/Sigmoid:OpId_1852 (cycles),0,cycles,DSP,yolov8l-simplified-modified
77564334435,FORWARD_PROPAGATE_LAYER,318,/model.21/cv1/act/Sigmoid:OpId_1859 (cycles),0,cycles,DSP,yolov8l-simplified-modified
77564334435,FORWARD_PROPAGATE_LAYER,319,/model.22/cv2.1/cv2.1.1/act/Mul:OpId_1866 (cycles),18647,cycles,DSP,yolov8l-simplified-modified
77564334435,FORWARD_PROPAGATE_LAYER,320,/model.22/cv3.1/cv3.1.1/act/Mul:OpId_1868 (cycles),84243,cycles,DSP,yolov8l-simplified-modified
77564334435,FORWARD_PROPAGATE_LAYER,321,/model.21/cv1/act/Mul:OpId_1870 (cycles),44520,cycles,DSP,yolov8l-simplified-modified
77564334435,FORWARD_PROPAGATE_LAYER,322,/model.22/cv2.1/cv2.1.2/Conv:OpId_1879 (cycles),1982,cycles,DSP,yolov8l-simplified-modified
77564334435,FORWARD_PROPAGATE_LAYER,323,/model.22/cv2.1/cv2.1.2/Conv_output_0.nchw:OpId_1883 (cycles),17003,cycles,DSP,yolov8l-simplified-modified
77564334435,FORWARD_PROPAGATE_LAYER,324,/model.22/cv3.1/cv3.1.2/Conv:OpId_1891 (cycles),5009,cycles,DSP,yolov8l-simplified-modified
77564334435,FORWARD_PROPAGATE_LAYER,325,/model.21/Slice:OpId_1895 (cycles),9673,cycles,DSP,yolov8l-simplified-modified
77564334435,FORWARD_PROPAGATE_LAYER,326,/model.21/Slice_1:OpId_1901 (cycles),9190,cycles,DSP,yolov8l-simplified-modified
77564334435,FORWARD_PROPAGATE_LAYER,327,/model.22/Reshape_2:OpId_1906 (cycles),34509,cycles,DSP,yolov8l-simplified-modified
77564334435,FORWARD_PROPAGATE_LAYER,328,/model.22/Sigmoid_1:OpId_1907 (cycles),146188,cycles,DSP,yolov8l-simplified-modified
77564334435,FORWARD_PROPAGATE_LAYER,329,/model.21/m.0/cv1/conv/Conv:OpId_1921 (cycles),39536,cycles,DSP,yolov8l-simplified-modified
77564334435,FORWARD_PROPAGATE_LAYER,330,/model.22/Transpose_2:OpId_1925 (cycles),25324,cycles,DSP,yolov8l-simplified-modified
77564334435,FORWARD_PROPAGATE_LAYER,331,/model.22/ReduceMax_1:OpId_1927 (cycles),58945,cycles,DSP,yolov8l-simplified-modified
77564334435,FORWARD_PROPAGATE_LAYER,332,/model.21/m.0/cv1/act/Sigmoid:OpId_1929 (cycles),0,cycles,DSP,yolov8l-simplified-modified
77564334435,FORWARD_PROPAGATE_LAYER,333,/model.22/Softmax_1:OpId_1936 (cycles),125820,cycles,DSP,yolov8l-simplified-modified
77564334435,FORWARD_PROPAGATE_LAYER,334,/model.21/m.0/cv1/act/Mul:OpId_1939 (cycles),29099,cycles,DSP,yolov8l-simplified-modified
77564334435,FORWARD_PROPAGATE_LAYER,335,/model.22/Transpose_3:OpId_1942 (cycles),11184,cycles,DSP,yolov8l-simplified-modified
77564334435,FORWARD_PROPAGATE_LAYER,336,/model.21/m.0/cv2/conv/Conv:OpId_1950 (cycles),37726,cycles,DSP,yolov8l-simplified-modified
77564334435,FORWARD_PROPAGATE_LAYER,337,/model.22/proj_conv_1/Conv:OpId_1958 (cycles),2125,cycles,DSP,yolov8l-simplified-modified
77564334435,FORWARD_PROPAGATE_LAYER,338,/model.21/m.0/cv2/act/Sigmoid:OpId_1961 (cycles),0,cycles,DSP,yolov8l-simplified-modified
77564334435,FORWARD_PROPAGATE_LAYER,339,/model.22/Gather_1_output_0_pre_reshape.nchw:OpId_1969 (cycles),0,cycles,DSP,yolov8l-simplified-modified
77564334435,FORWARD_PROPAGATE_LAYER,340,Reshape_post_/model.22/Gather_1:OpId_1970 (cycles),13932,cycles,DSP,yolov8l-simplified-modified
77564334435,FORWARD_PROPAGATE_LAYER,341,/model.22/Reshape_3_output_0.nhwc:OpId_1972 (cycles),2397,cycles,DSP,yolov8l-simplified-modified
77564334435,FORWARD_PROPAGATE_LAYER,342,/model.21/m.0/cv2/act/Mul:OpId_1973 (cycles),52554,cycles,DSP,yolov8l-simplified-modified
77564334435,FORWARD_PROPAGATE_LAYER,343,/model.21/m.1/cv1/conv/Conv:OpId_1982 (cycles),37502,cycles,DSP,yolov8l-simplified-modified
77564334435,FORWARD_PROPAGATE_LAYER,344,/model.22/Concat_1:OpId_1985 (cycles),20096,cycles,DSP,yolov8l-simplified-modified
77564334435,FORWARD_PROPAGATE_LAYER,345,/model.21/m.1/cv1/act/Sigmoid:OpId_1987 (cycles),0,cycles,DSP,yolov8l-simplified-modified
77564334435,FORWARD_PROPAGATE_LAYER,346,/model.21/m.1/cv1/act/Mul:OpId_1994 (cycles),27215,cycles,DSP,yolov8l-simplified-modified
77564334435,FORWARD_PROPAGATE_LAYER,347,/model.21/m.1/cv2/conv/Conv:OpId_2003 (cycles),37403,cycles,DSP,yolov8l-simplified-modified
77564334435,FORWARD_PROPAGATE_LAYER,348,/model.21/m.1/cv2/act/Sigmoid:OpId_2006 (cycles),0,cycles,DSP,yolov8l-simplified-modified
77564334435,FORWARD_PROPAGATE_LAYER,349,/model.21/m.1/cv2/act/Mul:OpId_2013 (cycles),56262,cycles,DSP,yolov8l-simplified-modified
77564334435,FORWARD_PROPAGATE_LAYER,350,/model.21/m.2/cv1/conv/Conv:OpId_2022 (cycles),37118,cycles,DSP,yolov8l-simplified-modified
77564334435,FORWARD_PROPAGATE_LAYER,351,/model.21/m.2/cv1/act/Sigmoid:OpId_2025 (cycles),0,cycles,DSP,yolov8l-simplified-modified
77564334435,FORWARD_PROPAGATE_LAYER,352,/model.21/m.2/cv1/act/Mul:OpId_2032 (cycles),27442,cycles,DSP,yolov8l-simplified-modified
77564334435,FORWARD_PROPAGATE_LAYER,353,/model.21/m.2/cv2/conv/Conv:OpId_2041 (cycles),37591,cycles,DSP,yolov8l-simplified-modified
77564334435,FORWARD_PROPAGATE_LAYER,354,/model.21/m.2/cv2/act/Sigmoid:OpId_2044 (cycles),0,cycles,DSP,yolov8l-simplified-modified
77564334435,FORWARD_PROPAGATE_LAYER,355,/model.21/m.2/cv2/act/Mul:OpId_2051 (cycles),31099,cycles,DSP,yolov8l-simplified-modified
77564334435,FORWARD_PROPAGATE_LAYER,356,/model.21/Concat:OpId_2053 (cycles),0,cycles,DSP,yolov8l-simplified-modified
77564334435,FORWARD_PROPAGATE_LAYER,357,/model.21/cv2/conv/Conv:OpId_2062 (cycles),31566,cycles,DSP,yolov8l-simplified-modified
77564334435,FORWARD_PROPAGATE_LAYER,358,/model.21/cv2/act/Sigmoid:OpId_2065 (cycles),0,cycles,DSP,yolov8l-simplified-modified
77564334435,FORWARD_PROPAGATE_LAYER,359,/model.21/cv2/act/Mul:OpId_2072 (cycles),44152,cycles,DSP,yolov8l-simplified-modified
77564334435,FORWARD_PROPAGATE_LAYER,360,/model.22/cv2.2/cv2.2.0/conv/Conv:OpId_2081 (cycles),21012,cycles,DSP,yolov8l-simplified-modified
77564334435,FORWARD_PROPAGATE_LAYER,361,/model.22/cv3.2/cv3.2.0/conv/Conv:OpId_2091 (cycles),67905,cycles,DSP,yolov8l-simplified-modified
77564334435,FORWARD_PROPAGATE_LAYER,362,/model.22/cv2.2/cv2.2.0/act/Sigmoid:OpId_2094 (cycles),0,cycles,DSP,yolov8l-simplified-modified
77564334435,FORWARD_PROPAGATE_LAYER,363,/model.22/cv3.2/cv3.2.0/act/Sigmoid:OpId_2101 (cycles),0,cycles,DSP,yolov8l-simplified-modified
77564334435,FORWARD_PROPAGATE_LAYER,364,/model.22/cv2.2/cv2.2.0/act/Mul:OpId_2108 (cycles),9780,cycles,DSP,yolov8l-simplified-modified
77564334435,FORWARD_PROPAGATE_LAYER,365,/model.22/cv3.2/cv3.2.0/act/Mul:OpId_2110 (cycles),28012,cycles,DSP,yolov8l-simplified-modified
77564334435,FORWARD_PROPAGATE_LAYER,366,/model.22/cv2.2/cv2.2.1/conv/Conv:OpId_2119 (cycles),3719,cycles,DSP,yolov8l-simplified-modified
77564334435,FORWARD_PROPAGATE_LAYER,367,/model.22/cv3.2/cv3.2.1/conv/Conv:OpId_2129 (cycles),37506,cycles,DSP,yolov8l-simplified-modified
77564334435,FORWARD_PROPAGATE_LAYER,368,/model.22/cv2.2/cv2.2.1/act/Sigmoid:OpId_2132 (cycles),0,cycles,DSP,yolov8l-simplified-modified
77564334435,FORWARD_PROPAGATE_LAYER,369,/model.22/cv3.2/cv3.2.1/act/Sigmoid:OpId_2139 (cycles),0,cycles,DSP,yolov8l-simplified-modified
77564334435,FORWARD_PROPAGATE_LAYER,370,/model.22/cv2.2/cv2.2.1/act/Mul:OpId_2146 (cycles),7555,cycles,DSP,yolov8l-simplified-modified
77564334435,FORWARD_PROPAGATE_LAYER,371,/model.22/cv3.2/cv3.2.1/act/Mul:OpId_2148 (cycles),41634,cycles,DSP,yolov8l-simplified-modified
77564334435,FORWARD_PROPAGATE_LAYER,372,/model.22/cv2.2/cv2.2.2/Conv:OpId_2157 (cycles),1192,cycles,DSP,yolov8l-simplified-modified
77564334435,FORWARD_PROPAGATE_LAYER,373,/model.22/cv2.2/cv2.2.2/Conv_output_0.nchw:OpId_2161 (cycles),5126,cycles,DSP,yolov8l-simplified-modified
77564334435,FORWARD_PROPAGATE_LAYER,374,/model.22/cv3.2/cv3.2.2/Conv:OpId_2169 (cycles),14469,cycles,DSP,yolov8l-simplified-modified
77564334435,FORWARD_PROPAGATE_LAYER,375,/model.22/Reshape_4:OpId_2172 (cycles),12088,cycles,DSP,yolov8l-simplified-modified
77564334435,FORWARD_PROPAGATE_LAYER,376,/model.22/Sigmoid_2:OpId_2173 (cycles),26603,cycles,DSP,yolov8l-simplified-modified
77564334435,FORWARD_PROPAGATE_LAYER,377,/model.22/Transpose_4:OpId_2181 (cycles),6758,cycles,DSP,yolov8l-simplified-modified
77564334435,FORWARD_PROPAGATE_LAYER,378,/model.22/ReduceMax_2:OpId_2183 (cycles),19918,cycles,DSP,yolov8l-simplified-modified
77564334435,FORWARD_PROPAGATE_LAYER,379,/model.22/Softmax_2:OpId_2185 (cycles),34425,cycles,DSP,yolov8l-simplified-modified
77564334435,FORWARD_PROPAGATE_LAYER,380,/model.22/Transpose_5:OpId_2189 (cycles),2219,cycles,DSP,yolov8l-simplified-modified
77564334435,FORWARD_PROPAGATE_LAYER,381,/model.22/proj_conv_2/Conv:OpId_2195 (cycles),1096,cycles,DSP,yolov8l-simplified-modified
77564334435,FORWARD_PROPAGATE_LAYER,382,/model.22/Gather_2_output_0_pre_reshape.nchw:OpId_2199 (cycles),0,cycles,DSP,yolov8l-simplified-modified
77564334435,FORWARD_PROPAGATE_LAYER,383,Reshape_post_/model.22/Gather_2:OpId_2200 (cycles),3206,cycles,DSP,yolov8l-simplified-modified
77564334435,FORWARD_PROPAGATE_LAYER,384,/model.22/Reshape_5_output_0.nhwc:OpId_2202 (cycles),1541,cycles,DSP,yolov8l-simplified-modified
77564334435,FORWARD_PROPAGATE_LAYER,385,/model.22/Concat_2:OpId_2203 (cycles),5555,cycles,DSP,yolov8l-simplified-modified
77564334435,FORWARD_PROPAGATE_LAYER,386,Output OpId_3 (cycles),45427,cycles,DSP,yolov8l-simplified-modified
77564334435,EXECUTE_TIME_SUBNET_0,,,28363783,cycles,DSP,yolov8l-simplified-modified
77564334435,TOTAL_INFERENCE_TIME,,,26551,us,,yolov8l-simplified-modified
77564334435,FORWARD_PROPAGATE,,,26514,us,,yolov8l-simplified-modified
77564334435,FORWARD_PROPAGATE_LAYER,0,Input OpId_2 (cycles),0,cycles,DSP,yolov8l-simplified-modified
77564334435,FORWARD_PROPAGATE_LAYER,1,/model.0/conv/Conv:OpId_23 (cycles),575697,cycles,DSP,yolov8l-simplified-modified
77564334435,FORWARD_PROPAGATE_LAYER,2,/model.0/act/Sigmoid:OpId_26 (cycles),0,cycles,DSP,yolov8l-simplified-modified
77564334435,FORWARD_PROPAGATE_LAYER,3,/model.0/act/Mul:OpId_33 (cycles),982938,cycles,DSP,yolov8l-simplified-modified
77564334435,FORWARD_PROPAGATE_LAYER,4,/model.1/conv/Conv:OpId_42 (cycles),464855,cycles,DSP,yolov8l-simplified-modified
77564334435,FORWARD_PROPAGATE_LAYER,5,/model.1/act/Sigmoid:OpId_45 (cycles),0,cycles,DSP,yolov8l-simplified-modified
77564334435,FORWARD_PROPAGATE_LAYER,6,/model.1/act/Mul:OpId_52 (cycles),453681,cycles,DSP,yolov8l-simplified-modified
77564334435,FORWARD_PROPAGATE_LAYER,7,/model.2/cv1/conv/Conv:OpId_61 (cycles),39726,cycles,DSP,yolov8l-simplified-modified
77564334435,FORWARD_PROPAGATE_LAYER,8,/model.2/cv1/act/Sigmoid:OpId_64 (cycles),0,cycles,DSP,yolov8l-simplified-modified
77564334435,FORWARD_PROPAGATE_LAYER,9,/model.2/cv1/act/Mul:OpId_71 (cycles),448338,cycles,DSP,yolov8l-simplified-modified
77564334435,FORWARD_PROPAGATE_LAYER,10,/model.2/Slice:OpId_74 (cycles),97586,cycles,DSP,yolov8l-simplified-modified
77564334435,FORWARD_PROPAGATE_LAYER,11,/model.2/Slice_1:OpId_80 (cycles),87513,cycles,DSP,yolov8l-simplified-modified
77564334435,FORWARD_PROPAGATE_LAYER,12,/model.2/m.0/cv1/conv/Conv:OpId_92 (cycles),84038,cycles,DSP,yolov8l-simplified-modified
77564334435,FORWARD_PROPAGATE_LAYER,13,/model.2/m.0/cv1/act/Sigmoid:OpId_95 (cycles),0,cycles,DSP,yolov8l-simplified-modified
77564334435,FORWARD_PROPAGATE_LAYER,14,/model.2/m.0/cv1/act/Mul:OpId_102 (cycles),238610,cycles,DSP,yolov8l-simplified-modified
77564334435,FORWARD_PROPAGATE_LAYER,15,/model.2/m.0/cv2/conv/Conv:OpId_111 (cycles),82665,cycles,DSP,yolov8l-simplified-modified
77564334435,FORWARD_PROPAGATE_LAYER,16,/model.2/m.0/cv2/act/Sigmoid:OpId_114 (cycles),0,cycles,DSP,yolov8l-simplified-modified
77564334435,FORWARD_PROPAGATE_LAYER,17,/model.2/m.0/cv2/act/Mul:OpId_121 (cycles),234139,cycles,DSP,yolov8l-simplified-modified
77564334435,FORWARD_PROPAGATE_LAYER,18,/model.2/m.0/Add:OpId_123 (cycles),218059,cycles,DSP,yolov8l-simplified-modified
77564334435,FORWARD_PROPAGATE_LAYER,19,/model.2/m.1/cv1/conv/Conv:OpId_132 (cycles),83373,cycles,DSP,yolov8l-simplified-modified
77564334435,FORWARD_PROPAGATE_LAYER,20,/model.2/m.1/cv1/act/Sigmoid:OpId_135 (cycles),0,cycles,DSP,yolov8l-simplified-modified
77564334435,FORWARD_PROPAGATE_LAYER,21,/model.2/m.1/cv1/act/Mul:OpId_142 (cycles),236979,cycles,DSP,yolov8l-simplified-modified
77564334435,FORWARD_PROPAGATE_LAYER,22,/model.2/m.1/cv2/conv/Conv:OpId_151 (cycles),81898,cycles,DSP,yolov8l-simplified-modified
77564334435,FORWARD_PROPAGATE_LAYER,23,/model.2/m.1/cv2/act/Sigmoid:OpId_154 (cycles),0,cycles,DSP,yolov8l-simplified-modified
77564334435,FORWARD_PROPAGATE_LAYER,24,/model.2/m.1/cv2/act/Mul:OpId_161 (cycles),257238,cycles,DSP,yolov8l-simplified-modified
77564334435,FORWARD_PROPAGATE_LAYER,25,/model.2/m.1/Add:OpId_163 (cycles),231744,cycles,DSP,yolov8l-simplified-modified
77564334435,FORWARD_PROPAGATE_LAYER,26,/model.2/m.2/cv1/conv/Conv:OpId_172 (cycles),82547,cycles,DSP,yolov8l-simplified-modified
77564334435,FORWARD_PROPAGATE_LAYER,27,/model.2/m.2/cv1/act/Sigmoid:OpId_175 (cycles),0,cycles,DSP,yolov8l-simplified-modified
77564334435,FORWARD_PROPAGATE_LAYER,28,/model.2/m.2/cv1/act/Mul:OpId_182 (cycles),242113,cycles,DSP,yolov8l-simplified-modified
77564334435,FORWARD_PROPAGATE_LAYER,29,/model.2/m.2/cv2/conv/Conv:OpId_191 (cycles),82535,cycles,DSP,yolov8l-simplified-modified
77564334435,FORWARD_PROPAGATE_LAYER,30,/model.2/m.2/cv2/act/Sigmoid:OpId_194 (cycles),0,cycles,DSP,yolov8l-simplified-modified
77564334435,FORWARD_PROPAGATE_LAYER,31,/model.2/m.2/cv2/act/Mul:OpId_201 (cycles),232030,cycles,DSP,yolov8l-simplified-modified
77564334435,FORWARD_PROPAGATE_LAYER,32,/model.2/m.2/Add:OpId_203 (cycles),118822,cycles,DSP,yolov8l-simplified-modified
77564334435,FORWARD_PROPAGATE_LAYER,33,/model.2/Concat:OpId_205 (cycles),0,cycles,DSP,yolov8l-simplified-modified
77564334435,FORWARD_PROPAGATE_LAYER,34,/model.2/cv2/conv/Conv:OpId_214 (cycles),97198,cycles,DSP,yolov8l-simplified-modified
77564334435,FORWARD_PROPAGATE_LAYER,35,/model.2/cv2/act/Sigmoid:OpId_217 (cycles),0,cycles,DSP,yolov8l-simplified-modified
77564334435,FORWARD_PROPAGATE_LAYER,36,/model.2/cv2/act/Mul:OpId_224 (cycles),510699,cycles,DSP,yolov8l-simplified-modified
77564334435,FORWARD_PROPAGATE_LAYER,37,/model.3/conv/Conv:OpId_233 (cycles),331144,cycles,DSP,yolov8l-simplified-modified
77564334435,FORWARD_PROPAGATE_LAYER,38,/model.3/act/Sigmoid:OpId_236 (cycles),0,cycles,DSP,yolov8l-simplified-modified
77564334435,FORWARD_PROPAGATE_LAYER,39,/model.3/act/Mul:OpId_243 (cycles),251432,cycles,DSP,yolov8l-simplified-modified
77564334435,FORWARD_PROPAGATE_LAYER,40,/model.4/cv1/conv/Conv:OpId_252 (cycles),36534,cycles,DSP,yolov8l-simplified-modified
77564334435,FORWARD_PROPAGATE_LAYER,41,/model.4/cv1/act/Sigmoid:OpId_255 (cycles),0,cycles,DSP,yolov8l-simplified-modified
77564334435,FORWARD_PROPAGATE_LAYER,42,/model.4/cv1/act/Mul:OpId_262 (cycles),239694,cycles,DSP,yolov8l-simplified-modified
77564334435,FORWARD_PROPAGATE_LAYER,43,/model.4/Slice:OpId_265 (cycles),43831,cycles,DSP,yolov8l-simplified-modified
77564334435,FORWARD_PROPAGATE_LAYER,44,/model.4/Slice_1:OpId_271 (cycles),48782,cycles,DSP,yolov8l-simplified-modified
77564334435,FORWARD_PROPAGATE_LAYER,45,/model.4/m.0/cv1/conv/Conv:OpId_283 (cycles),89806,cycles,DSP,yolov8l-simplified-modified
77564334435,FORWARD_PROPAGATE_LAYER,46,/model.4/m.0/cv1/act/Sigmoid:OpId_286 (cycles),0,cycles,DSP,yolov8l-simplified-modified
77564334435,FORWARD_PROPAGATE_LAYER,47,/model.4/m.0/cv1/act/Mul:OpId_293 (cycles),164267,cycles,DSP,yolov8l-simplified-modified
77564334435,FORWARD_PROPAGATE_LAYER,48,/model.4/m.0/cv2/conv/Conv:OpId_302 (cycles),85120,cycles,DSP,yolov8l-simplified-modified
77564334435,FORWARD_PROPAGATE_LAYER,49,/model.4/m.0/cv2/act/Sigmoid:OpId_305 (cycles),0,cycles,DSP,yolov8l-simplified-modified
77564334435,FORWARD_PROPAGATE_LAYER,50,/model.4/m.0/cv2/act/Mul:OpId_312 (cycles),150188,cycles,DSP,yolov8l-simplified-modified
77564334435,FORWARD_PROPAGATE_LAYER,51,/model.4/m.0/Add:OpId_314 (cycles),123680,cycles,DSP,yolov8l-simplified-modified
77564334435,FORWARD_PROPAGATE_LAYER,52,/model.4/m.1/cv1/conv/Conv:OpId_323 (cycles),91594,cycles,DSP,yolov8l-simplified-modified
77564334435,FORWARD_PROPAGATE_LAYER,53,/model.4/m.1/cv1/act/Sigmoid:OpId_326 (cycles),0,cycles,DSP,yolov8l-simplified-modified
77564334435,FORWARD_PROPAGATE_LAYER,54,/model.4/m.1/cv1/act/Mul:OpId_333 (cycles),143662,cycles,DSP,yolov8l-simplified-modified
77564334435,FORWARD_PROPAGATE_LAYER,55,/model.4/m.1/cv2/conv/Conv:OpId_342 (cycles),84623,cycles,DSP,yolov8l-simplified-modified
77564334435,FORWARD_PROPAGATE_LAYER,56,/model.4/m.1/cv2/act/Sigmoid:OpId_345 (cycles),0,cycles,DSP,yolov8l-simplified-modified
77564334435,FORWARD_PROPAGATE_LAYER,57,/model.4/m.1/cv2/act/Mul:OpId_352 (cycles),131860,cycles,DSP,yolov8l-simplified-modified
77564334435,FORWARD_PROPAGATE_LAYER,58,/model.4/m.1/Add:OpId_354 (cycles),128695,cycles,DSP,yolov8l-simplified-modified
77564334435,FORWARD_PROPAGATE_LAYER,59,/model.4/m.2/cv1/conv/Conv:OpId_363 (cycles),89893,cycles,DSP,yolov8l-simplified-modified
77564334435,FORWARD_PROPAGATE_LAYER,60,/model.4/m.2/cv1/act/Sigmoid:OpId_366 (cycles),0,cycles,DSP,yolov8l-simplified-modified
77564334435,FORWARD_PROPAGATE_LAYER,61,/model.4/m.2/cv1/act/Mul:OpId_373 (cycles),145260,cycles,DSP,yolov8l-simplified-modified
77564334435,FORWARD_PROPAGATE_LAYER,62,/model.4/m.2/cv2/conv/Conv:OpId_382 (cycles),85965,cycles,DSP,yolov8l-simplified-modified
77564334435,FORWARD_PROPAGATE_LAYER,63,/model.4/m.2/cv2/act/Sigmoid:OpId_385 (cycles),0,cycles,DSP,yolov8l-simplified-modified
77564334435,FORWARD_PROPAGATE_LAYER,64,/model.4/m.2/cv2/act/Mul:OpId_392 (cycles),142410,cycles,DSP,yolov8l-simplified-modified
77564334435,FORWARD_PROPAGATE_LAYER,65,/model.4/m.2/Add:OpId_394 (cycles),134544,cycles,DSP,yolov8l-simplified-modified
77564334435,FORWARD_PROPAGATE_LAYER,66,/model.4/m.3/cv1/conv/Conv:OpId_403 (cycles),89753,cycles,DSP,yolov8l-simplified-modified
77564334435,FORWARD_PROPAGATE_LAYER,67,/model.4/m.3/cv1/act/Sigmoid:OpId_406 (cycles),0,cycles,DSP,yolov8l-simplified-modified
77564334435,FORWARD_PROPAGATE_LAYER,68,/model.4/m.3/cv1/act/Mul:OpId_413 (cycles),162472,cycles,DSP,yolov8l-simplified-modified
77564334435,FORWARD_PROPAGATE_LAYER,69,/model.4/m.3/cv2/conv/Conv:OpId_422 (cycles),89222,cycles,DSP,yolov8l-simplified-modified
77564334435,FORWARD_PROPAGATE_LAYER,70,/model.4/m.3/cv2/act/Sigmoid:OpId_425 (cycles),0,cycles,DSP,yolov8l-simplified-modified
77564334435,FORWARD_PROPAGATE_LAYER,71,/model.4/m.3/cv2/act/Mul:OpId_432 (cycles),149218,cycles,DSP,yolov8l-simplified-modified
77564334435,FORWARD_PROPAGATE_LAYER,72,/model.4/m.3/Add:OpId_434 (cycles),136272,cycles,DSP,yolov8l-simplified-modified
77564334435,FORWARD_PROPAGATE_LAYER,73,/model.4/m.4/cv1/conv/Conv:OpId_443 (cycles),89806,cycles,DSP,yolov8l-simplified-modified
77564334435,FORWARD_PROPAGATE_LAYER,74,/model.4/m.4/cv1/act/Sigmoid:OpId_446 (cycles),0,cycles,DSP,yolov8l-simplified-modified
77564334435,FORWARD_PROPAGATE_LAYER,75,/model.4/m.4/cv1/act/Mul:OpId_453 (cycles),153453,cycles,DSP,yolov8l-simplified-modified
77564334435,FORWARD_PROPAGATE_LAYER,76,/model.4/m.4/cv2/conv/Conv:OpId_462 (cycles),80925,cycles,DSP,yolov8l-simplified-modified
77564334435,FORWARD_PROPAGATE_LAYER,77,/model.4/m.4/cv2/act/Sigmoid:OpId_465 (cycles),0,cycles,DSP,yolov8l-simplified-modified
77564334435,FORWARD_PROPAGATE_LAYER,78,/model.4/m.4/cv2/act/Mul:OpId_472 (cycles),150717,cycles,DSP,yolov8l-simplified-modified
77564334435,FORWARD_PROPAGATE_LAYER,79,/model.4/m.4/Add:OpId_474 (cycles),143857,cycles,DSP,yolov8l-simplified-modified
77564334435,FORWARD_PROPAGATE_LAYER,80,/model.4/m.5/cv1/conv/Conv:OpId_483 (cycles),88848,cycles,DSP,yolov8l-simplified-modified
77564334435,FORWARD_PROPAGATE_LAYER,81,/model.4/m.5/cv1/act/Sigmoid:OpId_486 (cycles),0,cycles,DSP,yolov8l-simplified-modified
77564334435,FORWARD_PROPAGATE_LAYER,82,/model.4/m.5/cv1/act/Mul:OpId_493 (cycles),148254,cycles,DSP,yolov8l-simplified-modified
77564334435,FORWARD_PROPAGATE_LAYER,83,/model.4/m.5/cv2/conv/Conv:OpId_502 (cycles),86953,cycles,DSP,yolov8l-simplified-modified
77564334435,FORWARD_PROPAGATE_LAYER,84,/model.4/m.5/cv2/act/Sigmoid:OpId_505 (cycles),0,cycles,DSP,yolov8l-simplified-modified
77564334435,FORWARD_PROPAGATE_LAYER,85,/model.4/m.5/cv2/act/Mul:OpId_512 (cycles),146528,cycles,DSP,yolov8l-simplified-modified
77564334435,FORWARD_PROPAGATE_LAYER,86,/model.4/m.5/Add:OpId_514 (cycles),61960,cycles,DSP,yolov8l-simplified-modified
77564334435,FORWARD_PROPAGATE_LAYER,87,/model.4/Concat:OpId_516 (cycles),0,cycles,DSP,yolov8l-simplified-modified
77564334435,FORWARD_PROPAGATE_LAYER,88,/model.4/cv2/conv/Conv:OpId_525 (cycles),141303,cycles,DSP,yolov8l-simplified-modified
77564334435,FORWARD_PROPAGATE_LAYER,89,/model.4/cv2/act/Sigmoid:OpId_528 (cycles),0,cycles,DSP,yolov8l-simplified-modified
77564334435,FORWARD_PROPAGATE_LAYER,90,/model.4/cv2/act/Mul:OpId_535 (cycles),563614,cycles,DSP,yolov8l-simplified-modified
77564334435,FORWARD_PROPAGATE_LAYER,91,/model.5/conv/Conv:OpId_544 (cycles),278112,cycles,DSP,yolov8l-simplified-modified
77564334435,FORWARD_PROPAGATE_LAYER,92,/model.5/act/Sigmoid:OpId_547 (cycles),0,cycles,DSP,yolov8l-simplified-modified
77564334435,FORWARD_PROPAGATE_LAYER,93,/model.5/act/Mul:OpId_554 (cycles),130697,cycles,DSP,yolov8l-simplified-modified
77564334435,FORWARD_PROPAGATE_LAYER,94,/model.6/cv1/conv/Conv:OpId_563 (cycles),43389,cycles,DSP,yolov8l-simplified-modified
77564334435,FORWARD_PROPAGATE_LAYER,95,/model.6/cv1/act/Sigmoid:OpId_566 (cycles),0,cycles,DSP,yolov8l-simplified-modified
77564334435,FORWARD_PROPAGATE_LAYER,96,/model.6/cv1/act/Mul:OpId_573 (cycles),138540,cycles,DSP,yolov8l-simplified-modified
77564334435,FORWARD_PROPAGATE_LAYER,97,/model.6/Slice:OpId_576 (cycles),21703,cycles,DSP,yolov8l-simplified-modified
77564334435,FORWARD_PROPAGATE_LAYER,98,/model.6/Slice_1:OpId_582 (cycles),22124,cycles,DSP,yolov8l-simplified-modified
77564334435,FORWARD_PROPAGATE_LAYER,99,/model.6/m.0/cv1/conv/Conv:OpId_594 (cycles),86717,cycles,DSP,yolov8l-simplified-modified
77564334435,FORWARD_PROPAGATE_LAYER,100,/model.6/m.0/cv1/act/Sigmoid:OpId_597 (cycles),0,cycles,DSP,yolov8l-simplified-modified
77564334435,FORWARD_PROPAGATE_LAYER,101,/model.6/m.0/cv1/act/Mul:OpId_604 (cycles),85810,cycles,DSP,yolov8l-simplified-modified
77564334435,FORWARD_PROPAGATE_LAYER,102,/model.6/m.0/cv2/conv/Conv:OpId_613 (cycles),100561,cycles,DSP,yolov8l-simplified-modified
77564334435,FORWARD_PROPAGATE_LAYER,103,/model.6/m.0/cv2/act/Sigmoid:OpId_616 (cycles),0,cycles,DSP,yolov8l-simplified-modified
77564334435,FORWARD_PROPAGATE_LAYER,104,/model.6/m.0/cv2/act/Mul:OpId_623 (cycles),83862,cycles,DSP,yolov8l-simplified-modified
77564334435,FORWARD_PROPAGATE_LAYER,105,/model.6/m.0/Add:OpId_625 (cycles),57745,cycles,DSP,yolov8l-simplified-modified
77564334435,FORWARD_PROPAGATE_LAYER,106,/model.6/m.1/cv1/conv/Conv:OpId_634 (cycles),102047,cycles,DSP,yolov8l-simplified-modified
77564334435,FORWARD_PROPAGATE_LAYER,107,/model.6/m.1/cv1/act/Sigmoid:OpId_637 (cycles),0,cycles,DSP,yolov8l-simplified-modified
77564334435,FORWARD_PROPAGATE_LAYER,108,/model.6/m.1/cv1/act/Mul:OpId_644 (cycles),88380,cycles,DSP,yolov8l-simplified-modified
77564334435,FORWARD_PROPAGATE_LAYER,109,/model.6/m.1/cv2/conv/Conv:OpId_653 (cycles),87890,cycles,DSP,yolov8l-simplified-modified
77564334435,FORWARD_PROPAGATE_LAYER,110,/model.6/m.1/cv2/act/Sigmoid:OpId_656 (cycles),0,cycles,DSP,yolov8l-simplified-modified
77564334435,FORWARD_PROPAGATE_LAYER,111,/model.6/m.1/cv2/act/Mul:OpId_663 (cycles),82436,cycles,DSP,yolov8l-simplified-modified
77564334435,FORWARD_PROPAGATE_LAYER,112,/model.6/m.1/Add:OpId_665 (cycles),54666,cycles,DSP,yolov8l-simplified-modified
77564334435,FORWARD_PROPAGATE_LAYER,113,/model.6/m.2/cv1/conv/Conv:OpId_674 (cycles),101945,cycles,DSP,yolov8l-simplified-modified
77564334435,FORWARD_PROPAGATE_LAYER,114,/model.6/m.2/cv1/act/Sigmoid:OpId_677 (cycles),0,cycles,DSP,yolov8l-simplified-modified
77564334435,FORWARD_PROPAGATE_LAYER,115,/model.6/m.2/cv1/act/Mul:OpId_684 (cycles),89177,cycles,DSP,yolov8l-simplified-modified
77564334435,FORWARD_PROPAGATE_LAYER,116,/model.6/m.2/cv2/conv/Conv:OpId_693 (cycles),86695,cycles,DSP,yolov8l-simplified-modified
77564334435,FORWARD_PROPAGATE_LAYER,117,/model.6/m.2/cv2/act/Sigmoid:OpId_696 (cycles),0,cycles,DSP,yolov8l-simplified-modified
77564334435,FORWARD_PROPAGATE_LAYER,118,/model.6/m.2/cv2/act/Mul:OpId_703 (cycles),82276,cycles,DSP,yolov8l-simplified-modified
77564334435,FORWARD_PROPAGATE_LAYER,119,/model.6/m.2/Add:OpId_705 (cycles),55044,cycles,DSP,yolov8l-simplified-modified
77564334435,FORWARD_PROPAGATE_LAYER,120,/model.6/m.3/cv1/conv/Conv:OpId_714 (cycles),101960,cycles,DSP,yolov8l-simplified-modified
77564334435,FORWARD_PROPAGATE_LAYER,121,/model.6/m.3/cv1/act/Sigmoid:OpId_717 (cycles),0,cycles,DSP,yolov8l-simplified-modified
77564334435,FORWARD_PROPAGATE_LAYER,122,/model.6/m.3/cv1/act/Mul:OpId_724 (cycles),89348,cycles,DSP,yolov8l-simplified-modified
77564334435,FORWARD_PROPAGATE_LAYER,123,/model.6/m.3/cv2/conv/Conv:OpId_733 (cycles),101000,cycles,DSP,yolov8l-simplified-modified
77564334435,FORWARD_PROPAGATE_LAYER,124,/model.6/m.3/cv2/act/Sigmoid:OpId_736 (cycles),0,cycles,DSP,yolov8l-simplified-modified
77564334435,FORWARD_PROPAGATE_LAYER,125,/model.6/m.3/cv2/act/Mul:OpId_743 (cycles),82640,cycles,DSP,yolov8l-simplified-modified
77564334435,FORWARD_PROPAGATE_LAYER,126,/model.6/m.3/Add:OpId_745 (cycles),57064,cycles,DSP,yolov8l-simplified-modified
77564334435,FORWARD_PROPAGATE_LAYER,127,/model.6/m.4/cv1/conv/Conv:OpId_754 (cycles),101972,cycles,DSP,yolov8l-simplified-modified
77564334435,FORWARD_PROPAGATE_LAYER,128,/model.6/m.4/cv1/act/Sigmoid:OpId_757 (cycles),0,cycles,DSP,yolov8l-simplified-modified
77564334435,FORWARD_PROPAGATE_LAYER,129,/model.6/m.4/cv1/act/Mul:OpId_764 (cycles),90360,cycles,DSP,yolov8l-simplified-modified
77564334435,FORWARD_PROPAGATE_LAYER,130,/model.6/m.4/cv2/conv/Conv:OpId_773 (cycles),90399,cycles,DSP,yolov8l-simplified-modified
77564334435,FORWARD_PROPAGATE_LAYER,131,/model.6/m.4/cv2/act/Sigmoid:OpId_776 (cycles),0,cycles,DSP,yolov8l-simplified-modified
77564334435,FORWARD_PROPAGATE_LAYER,132,/model.6/m.4/cv2/act/Mul:OpId_783 (cycles),83182,cycles,DSP,yolov8l-simplified-modified
77564334435,FORWARD_PROPAGATE_LAYER,133,/model.6/m.4/Add:OpId_785 (cycles),58940,cycles,DSP,yolov8l-simplified-modified
77564334435,FORWARD_PROPAGATE_LAYER,134,/model.6/m.5/cv1/conv/Conv:OpId_794 (cycles),116382,cycles,DSP,yolov8l-simplified-modified
77564334435,FORWARD_PROPAGATE_LAYER,135,/model.6/m.5/cv1/act/Sigmoid:OpId_797 (cycles),0,cycles,DSP,yolov8l-simplified-modified
77564334435,FORWARD_PROPAGATE_LAYER,136,/model.6/m.5/cv1/act/Mul:OpId_804 (cycles),82929,cycles,DSP,yolov8l-simplified-modified
77564334435,FORWARD_PROPAGATE_LAYER,137,/model.6/m.5/cv2/conv/Conv:OpId_813 (cycles),85980,cycles,DSP,yolov8l-simplified-modified
77564334435,FORWARD_PROPAGATE_LAYER,138,/model.6/m.5/cv2/act/Sigmoid:OpId_816 (cycles),0,cycles,DSP,yolov8l-simplified-modified
77564334435,FORWARD_PROPAGATE_LAYER,139,/model.6/m.5/cv2/act/Mul:OpId_823 (cycles),84308,cycles,DSP,yolov8l-simplified-modified
77564334435,FORWARD_PROPAGATE_LAYER,140,/model.6/m.5/Add:OpId_825 (cycles),29677,cycles,DSP,yolov8l-simplified-modified
77564334435,FORWARD_PROPAGATE_LAYER,141,/model.6/Concat:OpId_827 (cycles),0,cycles,DSP,yolov8l-simplified-modified
77564334435,FORWARD_PROPAGATE_LAYER,142,/model.6/cv2/conv/Conv:OpId_836 (cycles),139900,cycles,DSP,yolov8l-simplified-modified
77564334435,FORWARD_PROPAGATE_LAYER,143,/model.6/cv2/act/Sigmoid:OpId_839 (cycles),0,cycles,DSP,yolov8l-simplified-modified
77564334435,FORWARD_PROPAGATE_LAYER,144,/model.6/cv2/act/Mul:OpId_846 (cycles),302978,cycles,DSP,yolov8l-simplified-modified
77564334435,FORWARD_PROPAGATE_LAYER,145,/model.7/conv/Conv:OpId_855 (cycles),226685,cycles,DSP,yolov8l-simplified-modified
77564334435,FORWARD_PROPAGATE_LAYER,146,/model.7/act/Sigmoid:OpId_858 (cycles),0,cycles,DSP,yolov8l-simplified-modified
77564334435,FORWARD_PROPAGATE_LAYER,147,/model.7/act/Mul:OpId_865 (cycles),43587,cycles,DSP,yolov8l-simplified-modified
77564334435,FORWARD_PROPAGATE_LAYER,148,/model.8/cv1/conv/Conv:OpId_874 (cycles),13532,cycles,DSP,yolov8l-simplified-modified
77564334435,FORWARD_PROPAGATE_LAYER,149,/model.8/cv1/act/Sigmoid:OpId_877 (cycles),0,cycles,DSP,yolov8l-simplified-modified
77564334435,FORWARD_PROPAGATE_LAYER,150,/model.8/cv1/act/Mul:OpId_884 (cycles),40514,cycles,DSP,yolov8l-simplified-modified
77564334435,FORWARD_PROPAGATE_LAYER,151,/model.8/Slice:OpId_887 (cycles),8246,cycles,DSP,yolov8l-simplified-modified
77564334435,FORWARD_PROPAGATE_LAYER,152,/model.8/Slice_1:OpId_893 (cycles),8984,cycles,DSP,yolov8l-simplified-modified
77564334435,FORWARD_PROPAGATE_LAYER,153,/model.8/m.0/cv1/conv/Conv:OpId_905 (cycles),44150,cycles,DSP,yolov8l-simplified-modified
77564334435,FORWARD_PROPAGATE_LAYER,154,/model.8/m.0/cv1/act/Sigmoid:OpId_908 (cycles),0,cycles,DSP,yolov8l-simplified-modified
77564334435,FORWARD_PROPAGATE_LAYER,155,/model.8/m.0/cv1/act/Mul:OpId_915 (cycles),25884,cycles,DSP,yolov8l-simplified-modified
77564334435,FORWARD_PROPAGATE_LAYER,156,/model.8/m.0/cv2/conv/Conv:OpId_924 (cycles),38455,cycles,DSP,yolov8l-simplified-modified
77564334435,FORWARD_PROPAGATE_LAYER,157,/model.8/m.0/cv2/act/Sigmoid:OpId_927 (cycles),0,cycles,DSP,yolov8l-simplified-modified
77564334435,FORWARD_PROPAGATE_LAYER,158,/model.8/m.0/cv2/act/Mul:OpId_934 (cycles),28278,cycles,DSP,yolov8l-simplified-modified
77564334435,FORWARD_PROPAGATE_LAYER,159,/model.8/m.0/Add:OpId_936 (cycles),21111,cycles,DSP,yolov8l-simplified-modified
77564334435,FORWARD_PROPAGATE_LAYER,160,/model.8/m.1/cv1/conv/Conv:OpId_945 (cycles),39149,cycles,DSP,yolov8l-simplified-modified
77564334435,FORWARD_PROPAGATE_LAYER,161,/model.8/m.1/cv1/act/Sigmoid:OpId_948 (cycles),0,cycles,DSP,yolov8l-simplified-modified
77564334435,FORWARD_PROPAGATE_LAYER,162,/model.8/m.1/cv1/act/Mul:OpId_955 (cycles),27523,cycles,DSP,yolov8l-simplified-modified
77564334435,FORWARD_PROPAGATE_LAYER,163,/model.8/m.1/cv2/conv/Conv:OpId_964 (cycles),35560,cycles,DSP,yolov8l-simplified-modified
77564334435,FORWARD_PROPAGATE_LAYER,164,/model.8/m.1/cv2/act/Sigmoid:OpId_967 (cycles),0,cycles,DSP,yolov8l-simplified-modified
77564334435,FORWARD_PROPAGATE_LAYER,165,/model.8/m.1/cv2/act/Mul:OpId_974 (cycles),28942,cycles,DSP,yolov8l-simplified-modified
77564334435,FORWARD_PROPAGATE_LAYER,166,/model.8/m.1/Add:OpId_976 (cycles),20958,cycles,DSP,yolov8l-simplified-modified
77564334435,FORWARD_PROPAGATE_LAYER,167,/model.8/m.2/cv1/conv/Conv:OpId_985 (cycles),38264,cycles,DSP,yolov8l-simplified-modified
77564334435,FORWARD_PROPAGATE_LAYER,168,/model.8/m.2/cv1/act/Sigmoid:OpId_988 (cycles),0,cycles,DSP,yolov8l-simplified-modified
77564334435,FORWARD_PROPAGATE_LAYER,169,/model.8/m.2/cv1/act/Mul:OpId_995 (cycles),29347,cycles,DSP,yolov8l-simplified-modified
77564334435,FORWARD_PROPAGATE_LAYER,170,/model.8/m.2/cv2/conv/Conv:OpId_1004 (cycles),37478,cycles,DSP,yolov8l-simplified-modified
77564334435,FORWARD_PROPAGATE_LAYER,171,/model.8/m.2/cv2/act/Sigmoid:OpId_1007 (cycles),0,cycles,DSP,yolov8l-simplified-modified
77564334435,FORWARD_PROPAGATE_LAYER,172,/model.8/m.2/cv2/act/Mul:OpId_1014 (cycles),28364,cycles,DSP,yolov8l-simplified-modified
77564334435,FORWARD_PROPAGATE_LAYER,173,/model.8/m.2/Add:OpId_1016 (cycles),10784,cycles,DSP,yolov8l-simplified-modified
77564334435,FORWARD_PROPAGATE_LAYER,174,/model.8/Concat:OpId_1018 (cycles),0,cycles,DSP,yolov8l-simplified-modified
77564334435,FORWARD_PROPAGATE_LAYER,175,/model.8/cv2/conv/Conv:OpId_1027 (cycles),32022,cycles,DSP,yolov8l-simplified-modified
77564334435,FORWARD_PROPAGATE_LAYER,176,/model.8/cv2/act/Sigmoid:OpId_1030 (cycles),0,cycles,DSP,yolov8l-simplified-modified
77564334435,FORWARD_PROPAGATE_LAYER,177,/model.8/cv2/act/Mul:OpId_1037 (cycles),48306,cycles,DSP,yolov8l-simplified-modified
77564334435,FORWARD_PROPAGATE_LAYER,178,/model.9/cv1/conv/Conv:OpId_1046 (cycles),7147,cycles,DSP,yolov8l-simplified-modified
77564334435,FORWARD_PROPAGATE_LAYER,179,/model.9/cv1/act/Sigmoid:OpId_1049 (cycles),0,cycles,DSP,yolov8l-simplified-modified
77564334435,FORWARD_PROPAGATE_LAYER,180,/model.9/cv1/act/Mul:OpId_1056 (cycles),21979,cycles,DSP,yolov8l-simplified-modified
77564334435,FORWARD_PROPAGATE_LAYER,181,/model.9/m/MaxPool:OpId_1061 (cycles),56025,cycles,DSP,yolov8l-simplified-modified
77564334435,FORWARD_PROPAGATE_LAYER,182,/model.9/m_1/MaxPool:OpId_1066 (cycles),35125,cycles,DSP,yolov8l-simplified-modified
77564334435,FORWARD_PROPAGATE_LAYER,183,/model.9/m_2/MaxPool:OpId_1071 (cycles),42511,cycles,DSP,yolov8l-simplified-modified
77564334435,FORWARD_PROPAGATE_LAYER,184,/model.9/Concat:OpId_1073 (cycles),0,cycles,DSP,yolov8l-simplified-modified
77564334435,FORWARD_PROPAGATE_LAYER,185,/model.9/cv2/conv/Conv:OpId_1082 (cycles),26232,cycles,DSP,yolov8l-simplified-modified
77564334435,FORWARD_PROPAGATE_LAYER,186,/model.9/cv2/act/Sigmoid:OpId_1085 (cycles),0,cycles,DSP,yolov8l-simplified-modified
77564334435,FORWARD_PROPAGATE_LAYER,187,/model.9/cv2/act/Mul:OpId_1092 (cycles),81638,cycles,DSP,yolov8l-simplified-modified
77564334435,FORWARD_PROPAGATE_LAYER,188,/model.10/Resize:OpId_1094 (cycles),70518,cycles,DSP,yolov8l-simplified-modified
77564334435,FORWARD_PROPAGATE_LAYER,189,/model.11/Concat:OpId_1097 (cycles),0,cycles,DSP,yolov8l-simplified-modified
77564334435,FORWARD_PROPAGATE_LAYER,190,/model.12/cv1/conv/Conv:OpId_1106 (cycles),70859,cycles,DSP,yolov8l-simplified-modified
77564334435,FORWARD_PROPAGATE_LAYER,191,/model.12/cv1/act/Sigmoid:OpId_1109 (cycles),0,cycles,DSP,yolov8l-simplified-modified
77564334435,FORWARD_PROPAGATE_LAYER,192,/model.12/cv1/act/Mul:OpId_1116 (cycles),131208,cycles,DSP,yolov8l-simplified-modified
77564334435,FORWARD_PROPAGATE_LAYER,193,/model.12/Slice:OpId_1119 (cycles),20580,cycles,DSP,yolov8l-simplified-modified
77564334435,FORWARD_PROPAGATE_LAYER,194,/model.12/Slice_1:OpId_1125 (cycles),23621,cycles,DSP,yolov8l-simplified-modified
77564334435,FORWARD_PROPAGATE_LAYER,195,/model.12/m.0/cv1/conv/Conv:OpId_1137 (cycles),86441,cycles,DSP,yolov8l-simplified-modified
77564334435,FORWARD_PROPAGATE_LAYER,196,/model.12/m.0/cv1/act/Sigmoid:OpId_1140 (cycles),0,cycles,DSP,yolov8l-simplified-modified
77564334435,FORWARD_PROPAGATE_LAYER,197,/model.12/m.0/cv1/act/Mul:OpId_1147 (cycles),87820,cycles,DSP,yolov8l-simplified-modified
77564334435,FORWARD_PROPAGATE_LAYER,198,/model.12/m.0/cv2/conv/Conv:OpId_1156 (cycles),88526,cycles,DSP,yolov8l-simplified-modified
77564334435,FORWARD_PROPAGATE_LAYER,199,/model.12/m.0/cv2/act/Sigmoid:OpId_1159 (cycles),0,cycles,DSP,yolov8l-simplified-modified
77564334435,FORWARD_PROPAGATE_LAYER,200,/model.12/m.0/cv2/act/Mul:OpId_1166 (cycles),157412,cycles,DSP,yolov8l-simplified-modified
77564334435,FORWARD_PROPAGATE_LAYER,201,/model.12/m.1/cv1/conv/Conv:OpId_1175 (cycles),86228,cycles,DSP,yolov8l-simplified-modified
77564334435,FORWARD_PROPAGATE_LAYER,202,/model.12/m.1/cv1/act/Sigmoid:OpId_1178 (cycles),0,cycles,DSP,yolov8l-simplified-modified
77564334435,FORWARD_PROPAGATE_LAYER,203,/model.12/m.1/cv1/act/Mul:OpId_1185 (cycles),86114,cycles,DSP,yolov8l-simplified-modified
77564334435,FORWARD_PROPAGATE_LAYER,204,/model.12/m.1/cv2/conv/Conv:OpId_1194 (cycles),94539,cycles,DSP,yolov8l-simplified-modified
77564334435,FORWARD_PROPAGATE_LAYER,205,/model.12/m.1/cv2/act/Sigmoid:OpId_1197 (cycles),0,cycles,DSP,yolov8l-simplified-modified
77564334435,FORWARD_PROPAGATE_LAYER,206,/model.12/m.1/cv2/act/Mul:OpId_1204 (cycles),165790,cycles,DSP,yolov8l-simplified-modified
77564334435,FORWARD_PROPAGATE_LAYER,207,/model.12/m.2/cv1/conv/Conv:OpId_1213 (cycles),86617,cycles,DSP,yolov8l-simplified-modified
77564334435,FORWARD_PROPAGATE_LAYER,208,/model.12/m.2/cv1/act/Sigmoid:OpId_1216 (cycles),0,cycles,DSP,yolov8l-simplified-modified
77564334435,FORWARD_PROPAGATE_LAYER,209,/model.12/m.2/cv1/act/Mul:OpId_1223 (cycles),84404,cycles,DSP,yolov8l-simplified-modified
77564334435,FORWARD_PROPAGATE_LAYER,210,/model.12/m.2/cv2/conv/Conv:OpId_1232 (cycles),95165,cycles,DSP,yolov8l-simplified-modified
77564334435,FORWARD_PROPAGATE_LAYER,211,/model.12/m.2/cv2/act/Sigmoid:OpId_1235 (cycles),0,cycles,DSP,yolov8l-simplified-modified
77564334435,FORWARD_PROPAGATE_LAYER,212,/model.12/m.2/cv2/act/Mul:OpId_1242 (cycles),84767,cycles,DSP,yolov8l-simplified-modified
77564334435,FORWARD_PROPAGATE_LAYER,213,/model.12/Concat:OpId_1244 (cycles),0,cycles,DSP,yolov8l-simplified-modified
77564334435,FORWARD_PROPAGATE_LAYER,214,/model.12/cv2/conv/Conv:OpId_1253 (cycles),73849,cycles,DSP,yolov8l-simplified-modified
77564334435,FORWARD_PROPAGATE_LAYER,215,/model.12/cv2/act/Sigmoid:OpId_1256 (cycles),0,cycles,DSP,yolov8l-simplified-modified
77564334435,FORWARD_PROPAGATE_LAYER,216,/model.12/cv2/act/Mul:OpId_1263 (cycles),139227,cycles,DSP,yolov8l-simplified-modified
77564334435,FORWARD_PROPAGATE_LAYER,217,/model.13/Resize:OpId_1265 (cycles),125931,cycles,DSP,yolov8l-simplified-modified
77564334435,FORWARD_PROPAGATE_LAYER,218,/model.14/Concat:OpId_1268 (cycles),0,cycles,DSP,yolov8l-simplified-modified
77564334435,FORWARD_PROPAGATE_LAYER,219,/model.15/cv1/conv/Conv:OpId_1277 (cycles),96284,cycles,DSP,yolov8l-simplified-modified
77564334435,FORWARD_PROPAGATE_LAYER,220,/model.15/cv1/act/Sigmoid:OpId_1280 (cycles),0,cycles,DSP,yolov8l-simplified-modified
77564334435,FORWARD_PROPAGATE_LAYER,221,/model.15/cv1/act/Mul:OpId_1287 (cycles),246296,cycles,DSP,yolov8l-simplified-modified
77564334435,FORWARD_PROPAGATE_LAYER,222,/model.15/Slice:OpId_1290 (cycles),55147,cycles,DSP,yolov8l-simplified-modified
77564334435,FORWARD_PROPAGATE_LAYER,223,/model.15/Slice_1:OpId_1296 (cycles),50334,cycles,DSP,yolov8l-simplified-modified
77564334435,FORWARD_PROPAGATE_LAYER,224,/model.15/m.0/cv1/conv/Conv:OpId_1308 (cycles),86236,cycles,DSP,yolov8l-simplified-modified
77564334435,FORWARD_PROPAGATE_LAYER,225,/model.15/m.0/cv1/act/Sigmoid:OpId_1311 (cycles),0,cycles,DSP,yolov8l-simplified-modified
77564334435,FORWARD_PROPAGATE_LAYER,226,/model.15/m.0/cv1/act/Mul:OpId_1318 (cycles),140011,cycles,DSP,yolov8l-simplified-modified
77564334435,FORWARD_PROPAGATE_LAYER,227,/model.15/m.0/cv2/conv/Conv:OpId_1327 (cycles),79970,cycles,DSP,yolov8l-simplified-modified
77564334435,FORWARD_PROPAGATE_LAYER,228,/model.15/m.0/cv2/act/Sigmoid:OpId_1330 (cycles),0,cycles,DSP,yolov8l-simplified-modified
77564334435,FORWARD_PROPAGATE_LAYER,229,/model.15/m.0/cv2/act/Mul:OpId_1337 (cycles),271364,cycles,DSP,yolov8l-simplified-modified
77564334435,FORWARD_PROPAGATE_LAYER,230,/model.15/m.1/cv1/conv/Conv:OpId_1346 (cycles),80697,cycles,DSP,yolov8l-simplified-modified
77564334435,FORWARD_PROPAGATE_LAYER,231,/model.15/m.1/cv1/act/Sigmoid:OpId_1349 (cycles),0,cycles,DSP,yolov8l-simplified-modified
77564334435,FORWARD_PROPAGATE_LAYER,232,/model.15/m.1/cv1/act/Mul:OpId_1356 (cycles),160339,cycles,DSP,yolov8l-simplified-modified
77564334435,FORWARD_PROPAGATE_LAYER,233,/model.15/m.1/cv2/conv/Conv:OpId_1365 (cycles),88679,cycles,DSP,yolov8l-simplified-modified
77564334435,FORWARD_PROPAGATE_LAYER,234,/model.15/m.1/cv2/act/Sigmoid:OpId_1368 (cycles),0,cycles,DSP,yolov8l-simplified-modified
77564334435,FORWARD_PROPAGATE_LAYER,235,/model.15/m.1/cv2/act/Mul:OpId_1375 (cycles),328102,cycles,DSP,yolov8l-simplified-modified
77564334435,FORWARD_PROPAGATE_LAYER,236,/model.15/m.2/cv1/conv/Conv:OpId_1384 (cycles),89317,cycles,DSP,yolov8l-simplified-modified
77564334435,FORWARD_PROPAGATE_LAYER,237,/model.15/m.2/cv1/act/Sigmoid:OpId_1387 (cycles),0,cycles,DSP,yolov8l-simplified-modified
77564334435,FORWARD_PROPAGATE_LAYER,238,/model.15/m.2/cv1/act/Mul:OpId_1394 (cycles),155854,cycles,DSP,yolov8l-simplified-modified
77564334435,FORWARD_PROPAGATE_LAYER,239,/model.15/m.2/cv2/conv/Conv:OpId_1403 (cycles),80744,cycles,DSP,yolov8l-simplified-modified
77564334435,FORWARD_PROPAGATE_LAYER,240,/model.15/m.2/cv2/act/Sigmoid:OpId_1406 (cycles),0,cycles,DSP,yolov8l-simplified-modified
77564334435,FORWARD_PROPAGATE_LAYER,241,/model.15/m.2/cv2/act/Mul:OpId_1413 (cycles),155479,cycles,DSP,yolov8l-simplified-modified
77564334435,FORWARD_PROPAGATE_LAYER,242,/model.15/Concat:OpId_1415 (cycles),0,cycles,DSP,yolov8l-simplified-modified
77564334435,FORWARD_PROPAGATE_LAYER,243,/model.15/cv2/conv/Conv:OpId_1424 (cycles),82104,cycles,DSP,yolov8l-simplified-modified
77564334435,FORWARD_PROPAGATE_LAYER,244,/model.15/cv2/act/Sigmoid:OpId_1427 (cycles),0,cycles,DSP,yolov8l-simplified-modified
77564334435,FORWARD_PROPAGATE_LAYER,245,/model.15/cv2/act/Mul:OpId_1434 (cycles),316870,cycles,DSP,yolov8l-simplified-modified
77564334435,FORWARD_PROPAGATE_LAYER,246,/model.16/conv/Conv:OpId_1443 (cycles),195194,cycles,DSP,yolov8l-simplified-modified
77564334435,FORWARD_PROPAGATE_LAYER,247,/model.22/cv2.0/cv2.0.0/conv/Conv:OpId_1453 (cycles),75444,cycles,DSP,yolov8l-simplified-modified
77564334435,FORWARD_PROPAGATE_LAYER,248,/model.22/cv3.0/cv3.0.0/conv/Conv:OpId_1463 (cycles),296726,cycles,DSP,yolov8l-simplified-modified
77564334435,FORWARD_PROPAGATE_LAYER,249,/model.16/act/Sigmoid:OpId_1466 (cycles),0,cycles,DSP,yolov8l-simplified-modified
77564334435,FORWARD_PROPAGATE_LAYER,250,/model.22/cv2.0/cv2.0.0/act/Sigmoid:OpId_1473 (cycles),0,cycles,DSP,yolov8l-simplified-modified
77564334435,FORWARD_PROPAGATE_LAYER,251,/model.22/cv3.0/cv3.0.0/act/Sigmoid:OpId_1480 (cycles),0,cycles,DSP,yolov8l-simplified-modified
77564334435,FORWARD_PROPAGATE_LAYER,252,/model.16/act/Mul:OpId_1487 (cycles),70042,cycles,DSP,yolov8l-simplified-modified
77564334435,FORWARD_PROPAGATE_LAYER,253,/model.22/cv2.0/cv2.0.0/act/Mul:OpId_1489 (cycles),90665,cycles,DSP,yolov8l-simplified-modified
77564334435,FORWARD_PROPAGATE_LAYER,254,/model.22/cv3.0/cv3.0.0/act/Mul:OpId_1491 (cycles),336631,cycles,DSP,yolov8l-simplified-modified
77564334435,FORWARD_PROPAGATE_LAYER,255,/model.17/Concat:OpId_1493 (cycles),0,cycles,DSP,yolov8l-simplified-modified
77564334435,FORWARD_PROPAGATE_LAYER,256,/model.22/cv2.0/cv2.0.1/conv/Conv:OpId_1502 (cycles),22673,cycles,DSP,yolov8l-simplified-modified
77564334435,FORWARD_PROPAGATE_LAYER,257,/model.22/cv3.0/cv3.0.1/conv/Conv:OpId_1512 (cycles),320896,cycles,DSP,yolov8l-simplified-modified
77564334435,FORWARD_PROPAGATE_LAYER,258,/model.18/cv1/conv/Conv:OpId_1522 (cycles),50131,cycles,DSP,yolov8l-simplified-modified
77564334435,FORWARD_PROPAGATE_LAYER,259,/model.22/cv2.0/cv2.0.1/act/Sigmoid:OpId_1525 (cycles),0,cycles,DSP,yolov8l-simplified-modified
77564334435,FORWARD_PROPAGATE_LAYER,260,/model.22/cv3.0/cv3.0.1/act/Sigmoid:OpId_1532 (cycles),0,cycles,DSP,yolov8l-simplified-modified
77564334435,FORWARD_PROPAGATE_LAYER,261,/model.18/cv1/act/Sigmoid:OpId_1539 (cycles),0,cycles,DSP,yolov8l-simplified-modified
77564334435,FORWARD_PROPAGATE_LAYER,262,/model.22/cv2.0/cv2.0.1/act/Mul:OpId_1546 (cycles),74005,cycles,DSP,yolov8l-simplified-modified
77564334435,FORWARD_PROPAGATE_LAYER,263,/model.22/cv3.0/cv3.0.1/act/Mul:OpId_1548 (cycles),333562,cycles,DSP,yolov8l-simplified-modified
77564334435,FORWARD_PROPAGATE_LAYER,264,/model.18/cv1/act/Mul:OpId_1550 (cycles),139784,cycles,DSP,yolov8l-simplified-modified
77564334435,FORWARD_PROPAGATE_LAYER,265,/model.22/cv2.0/cv2.0.2/Conv:OpId_1559 (cycles),4899,cycles,DSP,yolov8l-simplified-modified
77564334435,FORWARD_PROPAGATE_LAYER,266,/model.22/cv2.0/cv2.0.2/Conv_output_0.nchw:OpId_1563 (cycles),231816,cycles,DSP,yolov8l-simplified-modified
77564334435,FORWARD_PROPAGATE_LAYER,267,/model.22/cv3.0/cv3.0.2/Conv:OpId_1571 (cycles),208453,cycles,DSP,yolov8l-simplified-modified
77564334435,FORWARD_PROPAGATE_LAYER,268,/model.18/Slice:OpId_1575 (cycles),24647,cycles,DSP,yolov8l-simplified-modified
77564334435,FORWARD_PROPAGATE_LAYER,269,/model.18/Slice_1:OpId_1581 (cycles),25143,cycles,DSP,yolov8l-simplified-modified
77564334435,FORWARD_PROPAGATE_LAYER,270,/model.22/Reshape:OpId_1586 (cycles),29784,cycles,DSP,yolov8l-simplified-modified
77564334435,FORWARD_PROPAGATE_LAYER,271,/model.22/Sigmoid:OpId_1587 (cycles),336911,cycles,DSP,yolov8l-simplified-modified
77564334435,FORWARD_PROPAGATE_LAYER,272,/model.18/m.0/cv1/conv/Conv:OpId_1601 (cycles),87192,cycles,DSP,yolov8l-simplified-modified
77564334435,FORWARD_PROPAGATE_LAYER,273,/model.22/Transpose:OpId_1605 (cycles),110811,cycles,DSP,yolov8l-simplified-modified
77564334435,FORWARD_PROPAGATE_LAYER,274,/model.22/ReduceMax:OpId_1607 (cycles),229492,cycles,DSP,yolov8l-simplified-modified
77564334435,FORWARD_PROPAGATE_LAYER,275,/model.18/m.0/cv1/act/Sigmoid:OpId_1609 (cycles),0,cycles,DSP,yolov8l-simplified-modified
77564334435,FORWARD_PROPAGATE_LAYER,276,/model.22/Softmax:OpId_1616 (cycles),520456,cycles,DSP,yolov8l-simplified-modified
77564334435,FORWARD_PROPAGATE_LAYER,277,/model.18/m.0/cv1/act/Mul:OpId_1619 (cycles),88299,cycles,DSP,yolov8l-simplified-modified
77564334435,FORWARD_PROPAGATE_LAYER,278,/model.22/Transpose_1:OpId_1622 (cycles),35491,cycles,DSP,yolov8l-simplified-modified
77564334435,FORWARD_PROPAGATE_LAYER,279,/model.18/m.0/cv2/conv/Conv:OpId_1630 (cycles),88899,cycles,DSP,yolov8l-simplified-modified
77564334435,FORWARD_PROPAGATE_LAYER,280,/model.22/proj_conv/Conv:OpId_1640 (cycles),10895,cycles,DSP,yolov8l-simplified-modified
77564334435,FORWARD_PROPAGATE_LAYER,281,/model.18/m.0/cv2/act/Sigmoid:OpId_1643 (cycles),0,cycles,DSP,yolov8l-simplified-modified
77564334435,FORWARD_PROPAGATE_LAYER,282,/model.22/Gather_output_0_pre_reshape.nchw:OpId_1651 (cycles),0,cycles,DSP,yolov8l-simplified-modified
77564334435,FORWARD_PROPAGATE_LAYER,283,Reshape_post_/model.22/Gather:OpId_1652 (cycles),55683,cycles,DSP,yolov8l-simplified-modified
77564334435,FORWARD_PROPAGATE_LAYER,284,/model.22/Reshape_1_output_0.nhwc:OpId_1654 (cycles),16736,cycles,DSP,yolov8l-simplified-modified
77564334435,FORWARD_PROPAGATE_LAYER,285,/model.18/m.0/cv2/act/Mul:OpId_1655 (cycles),178218,cycles,DSP,yolov8l-simplified-modified
77564334435,FORWARD_PROPAGATE_LAYER,286,/model.18/m.1/cv1/conv/Conv:OpId_1664 (cycles),103086,cycles,DSP,yolov8l-simplified-modified
77564334435,FORWARD_PROPAGATE_LAYER,287,/model.22/Concat:OpId_1667 (cycles),80641,cycles,DSP,yolov8l-simplified-modified
77564334435,FORWARD_PROPAGATE_LAYER,288,/model.18/m.1/cv1/act/Sigmoid:OpId_1669 (cycles),0,cycles,DSP,yolov8l-simplified-modified
77564334435,FORWARD_PROPAGATE_LAYER,289,/model.18/m.1/cv1/act/Mul:OpId_1676 (cycles),87921,cycles,DSP,yolov8l-simplified-modified
77564334435,FORWARD_PROPAGATE_LAYER,290,/model.18/m.1/cv2/conv/Conv:OpId_1685 (cycles),91129,cycles,DSP,yolov8l-simplified-modified
77564334435,FORWARD_PROPAGATE_LAYER,291,/model.18/m.1/cv2/act/Sigmoid:OpId_1688 (cycles),0,cycles,DSP,yolov8l-simplified-modified
77564334435,FORWARD_PROPAGATE_LAYER,292,/model.18/m.1/cv2/act/Mul:OpId_1695 (cycles),183852,cycles,DSP,yolov8l-simplified-modified
77564334435,FORWARD_PROPAGATE_LAYER,293,/model.18/m.2/cv1/conv/Conv:OpId_1704 (cycles),99546,cycles,DSP,yolov8l-simplified-modified
77564334435,FORWARD_PROPAGATE_LAYER,294,/model.18/m.2/cv1/act/Sigmoid:OpId_1707 (cycles),0,cycles,DSP,yolov8l-simplified-modified
77564334435,FORWARD_PROPAGATE_LAYER,295,/model.18/m.2/cv1/act/Mul:OpId_1714 (cycles),89040,cycles,DSP,yolov8l-simplified-modified
77564334435,FORWARD_PROPAGATE_LAYER,296,/model.18/m.2/cv2/conv/Conv:OpId_1723 (cycles),92913,cycles,DSP,yolov8l-simplified-modified
77564334435,FORWARD_PROPAGATE_LAYER,297,/model.18/m.2/cv2/act/Sigmoid:OpId_1726 (cycles),0,cycles,DSP,yolov8l-simplified-modified
77564334435,FORWARD_PROPAGATE_LAYER,298,/model.18/m.2/cv2/act/Mul:OpId_1733 (cycles),87437,cycles,DSP,yolov8l-simplified-modified
77564334435,FORWARD_PROPAGATE_LAYER,299,/model.18/Concat:OpId_1735 (cycles),0,cycles,DSP,yolov8l-simplified-modified
77564334435,FORWARD_PROPAGATE_LAYER,300,/model.18/cv2/conv/Conv:OpId_1744 (cycles),87720,cycles,DSP,yolov8l-simplified-modified
77564334435,FORWARD_PROPAGATE_LAYER,301,/model.18/cv2/act/Sigmoid:OpId_1747 (cycles),0,cycles,DSP,yolov8l-simplified-modified
77564334435,FORWARD_PROPAGATE_LAYER,302,/model.18/cv2/act/Mul:OpId_1754 (cycles),159231,cycles,DSP,yolov8l-simplified-modified
77564334435,FORWARD_PROPAGATE_LAYER,303,/model.19/conv/Conv:OpId_1763 (cycles),217553,cycles,DSP,yolov8l-simplified-modified
77564334435,FORWARD_PROPAGATE_LAYER,304,/model.22/cv2.1/cv2.1.0/conv/Conv:OpId_1773 (cycles),43831,cycles,DSP,yolov8l-simplified-modified
77564334435,FORWARD_PROPAGATE_LAYER,305,/model.22/cv3.1/cv3.1.0/conv/Conv:OpId_1783 (cycles),174354,cycles,DSP,yolov8l-simplified-modified
77564334435,FORWARD_PROPAGATE_LAYER,306,/model.19/act/Sigmoid:OpId_1786 (cycles),0,cycles,DSP,yolov8l-simplified-modified
77564334435,FORWARD_PROPAGATE_LAYER,307,/model.22/cv2.1/cv2.1.0/act/Sigmoid:OpId_1793 (cycles),0,cycles,DSP,yolov8l-simplified-modified
77564334435,FORWARD_PROPAGATE_LAYER,308,/model.22/cv3.1/cv3.1.0/act/Sigmoid:OpId_1800 (cycles),0,cycles,DSP,yolov8l-simplified-modified
77564334435,FORWARD_PROPAGATE_LAYER,309,/model.19/act/Mul:OpId_1807 (cycles),42385,cycles,DSP,yolov8l-simplified-modified
77564334435,FORWARD_PROPAGATE_LAYER,310,/model.22/cv2.1/cv2.1.0/act/Mul:OpId_1809 (cycles),17549,cycles,DSP,yolov8l-simplified-modified
77564334435,FORWARD_PROPAGATE_LAYER,311,/model.22/cv3.1/cv3.1.0/act/Mul:OpId_1811 (cycles),87758,cycles,DSP,yolov8l-simplified-modified
77564334435,FORWARD_PROPAGATE_LAYER,312,/model.20/Concat:OpId_1813 (cycles),0,cycles,DSP,yolov8l-simplified-modified
77564334435,FORWARD_PROPAGATE_LAYER,313,/model.22/cv2.1/cv2.1.1/conv/Conv:OpId_1822 (cycles),6708,cycles,DSP,yolov8l-simplified-modified
77564334435,FORWARD_PROPAGATE_LAYER,314,/model.22/cv3.1/cv3.1.1/conv/Conv:OpId_1832 (cycles),98092,cycles,DSP,yolov8l-simplified-modified
77564334435,FORWARD_PROPAGATE_LAYER,315,/model.21/cv1/conv/Conv:OpId_1842 (cycles),25259,cycles,DSP,yolov8l-simplified-modified
77564334435,FORWARD_PROPAGATE_LAYER,316,/model.22/cv2.1/cv2.1.1/act/Sigmoid:OpId_1845 (cycles),0,cycles,DSP,yolov8l-simplified-modified
77564334435,FORWARD_PROPAGATE_LAYER,317,/model.22/cv3.1/cv3.1.1/act/Sigmoid:OpId_1852 (cycles),0,cycles,DSP,yolov8l-simplified-modified
77564334435,FORWARD_PROPAGATE_LAYER,318,/model.21/cv1/act/Sigmoid:OpId_1859 (cycles),0,cycles,DSP,yolov8l-simplified-modified
77564334435,FORWARD_PROPAGATE_LAYER,319,/model.22/cv2.1/cv2.1.1/act/Mul:OpId_1866 (cycles),18850,cycles,DSP,yolov8l-simplified-modified
77564334435,FORWARD_PROPAGATE_LAYER,320,/model.22/cv3.1/cv3.1.1/act/Mul:OpId_1868 (cycles),84602,cycles,DSP,yolov8l-simplified-modified
77564334435,FORWARD_PROPAGATE_LAYER,321,/model.21/cv1/act/Mul:OpId_1870 (cycles),44812,cycles,DSP,yolov8l-simplified-modified
77564334435,FORWARD_PROPAGATE_LAYER,322,/model.22/cv2.1/cv2.1.2/Conv:OpId_1879 (cycles),1936,cycles,DSP,yolov8l-simplified-modified
77564334435,FORWARD_PROPAGATE_LAYER,323,/model.22/cv2.1/cv2.1.2/Conv_output_0.nchw:OpId_1883 (cycles),16743,cycles,DSP,yolov8l-simplified-modified
77564334435,FORWARD_PROPAGATE_LAYER,324,/model.22/cv3.1/cv3.1.2/Conv:OpId_1891 (cycles),4927,cycles,DSP,yolov8l-simplified-modified
77564334435,FORWARD_PROPAGATE_LAYER,325,/model.21/Slice:OpId_1895 (cycles),10847,cycles,DSP,yolov8l-simplified-modified
77564334435,FORWARD_PROPAGATE_LAYER,326,/model.21/Slice_1:OpId_1901 (cycles),10435,cycles,DSP,yolov8l-simplified-modified
77564334435,FORWARD_PROPAGATE_LAYER,327,/model.22/Reshape_2:OpId_1906 (cycles),34113,cycles,DSP,yolov8l-simplified-modified
77564334435,FORWARD_PROPAGATE_LAYER,328,/model.22/Sigmoid_1:OpId_1907 (cycles),150293,cycles,DSP,yolov8l-simplified-modified
77564334435,FORWARD_PROPAGATE_LAYER,329,/model.21/m.0/cv1/conv/Conv:OpId_1921 (cycles),39252,cycles,DSP,yolov8l-simplified-modified
77564334435,FORWARD_PROPAGATE_LAYER,330,/model.22/Transpose_2:OpId_1925 (cycles),25327,cycles,DSP,yolov8l-simplified-modified
77564334435,FORWARD_PROPAGATE_LAYER,331,/model.22/ReduceMax_1:OpId_1927 (cycles),59358,cycles,DSP,yolov8l-simplified-modified
77564334435,FORWARD_PROPAGATE_LAYER,332,/model.21/m.0/cv1/act/Sigmoid:OpId_1929 (cycles),0,cycles,DSP,yolov8l-simplified-modified
77564334435,FORWARD_PROPAGATE_LAYER,333,/model.22/Softmax_1:OpId_1936 (cycles),125483,cycles,DSP,yolov8l-simplified-modified
77564334435,FORWARD_PROPAGATE_LAYER,334,/model.21/m.0/cv1/act/Mul:OpId_1939 (cycles),28709,cycles,DSP,yolov8l-simplified-modified
77564334435,FORWARD_PROPAGATE_LAYER,335,/model.22/Transpose_3:OpId_1942 (cycles),11589,cycles,DSP,yolov8l-simplified-modified
77564334435,FORWARD_PROPAGATE_LAYER,336,/model.21/m.0/cv2/conv/Conv:OpId_1950 (cycles),37982,cycles,DSP,yolov8l-simplified-modified
77564334435,FORWARD_PROPAGATE_LAYER,337,/model.22/proj_conv_1/Conv:OpId_1958 (cycles),2139,cycles,DSP,yolov8l-simplified-modified
77564334435,FORWARD_PROPAGATE_LAYER,338,/model.21/m.0/cv2/act/Sigmoid:OpId_1961 (cycles),0,cycles,DSP,yolov8l-simplified-modified
77564334435,FORWARD_PROPAGATE_LAYER,339,/model.22/Gather_1_output_0_pre_reshape.nchw:OpId_1969 (cycles),0,cycles,DSP,yolov8l-simplified-modified
77564334435,FORWARD_PROPAGATE_LAYER,340,Reshape_post_/model.22/Gather_1:OpId_1970 (cycles),14308,cycles,DSP,yolov8l-simplified-modified
77564334435,FORWARD_PROPAGATE_LAYER,341,/model.22/Reshape_3_output_0.nhwc:OpId_1972 (cycles),2437,cycles,DSP,yolov8l-simplified-modified
77564334435,FORWARD_PROPAGATE_LAYER,342,/model.21/m.0/cv2/act/Mul:OpId_1973 (cycles),52777,cycles,DSP,yolov8l-simplified-modified
77564334435,FORWARD_PROPAGATE_LAYER,343,/model.21/m.1/cv1/conv/Conv:OpId_1982 (cycles),37174,cycles,DSP,yolov8l-simplified-modified
77564334435,FORWARD_PROPAGATE_LAYER,344,/model.22/Concat_1:OpId_1985 (cycles),20384,cycles,DSP,yolov8l-simplified-modified
77564334435,FORWARD_PROPAGATE_LAYER,345,/model.21/m.1/cv1/act/Sigmoid:OpId_1987 (cycles),0,cycles,DSP,yolov8l-simplified-modified
77564334435,FORWARD_PROPAGATE_LAYER,346,/model.21/m.1/cv1/act/Mul:OpId_1994 (cycles),26795,cycles,DSP,yolov8l-simplified-modified
77564334435,FORWARD_PROPAGATE_LAYER,347,/model.21/m.1/cv2/conv/Conv:OpId_2003 (cycles),36912,cycles,DSP,yolov8l-simplified-modified
77564334435,FORWARD_PROPAGATE_LAYER,348,/model.21/m.1/cv2/act/Sigmoid:OpId_2006 (cycles),0,cycles,DSP,yolov8l-simplified-modified
77564334435,FORWARD_PROPAGATE_LAYER,349,/model.21/m.1/cv2/act/Mul:OpId_2013 (cycles),56323,cycles,DSP,yolov8l-simplified-modified
77564334435,FORWARD_PROPAGATE_LAYER,350,/model.21/m.2/cv1/conv/Conv:OpId_2022 (cycles),36097,cycles,DSP,yolov8l-simplified-modified
77564334435,FORWARD_PROPAGATE_LAYER,351,/model.21/m.2/cv1/act/Sigmoid:OpId_2025 (cycles),0,cycles,DSP,yolov8l-simplified-modified
77564334435,FORWARD_PROPAGATE_LAYER,352,/model.21/m.2/cv1/act/Mul:OpId_2032 (cycles),27434,cycles,DSP,yolov8l-simplified-modified
77564334435,FORWARD_PROPAGATE_LAYER,353,/model.21/m.2/cv2/conv/Conv:OpId_2041 (cycles),37394,cycles,DSP,yolov8l-simplified-modified
77564334435,FORWARD_PROPAGATE_LAYER,354,/model.21/m.2/cv2/act/Sigmoid:OpId_2044 (cycles),0,cycles,DSP,yolov8l-simplified-modified
77564334435,FORWARD_PROPAGATE_LAYER,355,/model.21/m.2/cv2/act/Mul:OpId_2051 (cycles),29521,cycles,DSP,yolov8l-simplified-modified
77564334435,FORWARD_PROPAGATE_LAYER,356,/model.21/Concat:OpId_2053 (cycles),0,cycles,DSP,yolov8l-simplified-modified
77564334435,FORWARD_PROPAGATE_LAYER,357,/model.21/cv2/conv/Conv:OpId_2062 (cycles),31179,cycles,DSP,yolov8l-simplified-modified
77564334435,FORWARD_PROPAGATE_LAYER,358,/model.21/cv2/act/Sigmoid:OpId_2065 (cycles),0,cycles,DSP,yolov8l-simplified-modified
77564334435,FORWARD_PROPAGATE_LAYER,359,/model.21/cv2/act/Mul:OpId_2072 (cycles),44232,cycles,DSP,yolov8l-simplified-modified
77564334435,FORWARD_PROPAGATE_LAYER,360,/model.22/cv2.2/cv2.2.0/conv/Conv:OpId_2081 (cycles),20406,cycles,DSP,yolov8l-simplified-modified
77564334435,FORWARD_PROPAGATE_LAYER,361,/model.22/cv3.2/cv3.2.0/conv/Conv:OpId_2091 (cycles),65732,cycles,DSP,yolov8l-simplified-modified
77564334435,FORWARD_PROPAGATE_LAYER,362,/model.22/cv2.2/cv2.2.0/act/Sigmoid:OpId_2094 (cycles),0,cycles,DSP,yolov8l-simplified-modified
77564334435,FORWARD_PROPAGATE_LAYER,363,/model.22/cv3.2/cv3.2.0/act/Sigmoid:OpId_2101 (cycles),0,cycles,DSP,yolov8l-simplified-modified
77564334435,FORWARD_PROPAGATE_LAYER,364,/model.22/cv2.2/cv2.2.0/act/Mul:OpId_2108 (cycles),10091,cycles,DSP,yolov8l-simplified-modified
77564334435,FORWARD_PROPAGATE_LAYER,365,/model.22/cv3.2/cv3.2.0/act/Mul:OpId_2110 (cycles),28713,cycles,DSP,yolov8l-simplified-modified
77564334435,FORWARD_PROPAGATE_LAYER,366,/model.22/cv2.2/cv2.2.1/conv/Conv:OpId_2119 (cycles),3759,cycles,DSP,yolov8l-simplified-modified
77564334435,FORWARD_PROPAGATE_LAYER,367,/model.22/cv3.2/cv3.2.1/conv/Conv:OpId_2129 (cycles),37449,cycles,DSP,yolov8l-simplified-modified
77564334435,FORWARD_PROPAGATE_LAYER,368,/model.22/cv2.2/cv2.2.1/act/Sigmoid:OpId_2132 (cycles),0,cycles,DSP,yolov8l-simplified-modified
77564334435,FORWARD_PROPAGATE_LAYER,369,/model.22/cv3.2/cv3.2.1/act/Sigmoid:OpId_2139 (cycles),0,cycles,DSP,yolov8l-simplified-modified
77564334435,FORWARD_PROPAGATE_LAYER,370,/model.22/cv2.2/cv2.2.1/act/Mul:OpId_2146 (cycles),7616,cycles,DSP,yolov8l-simplified-modified
77564334435,FORWARD_PROPAGATE_LAYER,371,/model.22/cv3.2/cv3.2.1/act/Mul:OpId_2148 (cycles),30996,cycles,DSP,yolov8l-simplified-modified
77564334435,FORWARD_PROPAGATE_LAYER,372,/model.22/cv2.2/cv2.2.2/Conv:OpId_2157 (cycles),1170,cycles,DSP,yolov8l-simplified-modified
77564334435,FORWARD_PROPAGATE_LAYER,373,/model.22/cv2.2/cv2.2.2/Conv_output_0.nchw:OpId_2161 (cycles),5049,cycles,DSP,yolov8l-simplified-modified
77564334435,FORWARD_PROPAGATE_LAYER,374,/model.22/cv3.2/cv3.2.2/Conv:OpId_2169 (cycles),14690,cycles,DSP,yolov8l-simplified-modified
77564334435,FORWARD_PROPAGATE_LAYER,375,/model.22/Reshape_4:OpId_2172 (cycles),12231,cycles,DSP,yolov8l-simplified-modified
77564334435,FORWARD_PROPAGATE_LAYER,376,/model.22/Sigmoid_2:OpId_2173 (cycles),26512,cycles,DSP,yolov8l-simplified-modified
77564334435,FORWARD_PROPAGATE_LAYER,377,/model.22/Transpose_4:OpId_2181 (cycles),6787,cycles,DSP,yolov8l-simplified-modified
77564334435,FORWARD_PROPAGATE_LAYER,378,/model.22/ReduceMax_2:OpId_2183 (cycles),19953,cycles,DSP,yolov8l-simplified-modified
77564334435,FORWARD_PROPAGATE_LAYER,379,/model.22/Softmax_2:OpId_2185 (cycles),34409,cycles,DSP,yolov8l-simplified-modified
77564334435,FORWARD_PROPAGATE_LAYER,380,/model.22/Transpose_5:OpId_2189 (cycles),2077,cycles,DSP,yolov8l-simplified-modified
77564334435,FORWARD_PROPAGATE_LAYER,381,/model.22/proj_conv_2/Conv:OpId_2195 (cycles),987,cycles,DSP,yolov8l-simplified-modified
77564334435,FORWARD_PROPAGATE_LAYER,382,/model.22/Gather_2_output_0_pre_reshape.nchw:OpId_2199 (cycles),0,cycles,DSP,yolov8l-simplified-modified
77564334435,FORWARD_PROPAGATE_LAYER,383,Reshape_post_/model.22/Gather_2:OpId_2200 (cycles),2940,cycles,DSP,yolov8l-simplified-modified
77564334435,FORWARD_PROPAGATE_LAYER,384,/model.22/Reshape_5_output_0.nhwc:OpId_2202 (cycles),2606,cycles,DSP,yolov8l-simplified-modified
77564334435,FORWARD_PROPAGATE_LAYER,385,/model.22/Concat_2:OpId_2203 (cycles),5667,cycles,DSP,yolov8l-simplified-modified
77564334435,FORWARD_PROPAGATE_LAYER,386,Output OpId_3 (cycles),57778,cycles,DSP,yolov8l-simplified-modified
77564334435,EXECUTE_TIME_SUBNET_0,,,28406021,cycles,DSP,yolov8l-simplified-modified
77564334435,TOTAL_INFERENCE_TIME,,,27835,us,,yolov8l-simplified-modified
77564334435,FORWARD_PROPAGATE,,,27796,us,,yolov8l-simplified-modified
77564334435,FORWARD_PROPAGATE_LAYER,0,Input OpId_2 (cycles),0,cycles,DSP,yolov8l-simplified-modified
77564334435,FORWARD_PROPAGATE_LAYER,1,/model.0/conv/Conv:OpId_23 (cycles),604774,cycles,DSP,yolov8l-simplified-modified
77564334435,FORWARD_PROPAGATE_LAYER,2,/model.0/act/Sigmoid:OpId_26 (cycles),0,cycles,DSP,yolov8l-simplified-modified
77564334435,FORWARD_PROPAGATE_LAYER,3,/model.0/act/Mul:OpId_33 (cycles),987097,cycles,DSP,yolov8l-simplified-modified
77564334435,FORWARD_PROPAGATE_LAYER,4,/model.1/conv/Conv:OpId_42 (cycles),474143,cycles,DSP,yolov8l-simplified-modified
77564334435,FORWARD_PROPAGATE_LAYER,5,/model.1/act/Sigmoid:OpId_45 (cycles),0,cycles,DSP,yolov8l-simplified-modified
77564334435,FORWARD_PROPAGATE_LAYER,6,/model.1/act/Mul:OpId_52 (cycles),456334,cycles,DSP,yolov8l-simplified-modified
77564334435,FORWARD_PROPAGATE_LAYER,7,/model.2/cv1/conv/Conv:OpId_61 (cycles),38043,cycles,DSP,yolov8l-simplified-modified
77564334435,FORWARD_PROPAGATE_LAYER,8,/model.2/cv1/act/Sigmoid:OpId_64 (cycles),0,cycles,DSP,yolov8l-simplified-modified
77564334435,FORWARD_PROPAGATE_LAYER,9,/model.2/cv1/act/Mul:OpId_71 (cycles),446244,cycles,DSP,yolov8l-simplified-modified
77564334435,FORWARD_PROPAGATE_LAYER,10,/model.2/Slice:OpId_74 (cycles),97556,cycles,DSP,yolov8l-simplified-modified
77564334435,FORWARD_PROPAGATE_LAYER,11,/model.2/Slice_1:OpId_80 (cycles),94012,cycles,DSP,yolov8l-simplified-modified
77564334435,FORWARD_PROPAGATE_LAYER,12,/model.2/m.0/cv1/conv/Conv:OpId_92 (cycles),84542,cycles,DSP,yolov8l-simplified-modified
77564334435,FORWARD_PROPAGATE_LAYER,13,/model.2/m.0/cv1/act/Sigmoid:OpId_95 (cycles),0,cycles,DSP,yolov8l-simplified-modified
77564334435,FORWARD_PROPAGATE_LAYER,14,/model.2/m.0/cv1/act/Mul:OpId_102 (cycles),239254,cycles,DSP,yolov8l-simplified-modified
77564334435,FORWARD_PROPAGATE_LAYER,15,/model.2/m.0/cv2/conv/Conv:OpId_111 (cycles),84284,cycles,DSP,yolov8l-simplified-modified
77564334435,FORWARD_PROPAGATE_LAYER,16,/model.2/m.0/cv2/act/Sigmoid:OpId_114 (cycles),0,cycles,DSP,yolov8l-simplified-modified
77564334435,FORWARD_PROPAGATE_LAYER,17,/model.2/m.0/cv2/act/Mul:OpId_121 (cycles),234446,cycles,DSP,yolov8l-simplified-modified
77564334435,FORWARD_PROPAGATE_LAYER,18,/model.2/m.0/Add:OpId_123 (cycles),220851,cycles,DSP,yolov8l-simplified-modified
77564334435,FORWARD_PROPAGATE_LAYER,19,/model.2/m.1/cv1/conv/Conv:OpId_132 (cycles),85175,cycles,DSP,yolov8l-simplified-modified
77564334435,FORWARD_PROPAGATE_LAYER,20,/model.2/m.1/cv1/act/Sigmoid:OpId_135 (cycles),0,cycles,DSP,yolov8l-simplified-modified
77564334435,FORWARD_PROPAGATE_LAYER,21,/model.2/m.1/cv1/act/Mul:OpId_142 (cycles),236794,cycles,DSP,yolov8l-simplified-modified
77564334435,FORWARD_PROPAGATE_LAYER,22,/model.2/m.1/cv2/conv/Conv:OpId_151 (cycles),84218,cycles,DSP,yolov8l-simplified-modified
77564334435,FORWARD_PROPAGATE_LAYER,23,/model.2/m.1/cv2/act/Sigmoid:OpId_154 (cycles),0,cycles,DSP,yolov8l-simplified-modified
77564334435,FORWARD_PROPAGATE_LAYER,24,/model.2/m.1/cv2/act/Mul:OpId_161 (cycles),250563,cycles,DSP,yolov8l-simplified-modified
77564334435,FORWARD_PROPAGATE_LAYER,25,/model.2/m.1/Add:OpId_163 (cycles),231620,cycles,DSP,yolov8l-simplified-modified
77564334435,FORWARD_PROPAGATE_LAYER,26,/model.2/m.2/cv1/conv/Conv:OpId_172 (cycles),84001,cycles,DSP,yolov8l-simplified-modified
77564334435,FORWARD_PROPAGATE_LAYER,27,/model.2/m.2/cv1/act/Sigmoid:OpId_175 (cycles),0,cycles,DSP,yolov8l-simplified-modified
77564334435,FORWARD_PROPAGATE_LAYER,28,/model.2/m.2/cv1/act/Mul:OpId_182 (cycles),241176,cycles,DSP,yolov8l-simplified-modified
77564334435,FORWARD_PROPAGATE_LAYER,29,/model.2/m.2/cv2/conv/Conv:OpId_191 (cycles),83226,cycles,DSP,yolov8l-simplified-modified
77564334435,FORWARD_PROPAGATE_LAYER,30,/model.2/m.2/cv2/act/Sigmoid:OpId_194 (cycles),0,cycles,DSP,yolov8l-simplified-modified
77564334435,FORWARD_PROPAGATE_LAYER,31,/model.2/m.2/cv2/act/Mul:OpId_201 (cycles),232972,cycles,DSP,yolov8l-simplified-modified
77564334435,FORWARD_PROPAGATE_LAYER,32,/model.2/m.2/Add:OpId_203 (cycles),119349,cycles,DSP,yolov8l-simplified-modified
77564334435,FORWARD_PROPAGATE_LAYER,33,/model.2/Concat:OpId_205 (cycles),0,cycles,DSP,yolov8l-simplified-modified
77564334435,FORWARD_PROPAGATE_LAYER,34,/model.2/cv2/conv/Conv:OpId_214 (cycles),93920,cycles,DSP,yolov8l-simplified-modified
77564334435,FORWARD_PROPAGATE_LAYER,35,/model.2/cv2/act/Sigmoid:OpId_217 (cycles),0,cycles,DSP,yolov8l-simplified-modified
77564334435,FORWARD_PROPAGATE_LAYER,36,/model.2/cv2/act/Mul:OpId_224 (cycles),510430,cycles,DSP,yolov8l-simplified-modified
77564334435,FORWARD_PROPAGATE_LAYER,37,/model.3/conv/Conv:OpId_233 (cycles),332317,cycles,DSP,yolov8l-simplified-modified
77564334435,FORWARD_PROPAGATE_LAYER,38,/model.3/act/Sigmoid:OpId_236 (cycles),0,cycles,DSP,yolov8l-simplified-modified
77564334435,FORWARD_PROPAGATE_LAYER,39,/model.3/act/Mul:OpId_243 (cycles),249957,cycles,DSP,yolov8l-simplified-modified
77564334435,FORWARD_PROPAGATE_LAYER,40,/model.4/cv1/conv/Conv:OpId_252 (cycles),36759,cycles,DSP,yolov8l-simplified-modified
77564334435,FORWARD_PROPAGATE_LAYER,41,/model.4/cv1/act/Sigmoid:OpId_255 (cycles),0,cycles,DSP,yolov8l-simplified-modified
77564334435,FORWARD_PROPAGATE_LAYER,42,/model.4/cv1/act/Mul:OpId_262 (cycles),238372,cycles,DSP,yolov8l-simplified-modified
77564334435,FORWARD_PROPAGATE_LAYER,43,/model.4/Slice:OpId_265 (cycles),46637,cycles,DSP,yolov8l-simplified-modified
77564334435,FORWARD_PROPAGATE_LAYER,44,/model.4/Slice_1:OpId_271 (cycles),49548,cycles,DSP,yolov8l-simplified-modified
77564334435,FORWARD_PROPAGATE_LAYER,45,/model.4/m.0/cv1/conv/Conv:OpId_283 (cycles),90119,cycles,DSP,yolov8l-simplified-modified
77564334435,FORWARD_PROPAGATE_LAYER,46,/model.4/m.0/cv1/act/Sigmoid:OpId_286 (cycles),0,cycles,DSP,yolov8l-simplified-modified
77564334435,FORWARD_PROPAGATE_LAYER,47,/model.4/m.0/cv1/act/Mul:OpId_293 (cycles),163239,cycles,DSP,yolov8l-simplified-modified
77564334435,FORWARD_PROPAGATE_LAYER,48,/model.4/m.0/cv2/conv/Conv:OpId_302 (cycles),84797,cycles,DSP,yolov8l-simplified-modified
77564334435,FORWARD_PROPAGATE_LAYER,49,/model.4/m.0/cv2/act/Sigmoid:OpId_305 (cycles),0,cycles,DSP,yolov8l-simplified-modified
77564334435,FORWARD_PROPAGATE_LAYER,50,/model.4/m.0/cv2/act/Mul:OpId_312 (cycles),151838,cycles,DSP,yolov8l-simplified-modified
77564334435,FORWARD_PROPAGATE_LAYER,51,/model.4/m.0/Add:OpId_314 (cycles),123387,cycles,DSP,yolov8l-simplified-modified
77564334435,FORWARD_PROPAGATE_LAYER,52,/model.4/m.1/cv1/conv/Conv:OpId_323 (cycles),90706,cycles,DSP,yolov8l-simplified-modified
77564334435,FORWARD_PROPAGATE_LAYER,53,/model.4/m.1/cv1/act/Sigmoid:OpId_326 (cycles),0,cycles,DSP,yolov8l-simplified-modified
77564334435,FORWARD_PROPAGATE_LAYER,54,/model.4/m.1/cv1/act/Mul:OpId_333 (cycles),143046,cycles,DSP,yolov8l-simplified-modified
77564334435,FORWARD_PROPAGATE_LAYER,55,/model.4/m.1/cv2/conv/Conv:OpId_342 (cycles),80415,cycles,DSP,yolov8l-simplified-modified
77564334435,FORWARD_PROPAGATE_LAYER,56,/model.4/m.1/cv2/act/Sigmoid:OpId_345 (cycles),0,cycles,DSP,yolov8l-simplified-modified
77564334435,FORWARD_PROPAGATE_LAYER,57,/model.4/m.1/cv2/act/Mul:OpId_352 (cycles),133667,cycles,DSP,yolov8l-simplified-modified
77564334435,FORWARD_PROPAGATE_LAYER,58,/model.4/m.1/Add:OpId_354 (cycles),126861,cycles,DSP,yolov8l-simplified-modified
77564334435,FORWARD_PROPAGATE_LAYER,59,/model.4/m.2/cv1/conv/Conv:OpId_363 (cycles),91560,cycles,DSP,yolov8l-simplified-modified
77564334435,FORWARD_PROPAGATE_LAYER,60,/model.4/m.2/cv1/act/Sigmoid:OpId_366 (cycles),0,cycles,DSP,yolov8l-simplified-modified
77564334435,FORWARD_PROPAGATE_LAYER,61,/model.4/m.2/cv1/act/Mul:OpId_373 (cycles),144362,cycles,DSP,yolov8l-simplified-modified
77564334435,FORWARD_PROPAGATE_LAYER,62,/model.4/m.2/cv2/conv/Conv:OpId_382 (cycles),87529,cycles,DSP,yolov8l-simplified-modified
77564334435,FORWARD_PROPAGATE_LAYER,63,/model.4/m.2/cv2/act/Sigmoid:OpId_385 (cycles),0,cycles,DSP,yolov8l-simplified-modified
77564334435,FORWARD_PROPAGATE_LAYER,64,/model.4/m.2/cv2/act/Mul:OpId_392 (cycles),142365,cycles,DSP,yolov8l-simplified-modified
77564334435,FORWARD_PROPAGATE_LAYER,65,/model.4/m.2/Add:OpId_394 (cycles),140824,cycles,DSP,yolov8l-simplified-modified
77564334435,FORWARD_PROPAGATE_LAYER,66,/model.4/m.3/cv1/conv/Conv:OpId_403 (cycles),90896,cycles,DSP,yolov8l-simplified-modified
77564334435,FORWARD_PROPAGATE_LAYER,67,/model.4/m.3/cv1/act/Sigmoid:OpId_406 (cycles),0,cycles,DSP,yolov8l-simplified-modified
77564334435,FORWARD_PROPAGATE_LAYER,68,/model.4/m.3/cv1/act/Mul:OpId_413 (cycles),160845,cycles,DSP,yolov8l-simplified-modified
77564334435,FORWARD_PROPAGATE_LAYER,69,/model.4/m.3/cv2/conv/Conv:OpId_422 (cycles),89266,cycles,DSP,yolov8l-simplified-modified
77564334435,FORWARD_PROPAGATE_LAYER,70,/model.4/m.3/cv2/act/Sigmoid:OpId_425 (cycles),0,cycles,DSP,yolov8l-simplified-modified
77564334435,FORWARD_PROPAGATE_LAYER,71,/model.4/m.3/cv2/act/Mul:OpId_432 (cycles),148920,cycles,DSP,yolov8l-simplified-modified
77564334435,FORWARD_PROPAGATE_LAYER,72,/model.4/m.3/Add:OpId_434 (cycles),136235,cycles,DSP,yolov8l-simplified-modified
77564334435,FORWARD_PROPAGATE_LAYER,73,/model.4/m.4/cv1/conv/Conv:OpId_443 (cycles),90071,cycles,DSP,yolov8l-simplified-modified
77564334435,FORWARD_PROPAGATE_LAYER,74,/model.4/m.4/cv1/act/Sigmoid:OpId_446 (cycles),0,cycles,DSP,yolov8l-simplified-modified
77564334435,FORWARD_PROPAGATE_LAYER,75,/model.4/m.4/cv1/act/Mul:OpId_453 (cycles),155501,cycles,DSP,yolov8l-simplified-modified
77564334435,FORWARD_PROPAGATE_LAYER,76,/model.4/m.4/cv2/conv/Conv:OpId_462 (cycles),81845,cycles,DSP,yolov8l-simplified-modified
77564334435,FORWARD_PROPAGATE_LAYER,77,/model.4/m.4/cv2/act/Sigmoid:OpId_465 (cycles),0,cycles,DSP,yolov8l-simplified-modified
77564334435,FORWARD_PROPAGATE_LAYER,78,/model.4/m.4/cv2/act/Mul:OpId_472 (cycles),148055,cycles,DSP,yolov8l-simplified-modified
77564334435,FORWARD_PROPAGATE_LAYER,79,/model.4/m.4/Add:OpId_474 (cycles),144365,cycles,DSP,yolov8l-simplified-modified
77564334435,FORWARD_PROPAGATE_LAYER,80,/model.4/m.5/cv1/conv/Conv:OpId_483 (cycles),89169,cycles,DSP,yolov8l-simplified-modified
77564334435,FORWARD_PROPAGATE_LAYER,81,/model.4/m.5/cv1/act/Sigmoid:OpId_486 (cycles),0,cycles,DSP,yolov8l-simplified-modified
77564334435,FORWARD_PROPAGATE_LAYER,82,/model.4/m.5/cv1/act/Mul:OpId_493 (cycles),147574,cycles,DSP,yolov8l-simplified-modified
77564334435,FORWARD_PROPAGATE_LAYER,83,/model.4/m.5/cv2/conv/Conv:OpId_502 (cycles),86722,cycles,DSP,yolov8l-simplified-modified
77564334435,FORWARD_PROPAGATE_LAYER,84,/model.4/m.5/cv2/act/Sigmoid:OpId_505 (cycles),0,cycles,DSP,yolov8l-simplified-modified
77564334435,FORWARD_PROPAGATE_LAYER,85,/model.4/m.5/cv2/act/Mul:OpId_512 (cycles),145460,cycles,DSP,yolov8l-simplified-modified
77564334435,FORWARD_PROPAGATE_LAYER,86,/model.4/m.5/Add:OpId_514 (cycles),61613,cycles,DSP,yolov8l-simplified-modified
77564334435,FORWARD_PROPAGATE_LAYER,87,/model.4/Concat:OpId_516 (cycles),0,cycles,DSP,yolov8l-simplified-modified
77564334435,FORWARD_PROPAGATE_LAYER,88,/model.4/cv2/conv/Conv:OpId_525 (cycles),140911,cycles,DSP,yolov8l-simplified-modified
77564334435,FORWARD_PROPAGATE_LAYER,89,/model.4/cv2/act/Sigmoid:OpId_528 (cycles),0,cycles,DSP,yolov8l-simplified-modified
77564334435,FORWARD_PROPAGATE_LAYER,90,/model.4/cv2/act/Mul:OpId_535 (cycles),564815,cycles,DSP,yolov8l-simplified-modified
77564334435,FORWARD_PROPAGATE_LAYER,91,/model.5/conv/Conv:OpId_544 (cycles),277430,cycles,DSP,yolov8l-simplified-modified
77564334435,FORWARD_PROPAGATE_LAYER,92,/model.5/act/Sigmoid:OpId_547 (cycles),0,cycles,DSP,yolov8l-simplified-modified
77564334435,FORWARD_PROPAGATE_LAYER,93,/model.5/act/Mul:OpId_554 (cycles),130499,cycles,DSP,yolov8l-simplified-modified
77564334435,FORWARD_PROPAGATE_LAYER,94,/model.6/cv1/conv/Conv:OpId_563 (cycles),37588,cycles,DSP,yolov8l-simplified-modified
77564334435,FORWARD_PROPAGATE_LAYER,95,/model.6/cv1/act/Sigmoid:OpId_566 (cycles),0,cycles,DSP,yolov8l-simplified-modified
77564334435,FORWARD_PROPAGATE_LAYER,96,/model.6/cv1/act/Mul:OpId_573 (cycles),138319,cycles,DSP,yolov8l-simplified-modified
77564334435,FORWARD_PROPAGATE_LAYER,97,/model.6/Slice:OpId_576 (cycles),22245,cycles,DSP,yolov8l-simplified-modified
77564334435,FORWARD_PROPAGATE_LAYER,98,/model.6/Slice_1:OpId_582 (cycles),24591,cycles,DSP,yolov8l-simplified-modified
77564334435,FORWARD_PROPAGATE_LAYER,99,/model.6/m.0/cv1/conv/Conv:OpId_594 (cycles),87062,cycles,DSP,yolov8l-simplified-modified
77564334435,FORWARD_PROPAGATE_LAYER,100,/model.6/m.0/cv1/act/Sigmoid:OpId_597 (cycles),0,cycles,DSP,yolov8l-simplified-modified
77564334435,FORWARD_PROPAGATE_LAYER,101,/model.6/m.0/cv1/act/Mul:OpId_604 (cycles),88228,cycles,DSP,yolov8l-simplified-modified
77564334435,FORWARD_PROPAGATE_LAYER,102,/model.6/m.0/cv2/conv/Conv:OpId_613 (cycles),100357,cycles,DSP,yolov8l-simplified-modified
77564334435,FORWARD_PROPAGATE_LAYER,103,/model.6/m.0/cv2/act/Sigmoid:OpId_616 (cycles),0,cycles,DSP,yolov8l-simplified-modified
77564334435,FORWARD_PROPAGATE_LAYER,104,/model.6/m.0/cv2/act/Mul:OpId_623 (cycles),83988,cycles,DSP,yolov8l-simplified-modified
77564334435,FORWARD_PROPAGATE_LAYER,105,/model.6/m.0/Add:OpId_625 (cycles),57629,cycles,DSP,yolov8l-simplified-modified
77564334435,FORWARD_PROPAGATE_LAYER,106,/model.6/m.1/cv1/conv/Conv:OpId_634 (cycles),102073,cycles,DSP,yolov8l-simplified-modified
77564334435,FORWARD_PROPAGATE_LAYER,107,/model.6/m.1/cv1/act/Sigmoid:OpId_637 (cycles),0,cycles,DSP,yolov8l-simplified-modified
77564334435,FORWARD_PROPAGATE_LAYER,108,/model.6/m.1/cv1/act/Mul:OpId_644 (cycles),91139,cycles,DSP,yolov8l-simplified-modified
77564334435,FORWARD_PROPAGATE_LAYER,109,/model.6/m.1/cv2/conv/Conv:OpId_653 (cycles),88231,cycles,DSP,yolov8l-simplified-modified
77564334435,FORWARD_PROPAGATE_LAYER,110,/model.6/m.1/cv2/act/Sigmoid:OpId_656 (cycles),0,cycles,DSP,yolov8l-simplified-modified
77564334435,FORWARD_PROPAGATE_LAYER,111,/model.6/m.1/cv2/act/Mul:OpId_663 (cycles),81104,cycles,DSP,yolov8l-simplified-modified
77564334435,FORWARD_PROPAGATE_LAYER,112,/model.6/m.1/Add:OpId_665 (cycles),57154,cycles,DSP,yolov8l-simplified-modified
77564334435,FORWARD_PROPAGATE_LAYER,113,/model.6/m.2/cv1/conv/Conv:OpId_674 (cycles),101980,cycles,DSP,yolov8l-simplified-modified
77564334435,FORWARD_PROPAGATE_LAYER,114,/model.6/m.2/cv1/act/Sigmoid:OpId_677 (cycles),0,cycles,DSP,yolov8l-simplified-modified
77564334435,FORWARD_PROPAGATE_LAYER,115,/model.6/m.2/cv1/act/Mul:OpId_684 (cycles),89895,cycles,DSP,yolov8l-simplified-modified
77564334435,FORWARD_PROPAGATE_LAYER,116,/model.6/m.2/cv2/conv/Conv:OpId_693 (cycles),86641,cycles,DSP,yolov8l-simplified-modified
77564334435,FORWARD_PROPAGATE_LAYER,117,/model.6/m.2/cv2/act/Sigmoid:OpId_696 (cycles),0,cycles,DSP,yolov8l-simplified-modified
77564334435,FORWARD_PROPAGATE_LAYER,118,/model.6/m.2/cv2/act/Mul:OpId_703 (cycles),83112,cycles,DSP,yolov8l-simplified-modified
77564334435,FORWARD_PROPAGATE_LAYER,119,/model.6/m.2/Add:OpId_705 (cycles),55251,cycles,DSP,yolov8l-simplified-modified
77564334435,FORWARD_PROPAGATE_LAYER,120,/model.6/m.3/cv1/conv/Conv:OpId_714 (cycles),102007,cycles,DSP,yolov8l-simplified-modified
77564334435,FORWARD_PROPAGATE_LAYER,121,/model.6/m.3/cv1/act/Sigmoid:OpId_717 (cycles),0,cycles,DSP,yolov8l-simplified-modified
77564334435,FORWARD_PROPAGATE_LAYER,122,/model.6/m.3/cv1/act/Mul:OpId_724 (cycles),88834,cycles,DSP,yolov8l-simplified-modified
77564334435,FORWARD_PROPAGATE_LAYER,123,/model.6/m.3/cv2/conv/Conv:OpId_733 (cycles),100673,cycles,DSP,yolov8l-simplified-modified
77564334435,FORWARD_PROPAGATE_LAYER,124,/model.6/m.3/cv2/act/Sigmoid:OpId_736 (cycles),0,cycles,DSP,yolov8l-simplified-modified
77564334435,FORWARD_PROPAGATE_LAYER,125,/model.6/m.3/cv2/act/Mul:OpId_743 (cycles),86244,cycles,DSP,yolov8l-simplified-modified
77564334435,FORWARD_PROPAGATE_LAYER,126,/model.6/m.3/Add:OpId_745 (cycles),57845,cycles,DSP,yolov8l-simplified-modified
77564334435,FORWARD_PROPAGATE_LAYER,127,/model.6/m.4/cv1/conv/Conv:OpId_754 (cycles),102078,cycles,DSP,yolov8l-simplified-modified
77564334435,FORWARD_PROPAGATE_LAYER,128,/model.6/m.4/cv1/act/Sigmoid:OpId_757 (cycles),0,cycles,DSP,yolov8l-simplified-modified
77564334435,FORWARD_PROPAGATE_LAYER,129,/model.6/m.4/cv1/act/Mul:OpId_764 (cycles),89479,cycles,DSP,yolov8l-simplified-modified
77564334435,FORWARD_PROPAGATE_LAYER,130,/model.6/m.4/cv2/conv/Conv:OpId_773 (cycles),89949,cycles,DSP,yolov8l-simplified-modified
77564334435,FORWARD_PROPAGATE_LAYER,131,/model.6/m.4/cv2/act/Sigmoid:OpId_776 (cycles),0,cycles,DSP,yolov8l-simplified-modified
77564334435,FORWARD_PROPAGATE_LAYER,132,/model.6/m.4/cv2/act/Mul:OpId_783 (cycles),83846,cycles,DSP,yolov8l-simplified-modified
77564334435,FORWARD_PROPAGATE_LAYER,133,/model.6/m.4/Add:OpId_785 (cycles),58881,cycles,DSP,yolov8l-simplified-modified
77564334435,FORWARD_PROPAGATE_LAYER,134,/model.6/m.5/cv1/conv/Conv:OpId_794 (cycles),117252,cycles,DSP,yolov8l-simplified-modified
77564334435,FORWARD_PROPAGATE_LAYER,135,/model.6/m.5/cv1/act/Sigmoid:OpId_797 (cycles),0,cycles,DSP,yolov8l-simplified-modified
77564334435,FORWARD_PROPAGATE_LAYER,136,/model.6/m.5/cv1/act/Mul:OpId_804 (cycles),84521,cycles,DSP,yolov8l-simplified-modified
77564334435,FORWARD_PROPAGATE_LAYER,137,/model.6/m.5/cv2/conv/Conv:OpId_813 (cycles),86020,cycles,DSP,yolov8l-simplified-modified
77564334435,FORWARD_PROPAGATE_LAYER,138,/model.6/m.5/cv2/act/Sigmoid:OpId_816 (cycles),0,cycles,DSP,yolov8l-simplified-modified
77564334435,FORWARD_PROPAGATE_LAYER,139,/model.6/m.5/cv2/act/Mul:OpId_823 (cycles),84005,cycles,DSP,yolov8l-simplified-modified
77564334435,FORWARD_PROPAGATE_LAYER,140,/model.6/m.5/Add:OpId_825 (cycles),29979,cycles,DSP,yolov8l-simplified-modified
77564334435,FORWARD_PROPAGATE_LAYER,141,/model.6/Concat:OpId_827 (cycles),0,cycles,DSP,yolov8l-simplified-modified
77564334435,FORWARD_PROPAGATE_LAYER,142,/model.6/cv2/conv/Conv:OpId_836 (cycles),139926,cycles,DSP,yolov8l-simplified-modified
77564334435,FORWARD_PROPAGATE_LAYER,143,/model.6/cv2/act/Sigmoid:OpId_839 (cycles),0,cycles,DSP,yolov8l-simplified-modified
77564334435,FORWARD_PROPAGATE_LAYER,144,/model.6/cv2/act/Mul:OpId_846 (cycles),301344,cycles,DSP,yolov8l-simplified-modified
77564334435,FORWARD_PROPAGATE_LAYER,145,/model.7/conv/Conv:OpId_855 (cycles),227525,cycles,DSP,yolov8l-simplified-modified
77564334435,FORWARD_PROPAGATE_LAYER,146,/model.7/act/Sigmoid:OpId_858 (cycles),0,cycles,DSP,yolov8l-simplified-modified
77564334435,FORWARD_PROPAGATE_LAYER,147,/model.7/act/Mul:OpId_865 (cycles),43668,cycles,DSP,yolov8l-simplified-modified
77564334435,FORWARD_PROPAGATE_LAYER,148,/model.8/cv1/conv/Conv:OpId_874 (cycles),13620,cycles,DSP,yolov8l-simplified-modified
77564334435,FORWARD_PROPAGATE_LAYER,149,/model.8/cv1/act/Sigmoid:OpId_877 (cycles),0,cycles,DSP,yolov8l-simplified-modified
77564334435,FORWARD_PROPAGATE_LAYER,150,/model.8/cv1/act/Mul:OpId_884 (cycles),40383,cycles,DSP,yolov8l-simplified-modified
77564334435,FORWARD_PROPAGATE_LAYER,151,/model.8/Slice:OpId_887 (cycles),8004,cycles,DSP,yolov8l-simplified-modified
77564334435,FORWARD_PROPAGATE_LAYER,152,/model.8/Slice_1:OpId_893 (cycles),9512,cycles,DSP,yolov8l-simplified-modified
77564334435,FORWARD_PROPAGATE_LAYER,153,/model.8/m.0/cv1/conv/Conv:OpId_905 (cycles),44041,cycles,DSP,yolov8l-simplified-modified
77564334435,FORWARD_PROPAGATE_LAYER,154,/model.8/m.0/cv1/act/Sigmoid:OpId_908 (cycles),0,cycles,DSP,yolov8l-simplified-modified
77564334435,FORWARD_PROPAGATE_LAYER,155,/model.8/m.0/cv1/act/Mul:OpId_915 (cycles),25727,cycles,DSP,yolov8l-simplified-modified
77564334435,FORWARD_PROPAGATE_LAYER,156,/model.8/m.0/cv2/conv/Conv:OpId_924 (cycles),38642,cycles,DSP,yolov8l-simplified-modified
77564334435,FORWARD_PROPAGATE_LAYER,157,/model.8/m.0/cv2/act/Sigmoid:OpId_927 (cycles),0,cycles,DSP,yolov8l-simplified-modified
77564334435,FORWARD_PROPAGATE_LAYER,158,/model.8/m.0/cv2/act/Mul:OpId_934 (cycles),29588,cycles,DSP,yolov8l-simplified-modified
77564334435,FORWARD_PROPAGATE_LAYER,159,/model.8/m.0/Add:OpId_936 (cycles),21176,cycles,DSP,yolov8l-simplified-modified
77564334435,FORWARD_PROPAGATE_LAYER,160,/model.8/m.1/cv1/conv/Conv:OpId_945 (cycles),39372,cycles,DSP,yolov8l-simplified-modified
77564334435,FORWARD_PROPAGATE_LAYER,161,/model.8/m.1/cv1/act/Sigmoid:OpId_948 (cycles),0,cycles,DSP,yolov8l-simplified-modified
77564334435,FORWARD_PROPAGATE_LAYER,162,/model.8/m.1/cv1/act/Mul:OpId_955 (cycles),28146,cycles,DSP,yolov8l-simplified-modified
77564334435,FORWARD_PROPAGATE_LAYER,163,/model.8/m.1/cv2/conv/Conv:OpId_964 (cycles),35845,cycles,DSP,yolov8l-simplified-modified
77564334435,FORWARD_PROPAGATE_LAYER,164,/model.8/m.1/cv2/act/Sigmoid:OpId_967 (cycles),0,cycles,DSP,yolov8l-simplified-modified
77564334435,FORWARD_PROPAGATE_LAYER,165,/model.8/m.1/cv2/act/Mul:OpId_974 (cycles),28839,cycles,DSP,yolov8l-simplified-modified
77564334435,FORWARD_PROPAGATE_LAYER,166,/model.8/m.1/Add:OpId_976 (cycles),20984,cycles,DSP,yolov8l-simplified-modified
77564334435,FORWARD_PROPAGATE_LAYER,167,/model.8/m.2/cv1/conv/Conv:OpId_985 (cycles),38129,cycles,DSP,yolov8l-simplified-modified
77564334435,FORWARD_PROPAGATE_LAYER,168,/model.8/m.2/cv1/act/Sigmoid:OpId_988 (cycles),0,cycles,DSP,yolov8l-simplified-modified
77564334435,FORWARD_PROPAGATE_LAYER,169,/model.8/m.2/cv1/act/Mul:OpId_995 (cycles),28958,cycles,DSP,yolov8l-simplified-modified
77564334435,FORWARD_PROPAGATE_LAYER,170,/model.8/m.2/cv2/conv/Conv:OpId_1004 (cycles),37468,cycles,DSP,yolov8l-simplified-modified
77564334435,FORWARD_PROPAGATE_LAYER,171,/model.8/m.2/cv2/act/Sigmoid:OpId_1007 (cycles),0,cycles,DSP,yolov8l-simplified-modified
77564334435,FORWARD_PROPAGATE_LAYER,172,/model.8/m.2/cv2/act/Mul:OpId_1014 (cycles),28458,cycles,DSP,yolov8l-simplified-modified
77564334435,FORWARD_PROPAGATE_LAYER,173,/model.8/m.2/Add:OpId_1016 (cycles),10808,cycles,DSP,yolov8l-simplified-modified
77564334435,FORWARD_PROPAGATE_LAYER,174,/model.8/Concat:OpId_1018 (cycles),0,cycles,DSP,yolov8l-simplified-modified
77564334435,FORWARD_PROPAGATE_LAYER,175,/model.8/cv2/conv/Conv:OpId_1027 (cycles),32137,cycles,DSP,yolov8l-simplified-modified
77564334435,FORWARD_PROPAGATE_LAYER,176,/model.8/cv2/act/Sigmoid:OpId_1030 (cycles),0,cycles,DSP,yolov8l-simplified-modified
77564334435,FORWARD_PROPAGATE_LAYER,177,/model.8/cv2/act/Mul:OpId_1037 (cycles),48698,cycles,DSP,yolov8l-simplified-modified
77564334435,FORWARD_PROPAGATE_LAYER,178,/model.9/cv1/conv/Conv:OpId_1046 (cycles),7198,cycles,DSP,yolov8l-simplified-modified
77564334435,FORWARD_PROPAGATE_LAYER,179,/model.9/cv1/act/Sigmoid:OpId_1049 (cycles),0,cycles,DSP,yolov8l-simplified-modified
77564334435,FORWARD_PROPAGATE_LAYER,180,/model.9/cv1/act/Mul:OpId_1056 (cycles),22207,cycles,DSP,yolov8l-simplified-modified
77564334435,FORWARD_PROPAGATE_LAYER,181,/model.9/m/MaxPool:OpId_1061 (cycles),54478,cycles,DSP,yolov8l-simplified-modified
77564334435,FORWARD_PROPAGATE_LAYER,182,/model.9/m_1/MaxPool:OpId_1066 (cycles),35243,cycles,DSP,yolov8l-simplified-modified
77564334435,FORWARD_PROPAGATE_LAYER,183,/model.9/m_2/MaxPool:OpId_1071 (cycles),41800,cycles,DSP,yolov8l-simplified-modified
77564334435,FORWARD_PROPAGATE_LAYER,184,/model.9/Concat:OpId_1073 (cycles),0,cycles,DSP,yolov8l-simplified-modified
77564334435,FORWARD_PROPAGATE_LAYER,185,/model.9/cv2/conv/Conv:OpId_1082 (cycles),26721,cycles,DSP,yolov8l-simplified-modified
77564334435,FORWARD_PROPAGATE_LAYER,186,/model.9/cv2/act/Sigmoid:OpId_1085 (cycles),0,cycles,DSP,yolov8l-simplified-modified
77564334435,FORWARD_PROPAGATE_LAYER,187,/model.9/cv2/act/Mul:OpId_1092 (cycles),82709,cycles,DSP,yolov8l-simplified-modified
77564334435,FORWARD_PROPAGATE_LAYER,188,/model.10/Resize:OpId_1094 (cycles),71124,cycles,DSP,yolov8l-simplified-modified
77564334435,FORWARD_PROPAGATE_LAYER,189,/model.11/Concat:OpId_1097 (cycles),0,cycles,DSP,yolov8l-simplified-modified
77564334435,FORWARD_PROPAGATE_LAYER,190,/model.12/cv1/conv/Conv:OpId_1106 (cycles),71607,cycles,DSP,yolov8l-simplified-modified
77564334435,FORWARD_PROPAGATE_LAYER,191,/model.12/cv1/act/Sigmoid:OpId_1109 (cycles),0,cycles,DSP,yolov8l-simplified-modified
77564334435,FORWARD_PROPAGATE_LAYER,192,/model.12/cv1/act/Mul:OpId_1116 (cycles),130131,cycles,DSP,yolov8l-simplified-modified
77564334435,FORWARD_PROPAGATE_LAYER,193,/model.12/Slice:OpId_1119 (cycles),21230,cycles,DSP,yolov8l-simplified-modified
77564334435,FORWARD_PROPAGATE_LAYER,194,/model.12/Slice_1:OpId_1125 (cycles),23301,cycles,DSP,yolov8l-simplified-modified
77564334435,FORWARD_PROPAGATE_LAYER,195,/model.12/m.0/cv1/conv/Conv:OpId_1137 (cycles),86320,cycles,DSP,yolov8l-simplified-modified
77564334435,FORWARD_PROPAGATE_LAYER,196,/model.12/m.0/cv1/act/Sigmoid:OpId_1140 (cycles),0,cycles,DSP,yolov8l-simplified-modified
77564334435,FORWARD_PROPAGATE_LAYER,197,/model.12/m.0/cv1/act/Mul:OpId_1147 (cycles),87272,cycles,DSP,yolov8l-simplified-modified
77564334435,FORWARD_PROPAGATE_LAYER,198,/model.12/m.0/cv2/conv/Conv:OpId_1156 (cycles),87426,cycles,DSP,yolov8l-simplified-modified
77564334435,FORWARD_PROPAGATE_LAYER,199,/model.12/m.0/cv2/act/Sigmoid:OpId_1159 (cycles),0,cycles,DSP,yolov8l-simplified-modified
77564334435,FORWARD_PROPAGATE_LAYER,200,/model.12/m.0/cv2/act/Mul:OpId_1166 (cycles),158363,cycles,DSP,yolov8l-simplified-modified
77564334435,FORWARD_PROPAGATE_LAYER,201,/model.12/m.1/cv1/conv/Conv:OpId_1175 (cycles),86145,cycles,DSP,yolov8l-simplified-modified
77564334435,FORWARD_PROPAGATE_LAYER,202,/model.12/m.1/cv1/act/Sigmoid:OpId_1178 (cycles),0,cycles,DSP,yolov8l-simplified-modified
77564334435,FORWARD_PROPAGATE_LAYER,203,/model.12/m.1/cv1/act/Mul:OpId_1185 (cycles),84944,cycles,DSP,yolov8l-simplified-modified
77564334435,FORWARD_PROPAGATE_LAYER,204,/model.12/m.1/cv2/conv/Conv:OpId_1194 (cycles),93574,cycles,DSP,yolov8l-simplified-modified
77564334435,FORWARD_PROPAGATE_LAYER,205,/model.12/m.1/cv2/act/Sigmoid:OpId_1197 (cycles),0,cycles,DSP,yolov8l-simplified-modified
77564334435,FORWARD_PROPAGATE_LAYER,206,/model.12/m.1/cv2/act/Mul:OpId_1204 (cycles),164368,cycles,DSP,yolov8l-simplified-modified
77564334435,FORWARD_PROPAGATE_LAYER,207,/model.12/m.2/cv1/conv/Conv:OpId_1213 (cycles),86494,cycles,DSP,yolov8l-simplified-modified
77564334435,FORWARD_PROPAGATE_LAYER,208,/model.12/m.2/cv1/act/Sigmoid:OpId_1216 (cycles),0,cycles,DSP,yolov8l-simplified-modified
77564334435,FORWARD_PROPAGATE_LAYER,209,/model.12/m.2/cv1/act/Mul:OpId_1223 (cycles),81888,cycles,DSP,yolov8l-simplified-modified
77564334435,FORWARD_PROPAGATE_LAYER,210,/model.12/m.2/cv2/conv/Conv:OpId_1232 (cycles),96748,cycles,DSP,yolov8l-simplified-modified
77564334435,FORWARD_PROPAGATE_LAYER,211,/model.12/m.2/cv2/act/Sigmoid:OpId_1235 (cycles),0,cycles,DSP,yolov8l-simplified-modified
77564334435,FORWARD_PROPAGATE_LAYER,212,/model.12/m.2/cv2/act/Mul:OpId_1242 (cycles),82193,cycles,DSP,yolov8l-simplified-modified
77564334435,FORWARD_PROPAGATE_LAYER,213,/model.12/Concat:OpId_1244 (cycles),0,cycles,DSP,yolov8l-simplified-modified
77564334435,FORWARD_PROPAGATE_LAYER,214,/model.12/cv2/conv/Conv:OpId_1253 (cycles),73361,cycles,DSP,yolov8l-simplified-modified
77564334435,FORWARD_PROPAGATE_LAYER,215,/model.12/cv2/act/Sigmoid:OpId_1256 (cycles),0,cycles,DSP,yolov8l-simplified-modified
77564334435,FORWARD_PROPAGATE_LAYER,216,/model.12/cv2/act/Mul:OpId_1263 (cycles),140453,cycles,DSP,yolov8l-simplified-modified
77564334435,FORWARD_PROPAGATE_LAYER,217,/model.13/Resize:OpId_1265 (cycles),123267,cycles,DSP,yolov8l-simplified-modified
77564334435,FORWARD_PROPAGATE_LAYER,218,/model.14/Concat:OpId_1268 (cycles),0,cycles,DSP,yolov8l-simplified-modified
77564334435,FORWARD_PROPAGATE_LAYER,219,/model.15/cv1/conv/Conv:OpId_1277 (cycles),98335,cycles,DSP,yolov8l-simplified-modified
77564334435,FORWARD_PROPAGATE_LAYER,220,/model.15/cv1/act/Sigmoid:OpId_1280 (cycles),0,cycles,DSP,yolov8l-simplified-modified
77564334435,FORWARD_PROPAGATE_LAYER,221,/model.15/cv1/act/Mul:OpId_1287 (cycles),246140,cycles,DSP,yolov8l-simplified-modified
77564334435,FORWARD_PROPAGATE_LAYER,222,/model.15/Slice:OpId_1290 (cycles),55318,cycles,DSP,yolov8l-simplified-modified
77564334435,FORWARD_PROPAGATE_LAYER,223,/model.15/Slice_1:OpId_1296 (cycles),50075,cycles,DSP,yolov8l-simplified-modified
77564334435,FORWARD_PROPAGATE_LAYER,224,/model.15/m.0/cv1/conv/Conv:OpId_1308 (cycles),86112,cycles,DSP,yolov8l-simplified-modified
77564334435,FORWARD_PROPAGATE_LAYER,225,/model.15/m.0/cv1/act/Sigmoid:OpId_1311 (cycles),0,cycles,DSP,yolov8l-simplified-modified
77564334435,FORWARD_PROPAGATE_LAYER,226,/model.15/m.0/cv1/act/Mul:OpId_1318 (cycles),140587,cycles,DSP,yolov8l-simplified-modified
77564334435,FORWARD_PROPAGATE_LAYER,227,/model.15/m.0/cv2/conv/Conv:OpId_1327 (cycles),79858,cycles,DSP,yolov8l-simplified-modified
77564334435,FORWARD_PROPAGATE_LAYER,228,/model.15/m.0/cv2/act/Sigmoid:OpId_1330 (cycles),0,cycles,DSP,yolov8l-simplified-modified
77564334435,FORWARD_PROPAGATE_LAYER,229,/model.15/m.0/cv2/act/Mul:OpId_1337 (cycles),274600,cycles,DSP,yolov8l-simplified-modified
77564334435,FORWARD_PROPAGATE_LAYER,230,/model.15/m.1/cv1/conv/Conv:OpId_1346 (cycles),79212,cycles,DSP,yolov8l-simplified-modified
77564334435,FORWARD_PROPAGATE_LAYER,231,/model.15/m.1/cv1/act/Sigmoid:OpId_1349 (cycles),0,cycles,DSP,yolov8l-simplified-modified
77564334435,FORWARD_PROPAGATE_LAYER,232,/model.15/m.1/cv1/act/Mul:OpId_1356 (cycles),159051,cycles,DSP,yolov8l-simplified-modified
77564334435,FORWARD_PROPAGATE_LAYER,233,/model.15/m.1/cv2/conv/Conv:OpId_1365 (cycles),88908,cycles,DSP,yolov8l-simplified-modified
77564334435,FORWARD_PROPAGATE_LAYER,234,/model.15/m.1/cv2/act/Sigmoid:OpId_1368 (cycles),0,cycles,DSP,yolov8l-simplified-modified
77564334435,FORWARD_PROPAGATE_LAYER,235,/model.15/m.1/cv2/act/Mul:OpId_1375 (cycles),329804,cycles,DSP,yolov8l-simplified-modified
77564334435,FORWARD_PROPAGATE_LAYER,236,/model.15/m.2/cv1/conv/Conv:OpId_1384 (cycles),89027,cycles,DSP,yolov8l-simplified-modified
77564334435,FORWARD_PROPAGATE_LAYER,237,/model.15/m.2/cv1/act/Sigmoid:OpId_1387 (cycles),0,cycles,DSP,yolov8l-simplified-modified
77564334435,FORWARD_PROPAGATE_LAYER,238,/model.15/m.2/cv1/act/Mul:OpId_1394 (cycles),159490,cycles,DSP,yolov8l-simplified-modified
77564334435,FORWARD_PROPAGATE_LAYER,239,/model.15/m.2/cv2/conv/Conv:OpId_1403 (cycles),82332,cycles,DSP,yolov8l-simplified-modified
77564334435,FORWARD_PROPAGATE_LAYER,240,/model.15/m.2/cv2/act/Sigmoid:OpId_1406 (cycles),0,cycles,DSP,yolov8l-simplified-modified
77564334435,FORWARD_PROPAGATE_LAYER,241,/model.15/m.2/cv2/act/Mul:OpId_1413 (cycles),159456,cycles,DSP,yolov8l-simplified-modified
77564334435,FORWARD_PROPAGATE_LAYER,242,/model.15/Concat:OpId_1415 (cycles),0,cycles,DSP,yolov8l-simplified-modified
77564334435,FORWARD_PROPAGATE_LAYER,243,/model.15/cv2/conv/Conv:OpId_1424 (cycles),79431,cycles,DSP,yolov8l-simplified-modified
77564334435,FORWARD_PROPAGATE_LAYER,244,/model.15/cv2/act/Sigmoid:OpId_1427 (cycles),0,cycles,DSP,yolov8l-simplified-modified
77564334435,FORWARD_PROPAGATE_LAYER,245,/model.15/cv2/act/Mul:OpId_1434 (cycles),315760,cycles,DSP,yolov8l-simplified-modified
77564334435,FORWARD_PROPAGATE_LAYER,246,/model.16/conv/Conv:OpId_1443 (cycles),200703,cycles,DSP,yolov8l-simplified-modified
77564334435,FORWARD_PROPAGATE_LAYER,247,/model.22/cv2.0/cv2.0.0/conv/Conv:OpId_1453 (cycles),76113,cycles,DSP,yolov8l-simplified-modified
77564334435,FORWARD_PROPAGATE_LAYER,248,/model.22/cv3.0/cv3.0.0/conv/Conv:OpId_1463 (cycles),302905,cycles,DSP,yolov8l-simplified-modified
77564334435,FORWARD_PROPAGATE_LAYER,249,/model.16/act/Sigmoid:OpId_1466 (cycles),0,cycles,DSP,yolov8l-simplified-modified
77564334435,FORWARD_PROPAGATE_LAYER,250,/model.22/cv2.0/cv2.0.0/act/Sigmoid:OpId_1473 (cycles),0,cycles,DSP,yolov8l-simplified-modified
77564334435,FORWARD_PROPAGATE_LAYER,251,/model.22/cv3.0/cv3.0.0/act/Sigmoid:OpId_1480 (cycles),0,cycles,DSP,yolov8l-simplified-modified
77564334435,FORWARD_PROPAGATE_LAYER,252,/model.16/act/Mul:OpId_1487 (cycles),69130,cycles,DSP,yolov8l-simplified-modified
77564334435,FORWARD_PROPAGATE_LAYER,253,/model.22/cv2.0/cv2.0.0/act/Mul:OpId_1489 (cycles),90055,cycles,DSP,yolov8l-simplified-modified
77564334435,FORWARD_PROPAGATE_LAYER,254,/model.22/cv3.0/cv3.0.0/act/Mul:OpId_1491 (cycles),337938,cycles,DSP,yolov8l-simplified-modified
77564334435,FORWARD_PROPAGATE_LAYER,255,/model.17/Concat:OpId_1493 (cycles),0,cycles,DSP,yolov8l-simplified-modified
77564334435,FORWARD_PROPAGATE_LAYER,256,/model.22/cv2.0/cv2.0.1/conv/Conv:OpId_1502 (cycles),22031,cycles,DSP,yolov8l-simplified-modified
77564334435,FORWARD_PROPAGATE_LAYER,257,/model.22/cv3.0/cv3.0.1/conv/Conv:OpId_1512 (cycles),324812,cycles,DSP,yolov8l-simplified-modified
77564334435,FORWARD_PROPAGATE_LAYER,258,/model.18/cv1/conv/Conv:OpId_1522 (cycles),49984,cycles,DSP,yolov8l-simplified-modified
77564334435,FORWARD_PROPAGATE_LAYER,259,/model.22/cv2.0/cv2.0.1/act/Sigmoid:OpId_1525 (cycles),0,cycles,DSP,yolov8l-simplified-modified
77564334435,FORWARD_PROPAGATE_LAYER,260,/model.22/cv3.0/cv3.0.1/act/Sigmoid:OpId_1532 (cycles),0,cycles,DSP,yolov8l-simplified-modified
77564334435,FORWARD_PROPAGATE_LAYER,261,/model.18/cv1/act/Sigmoid:OpId_1539 (cycles),0,cycles,DSP,yolov8l-simplified-modified
77564334435,FORWARD_PROPAGATE_LAYER,262,/model.22/cv2.0/cv2.0.1/act/Mul:OpId_1546 (cycles),73668,cycles,DSP,yolov8l-simplified-modified
77564334435,FORWARD_PROPAGATE_LAYER,263,/model.22/cv3.0/cv3.0.1/act/Mul:OpId_1548 (cycles),332594,cycles,DSP,yolov8l-simplified-modified
77564334435,FORWARD_PROPAGATE_LAYER,264,/model.18/cv1/act/Mul:OpId_1550 (cycles),137072,cycles,DSP,yolov8l-simplified-modified
77564334435,FORWARD_PROPAGATE_LAYER,265,/model.22/cv2.0/cv2.0.2/Conv:OpId_1559 (cycles),4979,cycles,DSP,yolov8l-simplified-modified
77564334435,FORWARD_PROPAGATE_LAYER,266,/model.22/cv2.0/cv2.0.2/Conv_output_0.nchw:OpId_1563 (cycles),228988,cycles,DSP,yolov8l-simplified-modified
77564334435,FORWARD_PROPAGATE_LAYER,267,/model.22/cv3.0/cv3.0.2/Conv:OpId_1571 (cycles),211436,cycles,DSP,yolov8l-simplified-modified
77564334435,FORWARD_PROPAGATE_LAYER,268,/model.18/Slice:OpId_1575 (cycles),25743,cycles,DSP,yolov8l-simplified-modified
77564334435,FORWARD_PROPAGATE_LAYER,269,/model.18/Slice_1:OpId_1581 (cycles),24686,cycles,DSP,yolov8l-simplified-modified
77564334435,FORWARD_PROPAGATE_LAYER,270,/model.22/Reshape:OpId_1586 (cycles),29728,cycles,DSP,yolov8l-simplified-modified
77564334435,FORWARD_PROPAGATE_LAYER,271,/model.22/Sigmoid:OpId_1587 (cycles),334388,cycles,DSP,yolov8l-simplified-modified
77564334435,FORWARD_PROPAGATE_LAYER,272,/model.18/m.0/cv1/conv/Conv:OpId_1601 (cycles),87364,cycles,DSP,yolov8l-simplified-modified
77564334435,FORWARD_PROPAGATE_LAYER,273,/model.22/Transpose:OpId_1605 (cycles),109204,cycles,DSP,yolov8l-simplified-modified
77564334435,FORWARD_PROPAGATE_LAYER,274,/model.22/ReduceMax:OpId_1607 (cycles),230494,cycles,DSP,yolov8l-simplified-modified
77564334435,FORWARD_PROPAGATE_LAYER,275,/model.18/m.0/cv1/act/Sigmoid:OpId_1609 (cycles),0,cycles,DSP,yolov8l-simplified-modified
77564334435,FORWARD_PROPAGATE_LAYER,276,/model.22/Softmax:OpId_1616 (cycles),516399,cycles,DSP,yolov8l-simplified-modified
77564334435,FORWARD_PROPAGATE_LAYER,277,/model.18/m.0/cv1/act/Mul:OpId_1619 (cycles),89662,cycles,DSP,yolov8l-simplified-modified
77564334435,FORWARD_PROPAGATE_LAYER,278,/model.22/Transpose_1:OpId_1622 (cycles),36939,cycles,DSP,yolov8l-simplified-modified
77564334435,FORWARD_PROPAGATE_LAYER,279,/model.18/m.0/cv2/conv/Conv:OpId_1630 (cycles),89665,cycles,DSP,yolov8l-simplified-modified
77564334435,FORWARD_PROPAGATE_LAYER,280,/model.22/proj_conv/Conv:OpId_1640 (cycles),11307,cycles,DSP,yolov8l-simplified-modified
77564334435,FORWARD_PROPAGATE_LAYER,281,/model.18/m.0/cv2/act/Sigmoid:OpId_1643 (cycles),0,cycles,DSP,yolov8l-simplified-modified
77564334435,FORWARD_PROPAGATE_LAYER,282,/model.22/Gather_output_0_pre_reshape.nchw:OpId_1651 (cycles),0,cycles,DSP,yolov8l-simplified-modified
77564334435,FORWARD_PROPAGATE_LAYER,283,Reshape_post_/model.22/Gather:OpId_1652 (cycles),54478,cycles,DSP,yolov8l-simplified-modified
77564334435,FORWARD_PROPAGATE_LAYER,284,/model.22/Reshape_1_output_0.nhwc:OpId_1654 (cycles),16895,cycles,DSP,yolov8l-simplified-modified
77564334435,FORWARD_PROPAGATE_LAYER,285,/model.18/m.0/cv2/act/Mul:OpId_1655 (cycles),180902,cycles,DSP,yolov8l-simplified-modified
77564334435,FORWARD_PROPAGATE_LAYER,286,/model.18/m.1/cv1/conv/Conv:OpId_1664 (cycles),102276,cycles,DSP,yolov8l-simplified-modified
77564334435,FORWARD_PROPAGATE_LAYER,287,/model.22/Concat:OpId_1667 (cycles),80608,cycles,DSP,yolov8l-simplified-modified
77564334435,FORWARD_PROPAGATE_LAYER,288,/model.18/m.1/cv1/act/Sigmoid:OpId_1669 (cycles),0,cycles,DSP,yolov8l-simplified-modified
77564334435,FORWARD_PROPAGATE_LAYER,289,/model.18/m.1/cv1/act/Mul:OpId_1676 (cycles),89329,cycles,DSP,yolov8l-simplified-modified
77564334435,FORWARD_PROPAGATE_LAYER,290,/model.18/m.1/cv2/conv/Conv:OpId_1685 (cycles),89210,cycles,DSP,yolov8l-simplified-modified
77564334435,FORWARD_PROPAGATE_LAYER,291,/model.18/m.1/cv2/act/Sigmoid:OpId_1688 (cycles),0,cycles,DSP,yolov8l-simplified-modified
77564334435,FORWARD_PROPAGATE_LAYER,292,/model.18/m.1/cv2/act/Mul:OpId_1695 (cycles),181598,cycles,DSP,yolov8l-simplified-modified
77564334435,FORWARD_PROPAGATE_LAYER,293,/model.18/m.2/cv1/conv/Conv:OpId_1704 (cycles),100060,cycles,DSP,yolov8l-simplified-modified
77564334435,FORWARD_PROPAGATE_LAYER,294,/model.18/m.2/cv1/act/Sigmoid:OpId_1707 (cycles),0,cycles,DSP,yolov8l-simplified-modified
77564334435,FORWARD_PROPAGATE_LAYER,295,/model.18/m.2/cv1/act/Mul:OpId_1714 (cycles),87155,cycles,DSP,yolov8l-simplified-modified
77564334435,FORWARD_PROPAGATE_LAYER,296,/model.18/m.2/cv2/conv/Conv:OpId_1723 (cycles),88467,cycles,DSP,yolov8l-simplified-modified
77564334435,FORWARD_PROPAGATE_LAYER,297,/model.18/m.2/cv2/act/Sigmoid:OpId_1726 (cycles),0,cycles,DSP,yolov8l-simplified-modified
77564334435,FORWARD_PROPAGATE_LAYER,298,/model.18/m.2/cv2/act/Mul:OpId_1733 (cycles),86886,cycles,DSP,yolov8l-simplified-modified
77564334435,FORWARD_PROPAGATE_LAYER,299,/model.18/Concat:OpId_1735 (cycles),0,cycles,DSP,yolov8l-simplified-modified
77564334435,FORWARD_PROPAGATE_LAYER,300,/model.18/cv2/conv/Conv:OpId_1744 (cycles),87497,cycles,DSP,yolov8l-simplified-modified
77564334435,FORWARD_PROPAGATE_LAYER,301,/model.18/cv2/act/Sigmoid:OpId_1747 (cycles),0,cycles,DSP,yolov8l-simplified-modified
77564334435,FORWARD_PROPAGATE_LAYER,302,/model.18/cv2/act/Mul:OpId_1754 (cycles),160686,cycles,DSP,yolov8l-simplified-modified
77564334435,FORWARD_PROPAGATE_LAYER,303,/model.19/conv/Conv:OpId_1763 (cycles),221353,cycles,DSP,yolov8l-simplified-modified
77564334435,FORWARD_PROPAGATE_LAYER,304,/model.22/cv2.1/cv2.1.0/conv/Conv:OpId_1773 (cycles),45085,cycles,DSP,yolov8l-simplified-modified
77564334435,FORWARD_PROPAGATE_LAYER,305,/model.22/cv3.1/cv3.1.0/conv/Conv:OpId_1783 (cycles),173572,cycles,DSP,yolov8l-simplified-modified
77564334435,FORWARD_PROPAGATE_LAYER,306,/model.19/act/Sigmoid:OpId_1786 (cycles),0,cycles,DSP,yolov8l-simplified-modified
77564334435,FORWARD_PROPAGATE_LAYER,307,/model.22/cv2.1/cv2.1.0/act/Sigmoid:OpId_1793 (cycles),0,cycles,DSP,yolov8l-simplified-modified
77564334435,FORWARD_PROPAGATE_LAYER,308,/model.22/cv3.1/cv3.1.0/act/Sigmoid:OpId_1800 (cycles),0,cycles,DSP,yolov8l-simplified-modified
77564334435,FORWARD_PROPAGATE_LAYER,309,/model.19/act/Mul:OpId_1807 (cycles),45560,cycles,DSP,yolov8l-simplified-modified
77564334435,FORWARD_PROPAGATE_LAYER,310,/model.22/cv2.1/cv2.1.0/act/Mul:OpId_1809 (cycles),17163,cycles,DSP,yolov8l-simplified-modified
77564334435,FORWARD_PROPAGATE_LAYER,311,/model.22/cv3.1/cv3.1.0/act/Mul:OpId_1811 (cycles),85479,cycles,DSP,yolov8l-simplified-modified
77564334435,FORWARD_PROPAGATE_LAYER,312,/model.20/Concat:OpId_1813 (cycles),0,cycles,DSP,yolov8l-simplified-modified
77564334435,FORWARD_PROPAGATE_LAYER,313,/model.22/cv2.1/cv2.1.1/conv/Conv:OpId_1822 (cycles),6654,cycles,DSP,yolov8l-simplified-modified
77564334435,FORWARD_PROPAGATE_LAYER,314,/model.22/cv3.1/cv3.1.1/conv/Conv:OpId_1832 (cycles),95935,cycles,DSP,yolov8l-simplified-modified
77564334435,FORWARD_PROPAGATE_LAYER,315,/model.21/cv1/conv/Conv:OpId_1842 (cycles),25296,cycles,DSP,yolov8l-simplified-modified
77564334435,FORWARD_PROPAGATE_LAYER,316,/model.22/cv2.1/cv2.1.1/act/Sigmoid:OpId_1845 (cycles),0,cycles,DSP,yolov8l-simplified-modified
77564334435,FORWARD_PROPAGATE_LAYER,317,/model.22/cv3.1/cv3.1.1/act/Sigmoid:OpId_1852 (cycles),0,cycles,DSP,yolov8l-simplified-modified
77564334435,FORWARD_PROPAGATE_LAYER,318,/model.21/cv1/act/Sigmoid:OpId_1859 (cycles),0,cycles,DSP,yolov8l-simplified-modified
77564334435,FORWARD_PROPAGATE_LAYER,319,/model.22/cv2.1/cv2.1.1/act/Mul:OpId_1866 (cycles),17958,cycles,DSP,yolov8l-simplified-modified
77564334435,FORWARD_PROPAGATE_LAYER,320,/model.22/cv3.1/cv3.1.1/act/Mul:OpId_1868 (cycles),85664,cycles,DSP,yolov8l-simplified-modified
77564334435,FORWARD_PROPAGATE_LAYER,321,/model.21/cv1/act/Mul:OpId_1870 (cycles),44629,cycles,DSP,yolov8l-simplified-modified
77564334435,FORWARD_PROPAGATE_LAYER,322,/model.22/cv2.1/cv2.1.2/Conv:OpId_1879 (cycles),1957,cycles,DSP,yolov8l-simplified-modified
77564334435,FORWARD_PROPAGATE_LAYER,323,/model.22/cv2.1/cv2.1.2/Conv_output_0.nchw:OpId_1883 (cycles),16295,cycles,DSP,yolov8l-simplified-modified
77564334435,FORWARD_PROPAGATE_LAYER,324,/model.22/cv3.1/cv3.1.2/Conv:OpId_1891 (cycles),4805,cycles,DSP,yolov8l-simplified-modified
77564334435,FORWARD_PROPAGATE_LAYER,325,/model.21/Slice:OpId_1895 (cycles),10150,cycles,DSP,yolov8l-simplified-modified
77564334435,FORWARD_PROPAGATE_LAYER,326,/model.21/Slice_1:OpId_1901 (cycles),9192,cycles,DSP,yolov8l-simplified-modified
77564334435,FORWARD_PROPAGATE_LAYER,327,/model.22/Reshape_2:OpId_1906 (cycles),34344,cycles,DSP,yolov8l-simplified-modified
77564334435,FORWARD_PROPAGATE_LAYER,328,/model.22/Sigmoid_1:OpId_1907 (cycles),145256,cycles,DSP,yolov8l-simplified-modified
77564334435,FORWARD_PROPAGATE_LAYER,329,/model.21/m.0/cv1/conv/Conv:OpId_1921 (cycles),39457,cycles,DSP,yolov8l-simplified-modified
77564334435,FORWARD_PROPAGATE_LAYER,330,/model.22/Transpose_2:OpId_1925 (cycles),25900,cycles,DSP,yolov8l-simplified-modified
77564334435,FORWARD_PROPAGATE_LAYER,331,/model.22/ReduceMax_1:OpId_1927 (cycles),57661,cycles,DSP,yolov8l-simplified-modified
77564334435,FORWARD_PROPAGATE_LAYER,332,/model.21/m.0/cv1/act/Sigmoid:OpId_1929 (cycles),0,cycles,DSP,yolov8l-simplified-modified
77564334435,FORWARD_PROPAGATE_LAYER,333,/model.22/Softmax_1:OpId_1936 (cycles),125319,cycles,DSP,yolov8l-simplified-modified
77564334435,FORWARD_PROPAGATE_LAYER,334,/model.21/m.0/cv1/act/Mul:OpId_1939 (cycles),28842,cycles,DSP,yolov8l-simplified-modified
77564334435,FORWARD_PROPAGATE_LAYER,335,/model.22/Transpose_3:OpId_1942 (cycles),12081,cycles,DSP,yolov8l-simplified-modified
77564334435,FORWARD_PROPAGATE_LAYER,336,/model.21/m.0/cv2/conv/Conv:OpId_1950 (cycles),36496,cycles,DSP,yolov8l-simplified-modified
77564334435,FORWARD_PROPAGATE_LAYER,337,/model.22/proj_conv_1/Conv:OpId_1958 (cycles),2119,cycles,DSP,yolov8l-simplified-modified
77564334435,FORWARD_PROPAGATE_LAYER,338,/model.21/m.0/cv2/act/Sigmoid:OpId_1961 (cycles),0,cycles,DSP,yolov8l-simplified-modified
77564334435,FORWARD_PROPAGATE_LAYER,339,/model.22/Gather_1_output_0_pre_reshape.nchw:OpId_1969 (cycles),0,cycles,DSP,yolov8l-simplified-modified
77564334435,FORWARD_PROPAGATE_LAYER,340,Reshape_post_/model.22/Gather_1:OpId_1970 (cycles),13902,cycles,DSP,yolov8l-simplified-modified
77564334435,FORWARD_PROPAGATE_LAYER,341,/model.22/Reshape_3_output_0.nhwc:OpId_1972 (cycles),2356,cycles,DSP,yolov8l-simplified-modified
77564334435,FORWARD_PROPAGATE_LAYER,342,/model.21/m.0/cv2/act/Mul:OpId_1973 (cycles),52377,cycles,DSP,yolov8l-simplified-modified
77564334435,FORWARD_PROPAGATE_LAYER,343,/model.21/m.1/cv1/conv/Conv:OpId_1982 (cycles),36642,cycles,DSP,yolov8l-simplified-modified
77564334435,FORWARD_PROPAGATE_LAYER,344,/model.22/Concat_1:OpId_1985 (cycles),20191,cycles,DSP,yolov8l-simplified-modified
77564334435,FORWARD_PROPAGATE_LAYER,345,/model.21/m.1/cv1/act/Sigmoid:OpId_1987 (cycles),0,cycles,DSP,yolov8l-simplified-modified
77564334435,FORWARD_PROPAGATE_LAYER,346,/model.21/m.1/cv1/act/Mul:OpId_1994 (cycles),26730,cycles,DSP,yolov8l-simplified-modified
77564334435,FORWARD_PROPAGATE_LAYER,347,/model.21/m.1/cv2/conv/Conv:OpId_2003 (cycles),35956,cycles,DSP,yolov8l-simplified-modified
77564334435,FORWARD_PROPAGATE_LAYER,348,/model.21/m.1/cv2/act/Sigmoid:OpId_2006 (cycles),0,cycles,DSP,yolov8l-simplified-modified
77564334435,FORWARD_PROPAGATE_LAYER,349,/model.21/m.1/cv2/act/Mul:OpId_2013 (cycles),55928,cycles,DSP,yolov8l-simplified-modified
77564334435,FORWARD_PROPAGATE_LAYER,350,/model.21/m.2/cv1/conv/Conv:OpId_2022 (cycles),34676,cycles,DSP,yolov8l-simplified-modified
77564334435,FORWARD_PROPAGATE_LAYER,351,/model.21/m.2/cv1/act/Sigmoid:OpId_2025 (cycles),0,cycles,DSP,yolov8l-simplified-modified
77564334435,FORWARD_PROPAGATE_LAYER,352,/model.21/m.2/cv1/act/Mul:OpId_2032 (cycles),27530,cycles,DSP,yolov8l-simplified-modified
77564334435,FORWARD_PROPAGATE_LAYER,353,/model.21/m.2/cv2/conv/Conv:OpId_2041 (cycles),37539,cycles,DSP,yolov8l-simplified-modified
77564334435,FORWARD_PROPAGATE_LAYER,354,/model.21/m.2/cv2/act/Sigmoid:OpId_2044 (cycles),0,cycles,DSP,yolov8l-simplified-modified
77564334435,FORWARD_PROPAGATE_LAYER,355,/model.21/m.2/cv2/act/Mul:OpId_2051 (cycles),28904,cycles,DSP,yolov8l-simplified-modified
77564334435,FORWARD_PROPAGATE_LAYER,356,/model.21/Concat:OpId_2053 (cycles),0,cycles,DSP,yolov8l-simplified-modified
77564334435,FORWARD_PROPAGATE_LAYER,357,/model.21/cv2/conv/Conv:OpId_2062 (cycles),30975,cycles,DSP,yolov8l-simplified-modified
77564334435,FORWARD_PROPAGATE_LAYER,358,/model.21/cv2/act/Sigmoid:OpId_2065 (cycles),0,cycles,DSP,yolov8l-simplified-modified
77564334435,FORWARD_PROPAGATE_LAYER,359,/model.21/cv2/act/Mul:OpId_2072 (cycles),44433,cycles,DSP,yolov8l-simplified-modified
77564334435,FORWARD_PROPAGATE_LAYER,360,/model.22/cv2.2/cv2.2.0/conv/Conv:OpId_2081 (cycles),19890,cycles,DSP,yolov8l-simplified-modified
77564334435,FORWARD_PROPAGATE_LAYER,361,/model.22/cv3.2/cv3.2.0/conv/Conv:OpId_2091 (cycles),64129,cycles,DSP,yolov8l-simplified-modified
77564334435,FORWARD_PROPAGATE_LAYER,362,/model.22/cv2.2/cv2.2.0/act/Sigmoid:OpId_2094 (cycles),0,cycles,DSP,yolov8l-simplified-modified
77564334435,FORWARD_PROPAGATE_LAYER,363,/model.22/cv3.2/cv3.2.0/act/Sigmoid:OpId_2101 (cycles),0,cycles,DSP,yolov8l-simplified-modified
77564334435,FORWARD_PROPAGATE_LAYER,364,/model.22/cv2.2/cv2.2.0/act/Mul:OpId_2108 (cycles),10126,cycles,DSP,yolov8l-simplified-modified
77564334435,FORWARD_PROPAGATE_LAYER,365,/model.22/cv3.2/cv3.2.0/act/Mul:OpId_2110 (cycles),28090,cycles,DSP,yolov8l-simplified-modified
77564334435,FORWARD_PROPAGATE_LAYER,366,/model.22/cv2.2/cv2.2.1/conv/Conv:OpId_2119 (cycles),3739,cycles,DSP,yolov8l-simplified-modified
77564334435,FORWARD_PROPAGATE_LAYER,367,/model.22/cv3.2/cv3.2.1/conv/Conv:OpId_2129 (cycles),36665,cycles,DSP,yolov8l-simplified-modified
77564334435,FORWARD_PROPAGATE_LAYER,368,/model.22/cv2.2/cv2.2.1/act/Sigmoid:OpId_2132 (cycles),0,cycles,DSP,yolov8l-simplified-modified
77564334435,FORWARD_PROPAGATE_LAYER,369,/model.22/cv3.2/cv3.2.1/act/Sigmoid:OpId_2139 (cycles),0,cycles,DSP,yolov8l-simplified-modified
77564334435,FORWARD_PROPAGATE_LAYER,370,/model.22/cv2.2/cv2.2.1/act/Mul:OpId_2146 (cycles),7536,cycles,DSP,yolov8l-simplified-modified
77564334435,FORWARD_PROPAGATE_LAYER,371,/model.22/cv3.2/cv3.2.1/act/Mul:OpId_2148 (cycles),29975,cycles,DSP,yolov8l-simplified-modified
77564334435,FORWARD_PROPAGATE_LAYER,372,/model.22/cv2.2/cv2.2.2/Conv:OpId_2157 (cycles),1154,cycles,DSP,yolov8l-simplified-modified
77564334435,FORWARD_PROPAGATE_LAYER,373,/model.22/cv2.2/cv2.2.2/Conv_output_0.nchw:OpId_2161 (cycles),5166,cycles,DSP,yolov8l-simplified-modified
77564334435,FORWARD_PROPAGATE_LAYER,374,/model.22/cv3.2/cv3.2.2/Conv:OpId_2169 (cycles),14610,cycles,DSP,yolov8l-simplified-modified
77564334435,FORWARD_PROPAGATE_LAYER,375,/model.22/Reshape_4:OpId_2172 (cycles),12057,cycles,DSP,yolov8l-simplified-modified
77564334435,FORWARD_PROPAGATE_LAYER,376,/model.22/Sigmoid_2:OpId_2173 (cycles),26794,cycles,DSP,yolov8l-simplified-modified
77564334435,FORWARD_PROPAGATE_LAYER,377,/model.22/Transpose_4:OpId_2181 (cycles),6747,cycles,DSP,yolov8l-simplified-modified
77564334435,FORWARD_PROPAGATE_LAYER,378,/model.22/ReduceMax_2:OpId_2183 (cycles),19952,cycles,DSP,yolov8l-simplified-modified
77564334435,FORWARD_PROPAGATE_LAYER,379,/model.22/Softmax_2:OpId_2185 (cycles),34688,cycles,DSP,yolov8l-simplified-modified
77564334435,FORWARD_PROPAGATE_LAYER,380,/model.22/Transpose_5:OpId_2189 (cycles),2070,cycles,DSP,yolov8l-simplified-modified
77564334435,FORWARD_PROPAGATE_LAYER,381,/model.22/proj_conv_2/Conv:OpId_2195 (cycles),1091,cycles,DSP,yolov8l-simplified-modified
77564334435,FORWARD_PROPAGATE_LAYER,382,/model.22/Gather_2_output_0_pre_reshape.nchw:OpId_2199 (cycles),0,cycles,DSP,yolov8l-simplified-modified
77564334435,FORWARD_PROPAGATE_LAYER,383,Reshape_post_/model.22/Gather_2:OpId_2200 (cycles),3139,cycles,DSP,yolov8l-simplified-modified
77564334435,FORWARD_PROPAGATE_LAYER,384,/model.22/Reshape_5_output_0.nhwc:OpId_2202 (cycles),2556,cycles,DSP,yolov8l-simplified-modified
77564334435,FORWARD_PROPAGATE_LAYER,385,/model.22/Concat_2:OpId_2203 (cycles),5603,cycles,DSP,yolov8l-simplified-modified
77564334435,FORWARD_PROPAGATE_LAYER,386,Output OpId_3 (cycles),47069,cycles,DSP,yolov8l-simplified-modified
