Msg Timestamp,Message,Layer Id,Layer Name,Time,Unit of Measurement,Runtime,Graph Name
76481175284,LOAD,,,2679,us,,
76481175284,DESERIALIZE,,,0,,,
76481175284,CREATE,,,61358,us,,
76481175284,INIT,,,67666,us,,
76481175284,DE-INIT,,,24765,us,,
76481175284,CREATE_NETWORK(S),,,61064,us,,
76481175284,RPC_INIT_TIME,,,14057,us,,
76481175284,SNPE_ACCELERATOR_INIT_TIME,,,13210,us,,
76481175284,ACCELERATOR_INIT_TIME,,,12788,us,,
76481135061,AVG_TOTAL_INFERENCE_TIME,,,50152,us,,yolov8l-modified
76481135061,AVG_FORWARD_PROPAGATE_TIME,,,50118,us,,yolov8l-modified
76481135061,AVG_RPC_EXECUTE_TIME,,,43135,us,,yolov8l-modified
76481135061,AVG_SNPE_ACCELERATOR_TIME,,,41870,us,,yolov8l-modified
76481135061,AVG_ACCELERATOR_TIME,,,27958,us,,yolov8l-modified
76481135061,AVG_EXECUTE_TIME_SUBNET_0,,,49065750,cycles,DSP,yolov8l-modified
76481135061,EXECUTE_TIME_SUBNET_0,,,49072532,cycles,DSP,yolov8l-modified
76481135061,TOTAL_INFERENCE_TIME,,,64453,us,,yolov8l-modified
76481135061,FORWARD_PROPAGATE,,,64414,us,,yolov8l-modified
76481135061,FORWARD_PROPAGATE_LAYER,0,Input OpId_2 (cycles),0,cycles,DSP,yolov8l-modified
76481135061,FORWARD_PROPAGATE_LAYER,1,split_images:OpId_17 (cycles),4145527,cycles,DSP,yolov8l-modified
76481135061,FORWARD_PROPAGATE_LAYER,2,concat_images:OpId_19 (cycles),2891265,cycles,DSP,yolov8l-modified
76481135061,FORWARD_PROPAGATE_LAYER,3,/model.0/conv/Conv:OpId_26 (cycles),0,cycles,DSP,yolov8l-modified
76481135061,FORWARD_PROPAGATE_LAYER,4,/model.0/act/Sigmoid:OpId_29 (cycles),0,cycles,DSP,yolov8l-modified
76481135061,FORWARD_PROPAGATE_LAYER,5,/model.0/act/Mul:OpId_36 (cycles),4320060,cycles,DSP,yolov8l-modified
76481135061,FORWARD_PROPAGATE_LAYER,6,/model.1/conv/Conv:OpId_43 (cycles),0,cycles,DSP,yolov8l-modified
76481135061,FORWARD_PROPAGATE_LAYER,7,/model.1/act/Sigmoid:OpId_46 (cycles),0,cycles,DSP,yolov8l-modified
76481135061,FORWARD_PROPAGATE_LAYER,8,/model.1/act/Mul:OpId_53 (cycles),2247488,cycles,DSP,yolov8l-modified
76481135061,FORWARD_PROPAGATE_LAYER,9,/model.2/cv1/conv/Conv:OpId_60 (cycles),0,cycles,DSP,yolov8l-modified
76481135061,FORWARD_PROPAGATE_LAYER,10,/model.2/cv1/act/Sigmoid:OpId_63 (cycles),0,cycles,DSP,yolov8l-modified
76481135061,FORWARD_PROPAGATE_LAYER,11,/model.2/cv1/act/Mul:OpId_70 (cycles),318684,cycles,DSP,yolov8l-modified
76481135061,FORWARD_PROPAGATE_LAYER,12,/model.2/Slice:OpId_73 (cycles),0,cycles,DSP,yolov8l-modified
76481135061,FORWARD_PROPAGATE_LAYER,13,/model.2/Slice_1:OpId_79 (cycles),0,cycles,DSP,yolov8l-modified
76481135061,FORWARD_PROPAGATE_LAYER,14,/model.2/m.0/cv1/conv/Conv:OpId_89 (cycles),0,cycles,DSP,yolov8l-modified
76481135061,FORWARD_PROPAGATE_LAYER,15,/model.2/m.0/cv1/act/Sigmoid:OpId_92 (cycles),0,cycles,DSP,yolov8l-modified
76481135061,FORWARD_PROPAGATE_LAYER,16,/model.2/m.0/cv1/act/Mul:OpId_99 (cycles),323525,cycles,DSP,yolov8l-modified
76481135061,FORWARD_PROPAGATE_LAYER,17,/model.2/m.0/cv2/conv/Conv:OpId_106 (cycles),0,cycles,DSP,yolov8l-modified
76481135061,FORWARD_PROPAGATE_LAYER,18,/model.2/m.0/cv2/act/Sigmoid:OpId_109 (cycles),0,cycles,DSP,yolov8l-modified
76481135061,FORWARD_PROPAGATE_LAYER,19,/model.2/m.0/cv2/act/Mul:OpId_116 (cycles),315596,cycles,DSP,yolov8l-modified
76481135061,FORWARD_PROPAGATE_LAYER,20,/model.2/m.0/Add:OpId_118 (cycles),39813,cycles,DSP,yolov8l-modified
76481135061,FORWARD_PROPAGATE_LAYER,21,/model.2/m.1/cv1/conv/Conv:OpId_125 (cycles),0,cycles,DSP,yolov8l-modified
76481135061,FORWARD_PROPAGATE_LAYER,22,/model.2/m.1/cv1/act/Sigmoid:OpId_128 (cycles),0,cycles,DSP,yolov8l-modified
76481135061,FORWARD_PROPAGATE_LAYER,23,/model.2/m.1/cv1/act/Mul:OpId_135 (cycles),318759,cycles,DSP,yolov8l-modified
76481135061,FORWARD_PROPAGATE_LAYER,24,/model.2/m.1/cv2/conv/Conv:OpId_142 (cycles),0,cycles,DSP,yolov8l-modified
76481135061,FORWARD_PROPAGATE_LAYER,25,/model.2/m.1/cv2/act/Sigmoid:OpId_145 (cycles),0,cycles,DSP,yolov8l-modified
76481135061,FORWARD_PROPAGATE_LAYER,26,/model.2/m.1/cv2/act/Mul:OpId_152 (cycles),321656,cycles,DSP,yolov8l-modified
76481135061,FORWARD_PROPAGATE_LAYER,27,/model.2/m.1/Add:OpId_154 (cycles),29414,cycles,DSP,yolov8l-modified
76481135061,FORWARD_PROPAGATE_LAYER,28,/model.2/m.2/cv1/conv/Conv:OpId_161 (cycles),0,cycles,DSP,yolov8l-modified
76481135061,FORWARD_PROPAGATE_LAYER,29,/model.2/m.2/cv1/act/Sigmoid:OpId_164 (cycles),0,cycles,DSP,yolov8l-modified
76481135061,FORWARD_PROPAGATE_LAYER,30,/model.2/m.2/cv1/act/Mul:OpId_171 (cycles),319435,cycles,DSP,yolov8l-modified
76481135061,FORWARD_PROPAGATE_LAYER,31,/model.2/m.2/cv2/conv/Conv:OpId_178 (cycles),0,cycles,DSP,yolov8l-modified
76481135061,FORWARD_PROPAGATE_LAYER,32,/model.2/m.2/cv2/act/Sigmoid:OpId_181 (cycles),0,cycles,DSP,yolov8l-modified
76481135061,FORWARD_PROPAGATE_LAYER,33,/model.2/m.2/cv2/act/Mul:OpId_188 (cycles),314506,cycles,DSP,yolov8l-modified
76481135061,FORWARD_PROPAGATE_LAYER,34,/model.2/m.2/Add:OpId_190 (cycles),28569,cycles,DSP,yolov8l-modified
76481135061,FORWARD_PROPAGATE_LAYER,35,/model.2/Concat:OpId_192 (cycles),0,cycles,DSP,yolov8l-modified
76481135061,FORWARD_PROPAGATE_LAYER,36,/model.2/cv2/conv/Conv:OpId_199 (cycles),0,cycles,DSP,yolov8l-modified
76481135061,FORWARD_PROPAGATE_LAYER,37,/model.2/cv2/act/Sigmoid:OpId_202 (cycles),0,cycles,DSP,yolov8l-modified
76481135061,FORWARD_PROPAGATE_LAYER,38,/model.2/cv2/act/Mul:OpId_209 (cycles),469506,cycles,DSP,yolov8l-modified
76481135061,FORWARD_PROPAGATE_LAYER,39,/model.3/conv/Conv:OpId_216 (cycles),0,cycles,DSP,yolov8l-modified
76481135061,FORWARD_PROPAGATE_LAYER,40,/model.3/act/Sigmoid:OpId_219 (cycles),0,cycles,DSP,yolov8l-modified
76481135061,FORWARD_PROPAGATE_LAYER,41,/model.3/act/Mul:OpId_226 (cycles),1493933,cycles,DSP,yolov8l-modified
76481135061,FORWARD_PROPAGATE_LAYER,42,/model.4/cv1/conv/Conv:OpId_233 (cycles),0,cycles,DSP,yolov8l-modified
76481135061,FORWARD_PROPAGATE_LAYER,43,/model.4/cv1/act/Sigmoid:OpId_236 (cycles),0,cycles,DSP,yolov8l-modified
76481135061,FORWARD_PROPAGATE_LAYER,44,/model.4/cv1/act/Mul:OpId_243 (cycles),211524,cycles,DSP,yolov8l-modified
76481135061,FORWARD_PROPAGATE_LAYER,45,/model.4/Slice:OpId_246 (cycles),0,cycles,DSP,yolov8l-modified
76481135061,FORWARD_PROPAGATE_LAYER,46,/model.4/Slice_1:OpId_252 (cycles),0,cycles,DSP,yolov8l-modified
76481135061,FORWARD_PROPAGATE_LAYER,47,/model.4/m.0/cv1/conv/Conv:OpId_262 (cycles),0,cycles,DSP,yolov8l-modified
76481135061,FORWARD_PROPAGATE_LAYER,48,/model.4/m.0/cv1/act/Sigmoid:OpId_265 (cycles),0,cycles,DSP,yolov8l-modified
76481135061,FORWARD_PROPAGATE_LAYER,49,/model.4/m.0/cv1/act/Mul:OpId_272 (cycles),275673,cycles,DSP,yolov8l-modified
76481135061,FORWARD_PROPAGATE_LAYER,50,/model.4/m.0/cv2/conv/Conv:OpId_279 (cycles),0,cycles,DSP,yolov8l-modified
76481135061,FORWARD_PROPAGATE_LAYER,51,/model.4/m.0/cv2/act/Sigmoid:OpId_282 (cycles),0,cycles,DSP,yolov8l-modified
76481135061,FORWARD_PROPAGATE_LAYER,52,/model.4/m.0/cv2/act/Mul:OpId_289 (cycles),275526,cycles,DSP,yolov8l-modified
76481135061,FORWARD_PROPAGATE_LAYER,53,/model.4/m.0/Add:OpId_291 (cycles),33787,cycles,DSP,yolov8l-modified
76481135061,FORWARD_PROPAGATE_LAYER,54,/model.4/m.1/cv1/conv/Conv:OpId_298 (cycles),0,cycles,DSP,yolov8l-modified
76481135061,FORWARD_PROPAGATE_LAYER,55,/model.4/m.1/cv1/act/Sigmoid:OpId_301 (cycles),0,cycles,DSP,yolov8l-modified
76481135061,FORWARD_PROPAGATE_LAYER,56,/model.4/m.1/cv1/act/Mul:OpId_308 (cycles),276624,cycles,DSP,yolov8l-modified
76481135061,FORWARD_PROPAGATE_LAYER,57,/model.4/m.1/cv2/conv/Conv:OpId_315 (cycles),0,cycles,DSP,yolov8l-modified
76481135061,FORWARD_PROPAGATE_LAYER,58,/model.4/m.1/cv2/act/Sigmoid:OpId_318 (cycles),0,cycles,DSP,yolov8l-modified
76481135061,FORWARD_PROPAGATE_LAYER,59,/model.4/m.1/cv2/act/Mul:OpId_325 (cycles),273883,cycles,DSP,yolov8l-modified
76481135061,FORWARD_PROPAGATE_LAYER,60,/model.4/m.1/Add:OpId_327 (cycles),34460,cycles,DSP,yolov8l-modified
76481135061,FORWARD_PROPAGATE_LAYER,61,/model.4/m.2/cv1/conv/Conv:OpId_334 (cycles),0,cycles,DSP,yolov8l-modified
76481135061,FORWARD_PROPAGATE_LAYER,62,/model.4/m.2/cv1/act/Sigmoid:OpId_337 (cycles),0,cycles,DSP,yolov8l-modified
76481135061,FORWARD_PROPAGATE_LAYER,63,/model.4/m.2/cv1/act/Mul:OpId_344 (cycles),284145,cycles,DSP,yolov8l-modified
76481135061,FORWARD_PROPAGATE_LAYER,64,/model.4/m.2/cv2/conv/Conv:OpId_351 (cycles),0,cycles,DSP,yolov8l-modified
76481135061,FORWARD_PROPAGATE_LAYER,65,/model.4/m.2/cv2/act/Sigmoid:OpId_354 (cycles),0,cycles,DSP,yolov8l-modified
76481135061,FORWARD_PROPAGATE_LAYER,66,/model.4/m.2/cv2/act/Mul:OpId_361 (cycles),276181,cycles,DSP,yolov8l-modified
76481135061,FORWARD_PROPAGATE_LAYER,67,/model.4/m.2/Add:OpId_363 (cycles),33634,cycles,DSP,yolov8l-modified
76481135061,FORWARD_PROPAGATE_LAYER,68,/model.4/m.3/cv1/conv/Conv:OpId_370 (cycles),0,cycles,DSP,yolov8l-modified
76481135061,FORWARD_PROPAGATE_LAYER,69,/model.4/m.3/cv1/act/Sigmoid:OpId_373 (cycles),0,cycles,DSP,yolov8l-modified
76481135061,FORWARD_PROPAGATE_LAYER,70,/model.4/m.3/cv1/act/Mul:OpId_380 (cycles),302422,cycles,DSP,yolov8l-modified
76481135061,FORWARD_PROPAGATE_LAYER,71,/model.4/m.3/cv2/conv/Conv:OpId_387 (cycles),0,cycles,DSP,yolov8l-modified
76481135061,FORWARD_PROPAGATE_LAYER,72,/model.4/m.3/cv2/act/Sigmoid:OpId_390 (cycles),0,cycles,DSP,yolov8l-modified
76481135061,FORWARD_PROPAGATE_LAYER,73,/model.4/m.3/cv2/act/Mul:OpId_397 (cycles),274128,cycles,DSP,yolov8l-modified
76481135061,FORWARD_PROPAGATE_LAYER,74,/model.4/m.3/Add:OpId_399 (cycles),21608,cycles,DSP,yolov8l-modified
76481135061,FORWARD_PROPAGATE_LAYER,75,/model.4/m.4/cv1/conv/Conv:OpId_406 (cycles),0,cycles,DSP,yolov8l-modified
76481135061,FORWARD_PROPAGATE_LAYER,76,/model.4/m.4/cv1/act/Sigmoid:OpId_409 (cycles),0,cycles,DSP,yolov8l-modified
76481135061,FORWARD_PROPAGATE_LAYER,77,/model.4/m.4/cv1/act/Mul:OpId_416 (cycles),303447,cycles,DSP,yolov8l-modified
76481135061,FORWARD_PROPAGATE_LAYER,78,/model.4/m.4/cv2/conv/Conv:OpId_423 (cycles),0,cycles,DSP,yolov8l-modified
76481135061,FORWARD_PROPAGATE_LAYER,79,/model.4/m.4/cv2/act/Sigmoid:OpId_426 (cycles),0,cycles,DSP,yolov8l-modified
76481135061,FORWARD_PROPAGATE_LAYER,80,/model.4/m.4/cv2/act/Mul:OpId_433 (cycles),273605,cycles,DSP,yolov8l-modified
76481135061,FORWARD_PROPAGATE_LAYER,81,/model.4/m.4/Add:OpId_435 (cycles),16439,cycles,DSP,yolov8l-modified
76481135061,FORWARD_PROPAGATE_LAYER,82,/model.4/m.5/cv1/conv/Conv:OpId_442 (cycles),0,cycles,DSP,yolov8l-modified
76481135061,FORWARD_PROPAGATE_LAYER,83,/model.4/m.5/cv1/act/Sigmoid:OpId_445 (cycles),0,cycles,DSP,yolov8l-modified
76481135061,FORWARD_PROPAGATE_LAYER,84,/model.4/m.5/cv1/act/Mul:OpId_452 (cycles),305817,cycles,DSP,yolov8l-modified
76481135061,FORWARD_PROPAGATE_LAYER,85,/model.4/m.5/cv2/conv/Conv:OpId_459 (cycles),0,cycles,DSP,yolov8l-modified
76481135061,FORWARD_PROPAGATE_LAYER,86,/model.4/m.5/cv2/act/Sigmoid:OpId_462 (cycles),0,cycles,DSP,yolov8l-modified
76481135061,FORWARD_PROPAGATE_LAYER,87,/model.4/m.5/cv2/act/Mul:OpId_469 (cycles),274937,cycles,DSP,yolov8l-modified
76481135061,FORWARD_PROPAGATE_LAYER,88,/model.4/m.5/Add:OpId_471 (cycles),17541,cycles,DSP,yolov8l-modified
76481135061,FORWARD_PROPAGATE_LAYER,89,/model.4/Concat:OpId_473 (cycles),0,cycles,DSP,yolov8l-modified
76481135061,FORWARD_PROPAGATE_LAYER,90,/model.4/cv2/conv/Conv:OpId_480 (cycles),0,cycles,DSP,yolov8l-modified
76481135061,FORWARD_PROPAGATE_LAYER,91,/model.4/cv2/act/Sigmoid:OpId_483 (cycles),0,cycles,DSP,yolov8l-modified
76481135061,FORWARD_PROPAGATE_LAYER,92,/model.4/cv2/act/Mul:OpId_490 (cycles),617673,cycles,DSP,yolov8l-modified
76481135061,FORWARD_PROPAGATE_LAYER,93,/model.5/conv/Conv:OpId_497 (cycles),0,cycles,DSP,yolov8l-modified
76481135061,FORWARD_PROPAGATE_LAYER,94,/model.5/act/Sigmoid:OpId_500 (cycles),0,cycles,DSP,yolov8l-modified
76481135061,FORWARD_PROPAGATE_LAYER,95,/model.5/act/Mul:OpId_507 (cycles),1097082,cycles,DSP,yolov8l-modified
76481135061,FORWARD_PROPAGATE_LAYER,96,/model.6/cv1/conv/Conv:OpId_514 (cycles),0,cycles,DSP,yolov8l-modified
76481135061,FORWARD_PROPAGATE_LAYER,97,/model.6/cv1/act/Sigmoid:OpId_517 (cycles),0,cycles,DSP,yolov8l-modified
76481135061,FORWARD_PROPAGATE_LAYER,98,/model.6/cv1/act/Mul:OpId_524 (cycles),165121,cycles,DSP,yolov8l-modified
76481135061,FORWARD_PROPAGATE_LAYER,99,/model.6/Slice:OpId_527 (cycles),0,cycles,DSP,yolov8l-modified
76481135061,FORWARD_PROPAGATE_LAYER,100,/model.6/Slice_1:OpId_533 (cycles),0,cycles,DSP,yolov8l-modified
76481135061,FORWARD_PROPAGATE_LAYER,101,/model.6/m.0/cv1/conv/Conv:OpId_543 (cycles),0,cycles,DSP,yolov8l-modified
76481135061,FORWARD_PROPAGATE_LAYER,102,/model.6/m.0/cv1/act/Sigmoid:OpId_546 (cycles),0,cycles,DSP,yolov8l-modified
76481135061,FORWARD_PROPAGATE_LAYER,103,/model.6/m.0/cv1/act/Mul:OpId_553 (cycles),257625,cycles,DSP,yolov8l-modified
76481135061,FORWARD_PROPAGATE_LAYER,104,/model.6/m.0/cv2/conv/Conv:OpId_560 (cycles),0,cycles,DSP,yolov8l-modified
76481135061,FORWARD_PROPAGATE_LAYER,105,/model.6/m.0/cv2/act/Sigmoid:OpId_563 (cycles),0,cycles,DSP,yolov8l-modified
76481135061,FORWARD_PROPAGATE_LAYER,106,/model.6/m.0/cv2/act/Mul:OpId_570 (cycles),285889,cycles,DSP,yolov8l-modified
76481135061,FORWARD_PROPAGATE_LAYER,107,/model.6/m.0/Add:OpId_572 (cycles),17601,cycles,DSP,yolov8l-modified
76481135061,FORWARD_PROPAGATE_LAYER,108,/model.6/m.1/cv1/conv/Conv:OpId_579 (cycles),0,cycles,DSP,yolov8l-modified
76481135061,FORWARD_PROPAGATE_LAYER,109,/model.6/m.1/cv1/act/Sigmoid:OpId_582 (cycles),0,cycles,DSP,yolov8l-modified
76481135061,FORWARD_PROPAGATE_LAYER,110,/model.6/m.1/cv1/act/Mul:OpId_589 (cycles),255548,cycles,DSP,yolov8l-modified
76481135061,FORWARD_PROPAGATE_LAYER,111,/model.6/m.1/cv2/conv/Conv:OpId_596 (cycles),0,cycles,DSP,yolov8l-modified
76481135061,FORWARD_PROPAGATE_LAYER,112,/model.6/m.1/cv2/act/Sigmoid:OpId_599 (cycles),0,cycles,DSP,yolov8l-modified
76481135061,FORWARD_PROPAGATE_LAYER,113,/model.6/m.1/cv2/act/Mul:OpId_606 (cycles),288772,cycles,DSP,yolov8l-modified
76481135061,FORWARD_PROPAGATE_LAYER,114,/model.6/m.1/Add:OpId_608 (cycles),18886,cycles,DSP,yolov8l-modified
76481135061,FORWARD_PROPAGATE_LAYER,115,/model.6/m.2/cv1/conv/Conv:OpId_615 (cycles),0,cycles,DSP,yolov8l-modified
76481135061,FORWARD_PROPAGATE_LAYER,116,/model.6/m.2/cv1/act/Sigmoid:OpId_618 (cycles),0,cycles,DSP,yolov8l-modified
76481135061,FORWARD_PROPAGATE_LAYER,117,/model.6/m.2/cv1/act/Mul:OpId_625 (cycles),280169,cycles,DSP,yolov8l-modified
76481135061,FORWARD_PROPAGATE_LAYER,118,/model.6/m.2/cv2/conv/Conv:OpId_632 (cycles),0,cycles,DSP,yolov8l-modified
76481135061,FORWARD_PROPAGATE_LAYER,119,/model.6/m.2/cv2/act/Sigmoid:OpId_635 (cycles),0,cycles,DSP,yolov8l-modified
76481135061,FORWARD_PROPAGATE_LAYER,120,/model.6/m.2/cv2/act/Mul:OpId_642 (cycles),285234,cycles,DSP,yolov8l-modified
76481135061,FORWARD_PROPAGATE_LAYER,121,/model.6/m.2/Add:OpId_644 (cycles),19184,cycles,DSP,yolov8l-modified
76481135061,FORWARD_PROPAGATE_LAYER,122,/model.6/m.3/cv1/conv/Conv:OpId_651 (cycles),0,cycles,DSP,yolov8l-modified
76481135061,FORWARD_PROPAGATE_LAYER,123,/model.6/m.3/cv1/act/Sigmoid:OpId_654 (cycles),0,cycles,DSP,yolov8l-modified
76481135061,FORWARD_PROPAGATE_LAYER,124,/model.6/m.3/cv1/act/Mul:OpId_661 (cycles),280870,cycles,DSP,yolov8l-modified
76481135061,FORWARD_PROPAGATE_LAYER,125,/model.6/m.3/cv2/conv/Conv:OpId_668 (cycles),0,cycles,DSP,yolov8l-modified
76481135061,FORWARD_PROPAGATE_LAYER,126,/model.6/m.3/cv2/act/Sigmoid:OpId_671 (cycles),0,cycles,DSP,yolov8l-modified
76481135061,FORWARD_PROPAGATE_LAYER,127,/model.6/m.3/cv2/act/Mul:OpId_678 (cycles),284069,cycles,DSP,yolov8l-modified
76481135061,FORWARD_PROPAGATE_LAYER,128,/model.6/m.3/Add:OpId_680 (cycles),18438,cycles,DSP,yolov8l-modified
76481135061,FORWARD_PROPAGATE_LAYER,129,/model.6/m.4/cv1/conv/Conv:OpId_687 (cycles),0,cycles,DSP,yolov8l-modified
76481135061,FORWARD_PROPAGATE_LAYER,130,/model.6/m.4/cv1/act/Sigmoid:OpId_690 (cycles),0,cycles,DSP,yolov8l-modified
76481135061,FORWARD_PROPAGATE_LAYER,131,/model.6/m.4/cv1/act/Mul:OpId_697 (cycles),287313,cycles,DSP,yolov8l-modified
76481135061,FORWARD_PROPAGATE_LAYER,132,/model.6/m.4/cv2/conv/Conv:OpId_704 (cycles),0,cycles,DSP,yolov8l-modified
76481135061,FORWARD_PROPAGATE_LAYER,133,/model.6/m.4/cv2/act/Sigmoid:OpId_707 (cycles),0,cycles,DSP,yolov8l-modified
76481135061,FORWARD_PROPAGATE_LAYER,134,/model.6/m.4/cv2/act/Mul:OpId_714 (cycles),284658,cycles,DSP,yolov8l-modified
76481135061,FORWARD_PROPAGATE_LAYER,135,/model.6/m.4/Add:OpId_716 (cycles),18619,cycles,DSP,yolov8l-modified
76481135061,FORWARD_PROPAGATE_LAYER,136,/model.6/m.5/cv1/conv/Conv:OpId_723 (cycles),0,cycles,DSP,yolov8l-modified
76481135061,FORWARD_PROPAGATE_LAYER,137,/model.6/m.5/cv1/act/Sigmoid:OpId_726 (cycles),0,cycles,DSP,yolov8l-modified
76481135061,FORWARD_PROPAGATE_LAYER,138,/model.6/m.5/cv1/act/Mul:OpId_733 (cycles),298664,cycles,DSP,yolov8l-modified
76481135061,FORWARD_PROPAGATE_LAYER,139,/model.6/m.5/cv2/conv/Conv:OpId_740 (cycles),0,cycles,DSP,yolov8l-modified
76481135061,FORWARD_PROPAGATE_LAYER,140,/model.6/m.5/cv2/act/Sigmoid:OpId_743 (cycles),0,cycles,DSP,yolov8l-modified
76481135061,FORWARD_PROPAGATE_LAYER,141,/model.6/m.5/cv2/act/Mul:OpId_750 (cycles),284003,cycles,DSP,yolov8l-modified
76481135061,FORWARD_PROPAGATE_LAYER,142,/model.6/m.5/Add:OpId_752 (cycles),17357,cycles,DSP,yolov8l-modified
76481135061,FORWARD_PROPAGATE_LAYER,143,/model.6/Concat:OpId_754 (cycles),0,cycles,DSP,yolov8l-modified
76481135061,FORWARD_PROPAGATE_LAYER,144,/model.6/cv2/conv/Conv:OpId_761 (cycles),0,cycles,DSP,yolov8l-modified
76481135061,FORWARD_PROPAGATE_LAYER,145,/model.6/cv2/act/Sigmoid:OpId_764 (cycles),0,cycles,DSP,yolov8l-modified
76481135061,FORWARD_PROPAGATE_LAYER,146,/model.6/cv2/act/Mul:OpId_771 (cycles),549311,cycles,DSP,yolov8l-modified
76481135061,FORWARD_PROPAGATE_LAYER,147,/model.7/conv/Conv:OpId_778 (cycles),0,cycles,DSP,yolov8l-modified
76481135061,FORWARD_PROPAGATE_LAYER,148,/model.7/act/Sigmoid:OpId_781 (cycles),0,cycles,DSP,yolov8l-modified
76481135061,FORWARD_PROPAGATE_LAYER,149,/model.7/act/Mul:OpId_788 (cycles),1003912,cycles,DSP,yolov8l-modified
76481135061,FORWARD_PROPAGATE_LAYER,150,/model.8/cv1/conv/Conv:OpId_795 (cycles),0,cycles,DSP,yolov8l-modified
76481135061,FORWARD_PROPAGATE_LAYER,151,/model.8/cv1/act/Sigmoid:OpId_798 (cycles),0,cycles,DSP,yolov8l-modified
76481135061,FORWARD_PROPAGATE_LAYER,152,/model.8/cv1/act/Mul:OpId_805 (cycles),51917,cycles,DSP,yolov8l-modified
76481135061,FORWARD_PROPAGATE_LAYER,153,/model.8/Slice:OpId_808 (cycles),0,cycles,DSP,yolov8l-modified
76481135061,FORWARD_PROPAGATE_LAYER,154,/model.8/Slice_1:OpId_814 (cycles),0,cycles,DSP,yolov8l-modified
76481135061,FORWARD_PROPAGATE_LAYER,155,/model.8/m.0/cv1/conv/Conv:OpId_824 (cycles),0,cycles,DSP,yolov8l-modified
76481135061,FORWARD_PROPAGATE_LAYER,156,/model.8/m.0/cv1/act/Sigmoid:OpId_827 (cycles),0,cycles,DSP,yolov8l-modified
76481135061,FORWARD_PROPAGATE_LAYER,157,/model.8/m.0/cv1/act/Mul:OpId_834 (cycles),84318,cycles,DSP,yolov8l-modified
76481135061,FORWARD_PROPAGATE_LAYER,158,/model.8/m.0/cv2/conv/Conv:OpId_841 (cycles),0,cycles,DSP,yolov8l-modified
76481135061,FORWARD_PROPAGATE_LAYER,159,/model.8/m.0/cv2/act/Sigmoid:OpId_844 (cycles),0,cycles,DSP,yolov8l-modified
76481135061,FORWARD_PROPAGATE_LAYER,160,/model.8/m.0/cv2/act/Mul:OpId_851 (cycles),78604,cycles,DSP,yolov8l-modified
76481135061,FORWARD_PROPAGATE_LAYER,161,/model.8/m.0/Add:OpId_853 (cycles),4484,cycles,DSP,yolov8l-modified
76481135061,FORWARD_PROPAGATE_LAYER,162,/model.8/m.1/cv1/conv/Conv:OpId_860 (cycles),0,cycles,DSP,yolov8l-modified
76481135061,FORWARD_PROPAGATE_LAYER,163,/model.8/m.1/cv1/act/Sigmoid:OpId_863 (cycles),0,cycles,DSP,yolov8l-modified
76481135061,FORWARD_PROPAGATE_LAYER,164,/model.8/m.1/cv1/act/Mul:OpId_870 (cycles),81379,cycles,DSP,yolov8l-modified
76481135061,FORWARD_PROPAGATE_LAYER,165,/model.8/m.1/cv2/conv/Conv:OpId_877 (cycles),0,cycles,DSP,yolov8l-modified
76481135061,FORWARD_PROPAGATE_LAYER,166,/model.8/m.1/cv2/act/Sigmoid:OpId_880 (cycles),0,cycles,DSP,yolov8l-modified
76481135061,FORWARD_PROPAGATE_LAYER,167,/model.8/m.1/cv2/act/Mul:OpId_887 (cycles),79332,cycles,DSP,yolov8l-modified
76481135061,FORWARD_PROPAGATE_LAYER,168,/model.8/m.1/Add:OpId_889 (cycles),5838,cycles,DSP,yolov8l-modified
76481135061,FORWARD_PROPAGATE_LAYER,169,/model.8/m.2/cv1/conv/Conv:OpId_896 (cycles),0,cycles,DSP,yolov8l-modified
76481135061,FORWARD_PROPAGATE_LAYER,170,/model.8/m.2/cv1/act/Sigmoid:OpId_899 (cycles),0,cycles,DSP,yolov8l-modified
76481135061,FORWARD_PROPAGATE_LAYER,171,/model.8/m.2/cv1/act/Mul:OpId_906 (cycles),81476,cycles,DSP,yolov8l-modified
76481135061,FORWARD_PROPAGATE_LAYER,172,/model.8/m.2/cv2/conv/Conv:OpId_913 (cycles),0,cycles,DSP,yolov8l-modified
76481135061,FORWARD_PROPAGATE_LAYER,173,/model.8/m.2/cv2/act/Sigmoid:OpId_916 (cycles),0,cycles,DSP,yolov8l-modified
76481135061,FORWARD_PROPAGATE_LAYER,174,/model.8/m.2/cv2/act/Mul:OpId_923 (cycles),79350,cycles,DSP,yolov8l-modified
76481135061,FORWARD_PROPAGATE_LAYER,175,/model.8/m.2/Add:OpId_925 (cycles),3967,cycles,DSP,yolov8l-modified
76481135061,FORWARD_PROPAGATE_LAYER,176,/model.8/Concat:OpId_927 (cycles),0,cycles,DSP,yolov8l-modified
76481135061,FORWARD_PROPAGATE_LAYER,177,/model.8/cv2/conv/Conv:OpId_934 (cycles),0,cycles,DSP,yolov8l-modified
76481135061,FORWARD_PROPAGATE_LAYER,178,/model.8/cv2/act/Sigmoid:OpId_937 (cycles),0,cycles,DSP,yolov8l-modified
76481135061,FORWARD_PROPAGATE_LAYER,179,/model.8/cv2/act/Mul:OpId_944 (cycles),98686,cycles,DSP,yolov8l-modified
76481135061,FORWARD_PROPAGATE_LAYER,180,/model.9/cv1/conv/Conv:OpId_951 (cycles),0,cycles,DSP,yolov8l-modified
76481135061,FORWARD_PROPAGATE_LAYER,181,/model.9/cv1/act/Sigmoid:OpId_954 (cycles),0,cycles,DSP,yolov8l-modified
76481135061,FORWARD_PROPAGATE_LAYER,182,/model.9/cv1/act/Mul:OpId_961 (cycles),22872,cycles,DSP,yolov8l-modified
76481135061,FORWARD_PROPAGATE_LAYER,183,/model.9/m/MaxPool:OpId_966 (cycles),233993,cycles,DSP,yolov8l-modified
76481135061,FORWARD_PROPAGATE_LAYER,184,/model.9/m_1/MaxPool:OpId_971 (cycles),194785,cycles,DSP,yolov8l-modified
76481135061,FORWARD_PROPAGATE_LAYER,185,/model.9/m_2/MaxPool:OpId_976 (cycles),194109,cycles,DSP,yolov8l-modified
76481135061,FORWARD_PROPAGATE_LAYER,186,/model.9/Concat:OpId_978 (cycles),0,cycles,DSP,yolov8l-modified
76481135061,FORWARD_PROPAGATE_LAYER,187,/model.9/cv2/conv/Conv:OpId_985 (cycles),0,cycles,DSP,yolov8l-modified
76481135061,FORWARD_PROPAGATE_LAYER,188,/model.9/cv2/act/Sigmoid:OpId_988 (cycles),0,cycles,DSP,yolov8l-modified
76481135061,FORWARD_PROPAGATE_LAYER,189,/model.9/cv2/act/Mul:OpId_995 (cycles),105940,cycles,DSP,yolov8l-modified
76481135061,FORWARD_PROPAGATE_LAYER,190,/model.10/Resize:OpId_997 (cycles),104359,cycles,DSP,yolov8l-modified
76481135061,FORWARD_PROPAGATE_LAYER,191,/model.11/Concat:OpId_1000 (cycles),0,cycles,DSP,yolov8l-modified
76481135061,FORWARD_PROPAGATE_LAYER,192,/model.12/cv1/conv/Conv:OpId_1007 (cycles),0,cycles,DSP,yolov8l-modified
76481135061,FORWARD_PROPAGATE_LAYER,193,/model.12/cv1/act/Sigmoid:OpId_1010 (cycles),0,cycles,DSP,yolov8l-modified
76481135061,FORWARD_PROPAGATE_LAYER,194,/model.12/cv1/act/Mul:OpId_1017 (cycles),266422,cycles,DSP,yolov8l-modified
76481135061,FORWARD_PROPAGATE_LAYER,195,/model.12/Slice:OpId_1020 (cycles),0,cycles,DSP,yolov8l-modified
76481135061,FORWARD_PROPAGATE_LAYER,196,/model.12/Slice_1:OpId_1026 (cycles),0,cycles,DSP,yolov8l-modified
76481135061,FORWARD_PROPAGATE_LAYER,197,/model.12/m.0/cv1/conv/Conv:OpId_1036 (cycles),0,cycles,DSP,yolov8l-modified
76481135061,FORWARD_PROPAGATE_LAYER,198,/model.12/m.0/cv1/act/Sigmoid:OpId_1039 (cycles),0,cycles,DSP,yolov8l-modified
76481135061,FORWARD_PROPAGATE_LAYER,199,/model.12/m.0/cv1/act/Mul:OpId_1046 (cycles),255235,cycles,DSP,yolov8l-modified
76481135061,FORWARD_PROPAGATE_LAYER,200,/model.12/m.0/cv2/conv/Conv:OpId_1053 (cycles),0,cycles,DSP,yolov8l-modified
76481135061,FORWARD_PROPAGATE_LAYER,201,/model.12/m.0/cv2/act/Sigmoid:OpId_1056 (cycles),0,cycles,DSP,yolov8l-modified
76481135061,FORWARD_PROPAGATE_LAYER,202,/model.12/m.0/cv2/act/Mul:OpId_1063 (cycles),255974,cycles,DSP,yolov8l-modified
76481135061,FORWARD_PROPAGATE_LAYER,203,/model.12/m.1/cv1/conv/Conv:OpId_1070 (cycles),0,cycles,DSP,yolov8l-modified
76481135061,FORWARD_PROPAGATE_LAYER,204,/model.12/m.1/cv1/act/Sigmoid:OpId_1073 (cycles),0,cycles,DSP,yolov8l-modified
76481135061,FORWARD_PROPAGATE_LAYER,205,/model.12/m.1/cv1/act/Mul:OpId_1080 (cycles),257241,cycles,DSP,yolov8l-modified
76481135061,FORWARD_PROPAGATE_LAYER,206,/model.12/m.1/cv2/conv/Conv:OpId_1087 (cycles),0,cycles,DSP,yolov8l-modified
76481135061,FORWARD_PROPAGATE_LAYER,207,/model.12/m.1/cv2/act/Sigmoid:OpId_1090 (cycles),0,cycles,DSP,yolov8l-modified
76481135061,FORWARD_PROPAGATE_LAYER,208,/model.12/m.1/cv2/act/Mul:OpId_1097 (cycles),256058,cycles,DSP,yolov8l-modified
76481135061,FORWARD_PROPAGATE_LAYER,209,/model.12/m.2/cv1/conv/Conv:OpId_1104 (cycles),0,cycles,DSP,yolov8l-modified
76481135061,FORWARD_PROPAGATE_LAYER,210,/model.12/m.2/cv1/act/Sigmoid:OpId_1107 (cycles),0,cycles,DSP,yolov8l-modified
76481135061,FORWARD_PROPAGATE_LAYER,211,/model.12/m.2/cv1/act/Mul:OpId_1114 (cycles),255047,cycles,DSP,yolov8l-modified
76481135061,FORWARD_PROPAGATE_LAYER,212,/model.12/m.2/cv2/conv/Conv:OpId_1121 (cycles),0,cycles,DSP,yolov8l-modified
76481135061,FORWARD_PROPAGATE_LAYER,213,/model.12/m.2/cv2/act/Sigmoid:OpId_1124 (cycles),0,cycles,DSP,yolov8l-modified
76481135061,FORWARD_PROPAGATE_LAYER,214,/model.12/m.2/cv2/act/Mul:OpId_1131 (cycles),256630,cycles,DSP,yolov8l-modified
76481135061,FORWARD_PROPAGATE_LAYER,215,/model.12/Concat:OpId_1133 (cycles),0,cycles,DSP,yolov8l-modified
76481135061,FORWARD_PROPAGATE_LAYER,216,/model.12/cv2/conv/Conv:OpId_1140 (cycles),0,cycles,DSP,yolov8l-modified
76481135061,FORWARD_PROPAGATE_LAYER,217,/model.12/cv2/act/Sigmoid:OpId_1143 (cycles),0,cycles,DSP,yolov8l-modified
76481135061,FORWARD_PROPAGATE_LAYER,218,/model.12/cv2/act/Mul:OpId_1150 (cycles),353723,cycles,DSP,yolov8l-modified
76481135061,FORWARD_PROPAGATE_LAYER,219,/model.13/Resize:OpId_1152 (cycles),386153,cycles,DSP,yolov8l-modified
76481135061,FORWARD_PROPAGATE_LAYER,220,/model.14/Concat:OpId_1155 (cycles),0,cycles,DSP,yolov8l-modified
76481135061,FORWARD_PROPAGATE_LAYER,221,/model.15/cv1/conv/Conv:OpId_1162 (cycles),0,cycles,DSP,yolov8l-modified
76481135061,FORWARD_PROPAGATE_LAYER,222,/model.15/cv1/act/Sigmoid:OpId_1165 (cycles),0,cycles,DSP,yolov8l-modified
76481135061,FORWARD_PROPAGATE_LAYER,223,/model.15/cv1/act/Mul:OpId_1172 (cycles),426839,cycles,DSP,yolov8l-modified
76481135061,FORWARD_PROPAGATE_LAYER,224,/model.15/Slice:OpId_1175 (cycles),0,cycles,DSP,yolov8l-modified
76481135061,FORWARD_PROPAGATE_LAYER,225,/model.15/Slice_1:OpId_1181 (cycles),0,cycles,DSP,yolov8l-modified
76481135061,FORWARD_PROPAGATE_LAYER,226,/model.15/m.0/cv1/conv/Conv:OpId_1191 (cycles),0,cycles,DSP,yolov8l-modified
76481135061,FORWARD_PROPAGATE_LAYER,227,/model.15/m.0/cv1/act/Sigmoid:OpId_1194 (cycles),0,cycles,DSP,yolov8l-modified
76481135061,FORWARD_PROPAGATE_LAYER,228,/model.15/m.0/cv1/act/Mul:OpId_1201 (cycles),289200,cycles,DSP,yolov8l-modified
76481135061,FORWARD_PROPAGATE_LAYER,229,/model.15/m.0/cv2/conv/Conv:OpId_1208 (cycles),0,cycles,DSP,yolov8l-modified
76481135061,FORWARD_PROPAGATE_LAYER,230,/model.15/m.0/cv2/act/Sigmoid:OpId_1211 (cycles),0,cycles,DSP,yolov8l-modified
76481135061,FORWARD_PROPAGATE_LAYER,231,/model.15/m.0/cv2/act/Mul:OpId_1218 (cycles),278026,cycles,DSP,yolov8l-modified
76481135061,FORWARD_PROPAGATE_LAYER,232,/model.15/m.1/cv1/conv/Conv:OpId_1225 (cycles),0,cycles,DSP,yolov8l-modified
76481135061,FORWARD_PROPAGATE_LAYER,233,/model.15/m.1/cv1/act/Sigmoid:OpId_1228 (cycles),0,cycles,DSP,yolov8l-modified
76481135061,FORWARD_PROPAGATE_LAYER,234,/model.15/m.1/cv1/act/Mul:OpId_1235 (cycles),279019,cycles,DSP,yolov8l-modified
76481135061,FORWARD_PROPAGATE_LAYER,235,/model.15/m.1/cv2/conv/Conv:OpId_1242 (cycles),0,cycles,DSP,yolov8l-modified
76481135061,FORWARD_PROPAGATE_LAYER,236,/model.15/m.1/cv2/act/Sigmoid:OpId_1245 (cycles),0,cycles,DSP,yolov8l-modified
76481135061,FORWARD_PROPAGATE_LAYER,237,/model.15/m.1/cv2/act/Mul:OpId_1252 (cycles),274953,cycles,DSP,yolov8l-modified
76481135061,FORWARD_PROPAGATE_LAYER,238,/model.15/m.2/cv1/conv/Conv:OpId_1259 (cycles),0,cycles,DSP,yolov8l-modified
76481135061,FORWARD_PROPAGATE_LAYER,239,/model.15/m.2/cv1/act/Sigmoid:OpId_1262 (cycles),0,cycles,DSP,yolov8l-modified
76481135061,FORWARD_PROPAGATE_LAYER,240,/model.15/m.2/cv1/act/Mul:OpId_1269 (cycles),276943,cycles,DSP,yolov8l-modified
76481135061,FORWARD_PROPAGATE_LAYER,241,/model.15/m.2/cv2/conv/Conv:OpId_1276 (cycles),0,cycles,DSP,yolov8l-modified
76481135061,FORWARD_PROPAGATE_LAYER,242,/model.15/m.2/cv2/act/Sigmoid:OpId_1279 (cycles),0,cycles,DSP,yolov8l-modified
76481135061,FORWARD_PROPAGATE_LAYER,243,/model.15/m.2/cv2/act/Mul:OpId_1286 (cycles),276613,cycles,DSP,yolov8l-modified
76481135061,FORWARD_PROPAGATE_LAYER,244,/model.15/Concat:OpId_1288 (cycles),0,cycles,DSP,yolov8l-modified
76481135061,FORWARD_PROPAGATE_LAYER,245,/model.15/cv2/conv/Conv:OpId_1295 (cycles),0,cycles,DSP,yolov8l-modified
76481135061,FORWARD_PROPAGATE_LAYER,246,/model.15/cv2/act/Sigmoid:OpId_1298 (cycles),0,cycles,DSP,yolov8l-modified
76481135061,FORWARD_PROPAGATE_LAYER,247,/model.15/cv2/act/Mul:OpId_1305 (cycles),433578,cycles,DSP,yolov8l-modified
76481135061,FORWARD_PROPAGATE_LAYER,248,/model.16/conv/Conv:OpId_1312 (cycles),0,cycles,DSP,yolov8l-modified
76481135061,FORWARD_PROPAGATE_LAYER,249,/model.16/act/Sigmoid:OpId_1315 (cycles),0,cycles,DSP,yolov8l-modified
76481135061,FORWARD_PROPAGATE_LAYER,250,/model.16/act/Mul:OpId_1322 (cycles),714547,cycles,DSP,yolov8l-modified
76481135061,FORWARD_PROPAGATE_LAYER,251,/model.17/Concat:OpId_1324 (cycles),0,cycles,DSP,yolov8l-modified
76481135061,FORWARD_PROPAGATE_LAYER,252,/model.18/cv1/conv/Conv:OpId_1331 (cycles),0,cycles,DSP,yolov8l-modified
76481135061,FORWARD_PROPAGATE_LAYER,253,/model.18/cv1/act/Sigmoid:OpId_1334 (cycles),0,cycles,DSP,yolov8l-modified
76481135061,FORWARD_PROPAGATE_LAYER,254,/model.18/cv1/act/Mul:OpId_1341 (cycles),204583,cycles,DSP,yolov8l-modified
76481135061,FORWARD_PROPAGATE_LAYER,255,/model.18/Slice:OpId_1344 (cycles),0,cycles,DSP,yolov8l-modified
76481135061,FORWARD_PROPAGATE_LAYER,256,/model.18/Slice_1:OpId_1350 (cycles),0,cycles,DSP,yolov8l-modified
76481135061,FORWARD_PROPAGATE_LAYER,257,/model.18/m.0/cv1/conv/Conv:OpId_1360 (cycles),0,cycles,DSP,yolov8l-modified
76481135061,FORWARD_PROPAGATE_LAYER,258,/model.18/m.0/cv1/act/Sigmoid:OpId_1363 (cycles),0,cycles,DSP,yolov8l-modified
76481135061,FORWARD_PROPAGATE_LAYER,259,/model.18/m.0/cv1/act/Mul:OpId_1370 (cycles),261913,cycles,DSP,yolov8l-modified
76481135061,FORWARD_PROPAGATE_LAYER,260,/model.18/m.0/cv2/conv/Conv:OpId_1377 (cycles),0,cycles,DSP,yolov8l-modified
76481135061,FORWARD_PROPAGATE_LAYER,261,/model.18/m.0/cv2/act/Sigmoid:OpId_1380 (cycles),0,cycles,DSP,yolov8l-modified
76481135061,FORWARD_PROPAGATE_LAYER,262,/model.18/m.0/cv2/act/Mul:OpId_1387 (cycles),256353,cycles,DSP,yolov8l-modified
76481135061,FORWARD_PROPAGATE_LAYER,263,/model.18/m.1/cv1/conv/Conv:OpId_1394 (cycles),0,cycles,DSP,yolov8l-modified
76481135061,FORWARD_PROPAGATE_LAYER,264,/model.18/m.1/cv1/act/Sigmoid:OpId_1397 (cycles),0,cycles,DSP,yolov8l-modified
76481135061,FORWARD_PROPAGATE_LAYER,265,/model.18/m.1/cv1/act/Mul:OpId_1404 (cycles),257608,cycles,DSP,yolov8l-modified
76481135061,FORWARD_PROPAGATE_LAYER,266,/model.18/m.1/cv2/conv/Conv:OpId_1411 (cycles),0,cycles,DSP,yolov8l-modified
76481135061,FORWARD_PROPAGATE_LAYER,267,/model.18/m.1/cv2/act/Sigmoid:OpId_1414 (cycles),0,cycles,DSP,yolov8l-modified
76481135061,FORWARD_PROPAGATE_LAYER,268,/model.18/m.1/cv2/act/Mul:OpId_1421 (cycles),256258,cycles,DSP,yolov8l-modified
76481135061,FORWARD_PROPAGATE_LAYER,269,/model.18/m.2/cv1/conv/Conv:OpId_1428 (cycles),0,cycles,DSP,yolov8l-modified
76481135061,FORWARD_PROPAGATE_LAYER,270,/model.18/m.2/cv1/act/Sigmoid:OpId_1431 (cycles),0,cycles,DSP,yolov8l-modified
76481135061,FORWARD_PROPAGATE_LAYER,271,/model.18/m.2/cv1/act/Mul:OpId_1438 (cycles),254585,cycles,DSP,yolov8l-modified
76481135061,FORWARD_PROPAGATE_LAYER,272,/model.18/m.2/cv2/conv/Conv:OpId_1445 (cycles),0,cycles,DSP,yolov8l-modified
76481135061,FORWARD_PROPAGATE_LAYER,273,/model.18/m.2/cv2/act/Sigmoid:OpId_1448 (cycles),0,cycles,DSP,yolov8l-modified
76481135061,FORWARD_PROPAGATE_LAYER,274,/model.18/m.2/cv2/act/Mul:OpId_1455 (cycles),256183,cycles,DSP,yolov8l-modified
76481135061,FORWARD_PROPAGATE_LAYER,275,/model.18/Concat:OpId_1457 (cycles),0,cycles,DSP,yolov8l-modified
76481135061,FORWARD_PROPAGATE_LAYER,276,/model.18/cv2/conv/Conv:OpId_1464 (cycles),0,cycles,DSP,yolov8l-modified
76481135061,FORWARD_PROPAGATE_LAYER,277,/model.18/cv2/act/Sigmoid:OpId_1467 (cycles),0,cycles,DSP,yolov8l-modified
76481135061,FORWARD_PROPAGATE_LAYER,278,/model.18/cv2/act/Mul:OpId_1474 (cycles),319763,cycles,DSP,yolov8l-modified
76481135061,FORWARD_PROPAGATE_LAYER,279,/model.19/conv/Conv:OpId_1481 (cycles),0,cycles,DSP,yolov8l-modified
76481135061,FORWARD_PROPAGATE_LAYER,280,/model.19/act/Sigmoid:OpId_1484 (cycles),0,cycles,DSP,yolov8l-modified
76481135061,FORWARD_PROPAGATE_LAYER,281,/model.19/act/Mul:OpId_1491 (cycles),948738,cycles,DSP,yolov8l-modified
76481135061,FORWARD_PROPAGATE_LAYER,282,/model.20/Concat:OpId_1493 (cycles),0,cycles,DSP,yolov8l-modified
76481135061,FORWARD_PROPAGATE_LAYER,283,/model.21/cv1/conv/Conv:OpId_1500 (cycles),0,cycles,DSP,yolov8l-modified
76481135061,FORWARD_PROPAGATE_LAYER,284,/model.21/cv1/act/Sigmoid:OpId_1503 (cycles),0,cycles,DSP,yolov8l-modified
76481135061,FORWARD_PROPAGATE_LAYER,285,/model.21/cv1/act/Mul:OpId_1510 (cycles),86687,cycles,DSP,yolov8l-modified
76481135061,FORWARD_PROPAGATE_LAYER,286,/model.21/Slice:OpId_1513 (cycles),0,cycles,DSP,yolov8l-modified
76481135061,FORWARD_PROPAGATE_LAYER,287,/model.21/Slice_1:OpId_1519 (cycles),0,cycles,DSP,yolov8l-modified
76481135061,FORWARD_PROPAGATE_LAYER,288,/model.21/m.0/cv1/conv/Conv:OpId_1529 (cycles),0,cycles,DSP,yolov8l-modified
76481135061,FORWARD_PROPAGATE_LAYER,289,/model.21/m.0/cv1/act/Sigmoid:OpId_1532 (cycles),0,cycles,DSP,yolov8l-modified
76481135061,FORWARD_PROPAGATE_LAYER,290,/model.21/m.0/cv1/act/Mul:OpId_1539 (cycles),81756,cycles,DSP,yolov8l-modified
76481135061,FORWARD_PROPAGATE_LAYER,291,/model.21/m.0/cv2/conv/Conv:OpId_1546 (cycles),0,cycles,DSP,yolov8l-modified
76481135061,FORWARD_PROPAGATE_LAYER,292,/model.21/m.0/cv2/act/Sigmoid:OpId_1549 (cycles),0,cycles,DSP,yolov8l-modified
76481135061,FORWARD_PROPAGATE_LAYER,293,/model.21/m.0/cv2/act/Mul:OpId_1556 (cycles),79610,cycles,DSP,yolov8l-modified
76481135061,FORWARD_PROPAGATE_LAYER,294,/model.21/m.1/cv1/conv/Conv:OpId_1563 (cycles),0,cycles,DSP,yolov8l-modified
76481135061,FORWARD_PROPAGATE_LAYER,295,/model.21/m.1/cv1/act/Sigmoid:OpId_1566 (cycles),0,cycles,DSP,yolov8l-modified
76481135061,FORWARD_PROPAGATE_LAYER,296,/model.21/m.1/cv1/act/Mul:OpId_1573 (cycles),80661,cycles,DSP,yolov8l-modified
76481135061,FORWARD_PROPAGATE_LAYER,297,/model.21/m.1/cv2/conv/Conv:OpId_1580 (cycles),0,cycles,DSP,yolov8l-modified
76481135061,FORWARD_PROPAGATE_LAYER,298,/model.21/m.1/cv2/act/Sigmoid:OpId_1583 (cycles),0,cycles,DSP,yolov8l-modified
76481135061,FORWARD_PROPAGATE_LAYER,299,/model.21/m.1/cv2/act/Mul:OpId_1590 (cycles),79678,cycles,DSP,yolov8l-modified
76481135061,FORWARD_PROPAGATE_LAYER,300,/model.21/m.2/cv1/conv/Conv:OpId_1597 (cycles),0,cycles,DSP,yolov8l-modified
76481135061,FORWARD_PROPAGATE_LAYER,301,/model.21/m.2/cv1/act/Sigmoid:OpId_1600 (cycles),0,cycles,DSP,yolov8l-modified
76481135061,FORWARD_PROPAGATE_LAYER,302,/model.21/m.2/cv1/act/Mul:OpId_1607 (cycles),80394,cycles,DSP,yolov8l-modified
76481135061,FORWARD_PROPAGATE_LAYER,303,/model.21/m.2/cv2/conv/Conv:OpId_1614 (cycles),0,cycles,DSP,yolov8l-modified
76481135061,FORWARD_PROPAGATE_LAYER,304,/model.21/m.2/cv2/act/Sigmoid:OpId_1617 (cycles),0,cycles,DSP,yolov8l-modified
76481135061,FORWARD_PROPAGATE_LAYER,305,/model.21/m.2/cv2/act/Mul:OpId_1624 (cycles),78966,cycles,DSP,yolov8l-modified
76481135061,FORWARD_PROPAGATE_LAYER,306,/model.21/Concat:OpId_1626 (cycles),0,cycles,DSP,yolov8l-modified
76481135061,FORWARD_PROPAGATE_LAYER,307,/model.21/cv2/conv/Conv:OpId_1633 (cycles),0,cycles,DSP,yolov8l-modified
76481135061,FORWARD_PROPAGATE_LAYER,308,/model.21/cv2/act/Sigmoid:OpId_1636 (cycles),0,cycles,DSP,yolov8l-modified
76481135061,FORWARD_PROPAGATE_LAYER,309,/model.21/cv2/act/Mul:OpId_1643 (cycles),100360,cycles,DSP,yolov8l-modified
76481135061,FORWARD_PROPAGATE_LAYER,310,/model.22/cv2.0/cv2.0.0/conv/Conv:OpId_1650 (cycles),0,cycles,DSP,yolov8l-modified
76481135061,FORWARD_PROPAGATE_LAYER,311,/model.22/cv2.0/cv2.0.0/act/Sigmoid:OpId_1653 (cycles),0,cycles,DSP,yolov8l-modified
76481135061,FORWARD_PROPAGATE_LAYER,312,/model.22/cv2.0/cv2.0.0/act/Mul:OpId_1660 (cycles),254714,cycles,DSP,yolov8l-modified
76481135061,FORWARD_PROPAGATE_LAYER,313,/model.22/cv2.0/cv2.0.1/conv/Conv:OpId_1667 (cycles),0,cycles,DSP,yolov8l-modified
76481135061,FORWARD_PROPAGATE_LAYER,314,/model.22/cv2.0/cv2.0.1/act/Sigmoid:OpId_1670 (cycles),0,cycles,DSP,yolov8l-modified
76481135061,FORWARD_PROPAGATE_LAYER,315,/model.22/cv2.0/cv2.0.1/act/Mul:OpId_1677 (cycles),80948,cycles,DSP,yolov8l-modified
76481135061,FORWARD_PROPAGATE_LAYER,316,/model.22/cv2.0/cv2.0.2/Conv:OpId_1684 (cycles),10598,cycles,DSP,yolov8l-modified
76481135061,FORWARD_PROPAGATE_LAYER,317,/model.22/cv2.0/cv2.0.2/Conv_output_0.nchw:OpId_1688 (cycles),207252,cycles,DSP,yolov8l-modified
76481135061,FORWARD_PROPAGATE_LAYER,318,/model.22/Reshape:OpId_1689 (cycles),370531,cycles,DSP,yolov8l-modified
76481135061,FORWARD_PROPAGATE_LAYER,319,/model.22/Transpose:OpId_1691 (cycles),325853,cycles,DSP,yolov8l-modified
76481135061,FORWARD_PROPAGATE_LAYER,320,/model.22/Softmax:OpId_1692 (cycles),1829619,cycles,DSP,yolov8l-modified
76481135061,FORWARD_PROPAGATE_LAYER,321,/model.22/Transpose_1:OpId_1696 (cycles),107703,cycles,DSP,yolov8l-modified
76481135061,FORWARD_PROPAGATE_LAYER,322,/model.22/proj_conv/Conv:OpId_1702 (cycles),185366,cycles,DSP,yolov8l-modified
76481135061,FORWARD_PROPAGATE_LAYER,323,/model.22/Gather_output_0_pre_reshape.nchw:OpId_1706 (cycles),0,cycles,DSP,yolov8l-modified
76481135061,FORWARD_PROPAGATE_LAYER,324,Reshape_post_/model.22/Gather:OpId_1707 (cycles),157986,cycles,DSP,yolov8l-modified
76481135061,FORWARD_PROPAGATE_LAYER,325,/model.22/Reshape_1_output_0.nhwc:OpId_1709 (cycles),29706,cycles,DSP,yolov8l-modified
76481135061,FORWARD_PROPAGATE_LAYER,326,/model.22/cv3.0/cv3.0.0/conv/Conv:OpId_1715 (cycles),0,cycles,DSP,yolov8l-modified
76481135061,FORWARD_PROPAGATE_LAYER,327,/model.22/cv3.0/cv3.0.0/act/Sigmoid:OpId_1718 (cycles),0,cycles,DSP,yolov8l-modified
76481135061,FORWARD_PROPAGATE_LAYER,328,/model.22/cv3.0/cv3.0.0/act/Mul:OpId_1725 (cycles),1015888,cycles,DSP,yolov8l-modified
76481135061,FORWARD_PROPAGATE_LAYER,329,/model.22/cv3.0/cv3.0.1/conv/Conv:OpId_1732 (cycles),0,cycles,DSP,yolov8l-modified
76481135061,FORWARD_PROPAGATE_LAYER,330,/model.22/cv3.0/cv3.0.1/act/Sigmoid:OpId_1735 (cycles),0,cycles,DSP,yolov8l-modified
76481135061,FORWARD_PROPAGATE_LAYER,331,/model.22/cv3.0/cv3.0.1/act/Mul:OpId_1742 (cycles),1029923,cycles,DSP,yolov8l-modified
76481135061,FORWARD_PROPAGATE_LAYER,332,/model.22/cv3.0/cv3.0.2/Conv:OpId_1749 (cycles),0,cycles,DSP,yolov8l-modified
76481135061,FORWARD_PROPAGATE_LAYER,333,/model.22/Sigmoid:OpId_1752 (cycles),72872,cycles,DSP,yolov8l-modified
76481135061,FORWARD_PROPAGATE_LAYER,334,/model.22/ReduceMax:OpId_1760 (cycles),436906,cycles,DSP,yolov8l-modified
76481135061,FORWARD_PROPAGATE_LAYER,335,/model.22/Concat:OpId_1762 (cycles),91818,cycles,DSP,yolov8l-modified
76481135061,FORWARD_PROPAGATE_LAYER,336,/model.22/cv2.1/cv2.1.0/conv/Conv:OpId_1769 (cycles),0,cycles,DSP,yolov8l-modified
76481135061,FORWARD_PROPAGATE_LAYER,337,/model.22/cv2.1/cv2.1.0/act/Sigmoid:OpId_1772 (cycles),0,cycles,DSP,yolov8l-modified
76481135061,FORWARD_PROPAGATE_LAYER,338,/model.22/cv2.1/cv2.1.0/act/Mul:OpId_1779 (cycles),122729,cycles,DSP,yolov8l-modified
76481135061,FORWARD_PROPAGATE_LAYER,339,/model.22/cv2.1/cv2.1.1/conv/Conv:OpId_1786 (cycles),0,cycles,DSP,yolov8l-modified
76481135061,FORWARD_PROPAGATE_LAYER,340,/model.22/cv2.1/cv2.1.1/act/Sigmoid:OpId_1789 (cycles),0,cycles,DSP,yolov8l-modified
76481135061,FORWARD_PROPAGATE_LAYER,341,/model.22/cv2.1/cv2.1.1/act/Mul:OpId_1796 (cycles),21777,cycles,DSP,yolov8l-modified
76481135061,FORWARD_PROPAGATE_LAYER,342,/model.22/cv2.1/cv2.1.2/Conv:OpId_1803 (cycles),4285,cycles,DSP,yolov8l-modified
76481135061,FORWARD_PROPAGATE_LAYER,343,/model.22/cv2.1/cv2.1.2/Conv_output_0.nchw:OpId_1807 (cycles),270276,cycles,DSP,yolov8l-modified
76481135061,FORWARD_PROPAGATE_LAYER,344,/model.22/Reshape_2:OpId_1808 (cycles),3798,cycles,DSP,yolov8l-modified
76481135061,FORWARD_PROPAGATE_LAYER,345,/model.22/Transpose_2:OpId_1810 (cycles),95172,cycles,DSP,yolov8l-modified
76481135061,FORWARD_PROPAGATE_LAYER,346,/model.22/Softmax_1:OpId_1811 (cycles),528711,cycles,DSP,yolov8l-modified
76481135061,FORWARD_PROPAGATE_LAYER,347,/model.22/Transpose_3:OpId_1815 (cycles),31202,cycles,DSP,yolov8l-modified
76481135061,FORWARD_PROPAGATE_LAYER,348,/model.22/proj_conv_1/Conv:OpId_1820 (cycles),6365,cycles,DSP,yolov8l-modified
76481135061,FORWARD_PROPAGATE_LAYER,349,/model.22/Gather_1_output_0_pre_reshape.nchw:OpId_1824 (cycles),0,cycles,DSP,yolov8l-modified
76481135061,FORWARD_PROPAGATE_LAYER,350,Reshape_post_/model.22/Gather_1:OpId_1825 (cycles),36572,cycles,DSP,yolov8l-modified
76481135061,FORWARD_PROPAGATE_LAYER,351,/model.22/Reshape_3_output_0.nhwc:OpId_1827 (cycles),6536,cycles,DSP,yolov8l-modified
76481135061,FORWARD_PROPAGATE_LAYER,352,/model.22/cv3.1/cv3.1.0/conv/Conv:OpId_1833 (cycles),0,cycles,DSP,yolov8l-modified
76481135061,FORWARD_PROPAGATE_LAYER,353,/model.22/cv3.1/cv3.1.0/act/Sigmoid:OpId_1836 (cycles),0,cycles,DSP,yolov8l-modified
76481135061,FORWARD_PROPAGATE_LAYER,354,/model.22/cv3.1/cv3.1.0/act/Mul:OpId_1843 (cycles),487231,cycles,DSP,yolov8l-modified
76481135061,FORWARD_PROPAGATE_LAYER,355,/model.22/cv3.1/cv3.1.1/conv/Conv:OpId_1850 (cycles),0,cycles,DSP,yolov8l-modified
76481135061,FORWARD_PROPAGATE_LAYER,356,/model.22/cv3.1/cv3.1.1/act/Sigmoid:OpId_1853 (cycles),0,cycles,DSP,yolov8l-modified
76481135061,FORWARD_PROPAGATE_LAYER,357,/model.22/cv3.1/cv3.1.1/act/Mul:OpId_1860 (cycles),258351,cycles,DSP,yolov8l-modified
76481135061,FORWARD_PROPAGATE_LAYER,358,/model.22/cv3.1/cv3.1.2/Conv:OpId_1867 (cycles),0,cycles,DSP,yolov8l-modified
76481135061,FORWARD_PROPAGATE_LAYER,359,/model.22/Sigmoid_1:OpId_1870 (cycles),22607,cycles,DSP,yolov8l-modified
76481135061,FORWARD_PROPAGATE_LAYER,360,/model.22/ReduceMax_1:OpId_1878 (cycles),102436,cycles,DSP,yolov8l-modified
76481135061,FORWARD_PROPAGATE_LAYER,361,/model.22/Concat_1:OpId_1880 (cycles),25349,cycles,DSP,yolov8l-modified
76481135061,FORWARD_PROPAGATE_LAYER,362,/model.22/cv2.2/cv2.2.0/conv/Conv:OpId_1887 (cycles),0,cycles,DSP,yolov8l-modified
76481135061,FORWARD_PROPAGATE_LAYER,363,/model.22/cv2.2/cv2.2.0/act/Sigmoid:OpId_1890 (cycles),0,cycles,DSP,yolov8l-modified
76481135061,FORWARD_PROPAGATE_LAYER,364,/model.22/cv2.2/cv2.2.0/act/Mul:OpId_1897 (cycles),39996,cycles,DSP,yolov8l-modified
76481135061,FORWARD_PROPAGATE_LAYER,365,/model.22/cv2.2/cv2.2.1/conv/Conv:OpId_1904 (cycles),0,cycles,DSP,yolov8l-modified
76481135061,FORWARD_PROPAGATE_LAYER,366,/model.22/cv2.2/cv2.2.1/act/Sigmoid:OpId_1907 (cycles),0,cycles,DSP,yolov8l-modified
76481135061,FORWARD_PROPAGATE_LAYER,367,/model.22/cv2.2/cv2.2.1/act/Mul:OpId_1914 (cycles),7298,cycles,DSP,yolov8l-modified
76481135061,FORWARD_PROPAGATE_LAYER,368,/model.22/cv2.2/cv2.2.2/Conv:OpId_1921 (cycles),1859,cycles,DSP,yolov8l-modified
76481135061,FORWARD_PROPAGATE_LAYER,369,/model.22/cv2.2/cv2.2.2/Conv_output_0.nchw:OpId_1925 (cycles),22862,cycles,DSP,yolov8l-modified
76481135061,FORWARD_PROPAGATE_LAYER,370,/model.22/Reshape_4:OpId_1926 (cycles),17662,cycles,DSP,yolov8l-modified
76481135061,FORWARD_PROPAGATE_LAYER,371,/model.22/Transpose_4:OpId_1928 (cycles),24643,cycles,DSP,yolov8l-modified
76481135061,FORWARD_PROPAGATE_LAYER,372,/model.22/Softmax_2:OpId_1929 (cycles),117164,cycles,DSP,yolov8l-modified
76481135061,FORWARD_PROPAGATE_LAYER,373,/model.22/Transpose_5:OpId_1933 (cycles),7304,cycles,DSP,yolov8l-modified
76481135061,FORWARD_PROPAGATE_LAYER,374,/model.22/proj_conv_2/Conv:OpId_1938 (cycles),1432,cycles,DSP,yolov8l-modified
76481135061,FORWARD_PROPAGATE_LAYER,375,/model.22/Gather_2_output_0_pre_reshape.nchw:OpId_1942 (cycles),0,cycles,DSP,yolov8l-modified
76481135061,FORWARD_PROPAGATE_LAYER,376,Reshape_post_/model.22/Gather_2:OpId_1943 (cycles),8166,cycles,DSP,yolov8l-modified
76481135061,FORWARD_PROPAGATE_LAYER,377,/model.22/Reshape_5_output_0.nhwc:OpId_1945 (cycles),2829,cycles,DSP,yolov8l-modified
76481135061,FORWARD_PROPAGATE_LAYER,378,/model.22/cv3.2/cv3.2.0/conv/Conv:OpId_1951 (cycles),0,cycles,DSP,yolov8l-modified
76481135061,FORWARD_PROPAGATE_LAYER,379,/model.22/cv3.2/cv3.2.0/act/Sigmoid:OpId_1954 (cycles),0,cycles,DSP,yolov8l-modified
76481135061,FORWARD_PROPAGATE_LAYER,380,/model.22/cv3.2/cv3.2.0/act/Mul:OpId_1961 (cycles),146688,cycles,DSP,yolov8l-modified
76481135061,FORWARD_PROPAGATE_LAYER,381,/model.22/cv3.2/cv3.2.1/conv/Conv:OpId_1968 (cycles),0,cycles,DSP,yolov8l-modified
76481135061,FORWARD_PROPAGATE_LAYER,382,/model.22/cv3.2/cv3.2.1/act/Sigmoid:OpId_1971 (cycles),0,cycles,DSP,yolov8l-modified
76481135061,FORWARD_PROPAGATE_LAYER,383,/model.22/cv3.2/cv3.2.1/act/Mul:OpId_1978 (cycles),78563,cycles,DSP,yolov8l-modified
76481135061,FORWARD_PROPAGATE_LAYER,384,/model.22/cv3.2/cv3.2.2/Conv:OpId_1985 (cycles),0,cycles,DSP,yolov8l-modified
76481135061,FORWARD_PROPAGATE_LAYER,385,/model.22/Sigmoid_2:OpId_1988 (cycles),8823,cycles,DSP,yolov8l-modified
76481135061,FORWARD_PROPAGATE_LAYER,386,/model.22/ReduceMax_2:OpId_1996 (cycles),26342,cycles,DSP,yolov8l-modified
76481135061,FORWARD_PROPAGATE_LAYER,387,/model.22/Concat_2:OpId_1998 (cycles),8997,cycles,DSP,yolov8l-modified
76481135061,FORWARD_PROPAGATE_LAYER,388,Output OpId_3 (cycles),760003,cycles,DSP,yolov8l-modified
76481135061,EXECUTE_TIME_SUBNET_0,,,49152953,cycles,DSP,yolov8l-modified
76481135061,TOTAL_INFERENCE_TIME,,,45988,us,,yolov8l-modified
76481135061,FORWARD_PROPAGATE,,,45956,us,,yolov8l-modified
76481135061,FORWARD_PROPAGATE_LAYER,0,Input OpId_2 (cycles),0,cycles,DSP,yolov8l-modified
76481135061,FORWARD_PROPAGATE_LAYER,1,split_images:OpId_17 (cycles),4093768,cycles,DSP,yolov8l-modified
76481135061,FORWARD_PROPAGATE_LAYER,2,concat_images:OpId_19 (cycles),2791250,cycles,DSP,yolov8l-modified
76481135061,FORWARD_PROPAGATE_LAYER,3,/model.0/conv/Conv:OpId_26 (cycles),0,cycles,DSP,yolov8l-modified
76481135061,FORWARD_PROPAGATE_LAYER,4,/model.0/act/Sigmoid:OpId_29 (cycles),0,cycles,DSP,yolov8l-modified
76481135061,FORWARD_PROPAGATE_LAYER,5,/model.0/act/Mul:OpId_36 (cycles),4289625,cycles,DSP,yolov8l-modified
76481135061,FORWARD_PROPAGATE_LAYER,6,/model.1/conv/Conv:OpId_43 (cycles),0,cycles,DSP,yolov8l-modified
76481135061,FORWARD_PROPAGATE_LAYER,7,/model.1/act/Sigmoid:OpId_46 (cycles),0,cycles,DSP,yolov8l-modified
76481135061,FORWARD_PROPAGATE_LAYER,8,/model.1/act/Mul:OpId_53 (cycles),2245408,cycles,DSP,yolov8l-modified
76481135061,FORWARD_PROPAGATE_LAYER,9,/model.2/cv1/conv/Conv:OpId_60 (cycles),0,cycles,DSP,yolov8l-modified
76481135061,FORWARD_PROPAGATE_LAYER,10,/model.2/cv1/act/Sigmoid:OpId_63 (cycles),0,cycles,DSP,yolov8l-modified
76481135061,FORWARD_PROPAGATE_LAYER,11,/model.2/cv1/act/Mul:OpId_70 (cycles),326703,cycles,DSP,yolov8l-modified
76481135061,FORWARD_PROPAGATE_LAYER,12,/model.2/Slice:OpId_73 (cycles),0,cycles,DSP,yolov8l-modified
76481135061,FORWARD_PROPAGATE_LAYER,13,/model.2/Slice_1:OpId_79 (cycles),0,cycles,DSP,yolov8l-modified
76481135061,FORWARD_PROPAGATE_LAYER,14,/model.2/m.0/cv1/conv/Conv:OpId_89 (cycles),0,cycles,DSP,yolov8l-modified
76481135061,FORWARD_PROPAGATE_LAYER,15,/model.2/m.0/cv1/act/Sigmoid:OpId_92 (cycles),0,cycles,DSP,yolov8l-modified
76481135061,FORWARD_PROPAGATE_LAYER,16,/model.2/m.0/cv1/act/Mul:OpId_99 (cycles),327961,cycles,DSP,yolov8l-modified
76481135061,FORWARD_PROPAGATE_LAYER,17,/model.2/m.0/cv2/conv/Conv:OpId_106 (cycles),0,cycles,DSP,yolov8l-modified
76481135061,FORWARD_PROPAGATE_LAYER,18,/model.2/m.0/cv2/act/Sigmoid:OpId_109 (cycles),0,cycles,DSP,yolov8l-modified
76481135061,FORWARD_PROPAGATE_LAYER,19,/model.2/m.0/cv2/act/Mul:OpId_116 (cycles),318651,cycles,DSP,yolov8l-modified
76481135061,FORWARD_PROPAGATE_LAYER,20,/model.2/m.0/Add:OpId_118 (cycles),39386,cycles,DSP,yolov8l-modified
76481135061,FORWARD_PROPAGATE_LAYER,21,/model.2/m.1/cv1/conv/Conv:OpId_125 (cycles),0,cycles,DSP,yolov8l-modified
76481135061,FORWARD_PROPAGATE_LAYER,22,/model.2/m.1/cv1/act/Sigmoid:OpId_128 (cycles),0,cycles,DSP,yolov8l-modified
76481135061,FORWARD_PROPAGATE_LAYER,23,/model.2/m.1/cv1/act/Mul:OpId_135 (cycles),320206,cycles,DSP,yolov8l-modified
76481135061,FORWARD_PROPAGATE_LAYER,24,/model.2/m.1/cv2/conv/Conv:OpId_142 (cycles),0,cycles,DSP,yolov8l-modified
76481135061,FORWARD_PROPAGATE_LAYER,25,/model.2/m.1/cv2/act/Sigmoid:OpId_145 (cycles),0,cycles,DSP,yolov8l-modified
76481135061,FORWARD_PROPAGATE_LAYER,26,/model.2/m.1/cv2/act/Mul:OpId_152 (cycles),324168,cycles,DSP,yolov8l-modified
76481135061,FORWARD_PROPAGATE_LAYER,27,/model.2/m.1/Add:OpId_154 (cycles),32838,cycles,DSP,yolov8l-modified
76481135061,FORWARD_PROPAGATE_LAYER,28,/model.2/m.2/cv1/conv/Conv:OpId_161 (cycles),0,cycles,DSP,yolov8l-modified
76481135061,FORWARD_PROPAGATE_LAYER,29,/model.2/m.2/cv1/act/Sigmoid:OpId_164 (cycles),0,cycles,DSP,yolov8l-modified
76481135061,FORWARD_PROPAGATE_LAYER,30,/model.2/m.2/cv1/act/Mul:OpId_171 (cycles),321837,cycles,DSP,yolov8l-modified
76481135061,FORWARD_PROPAGATE_LAYER,31,/model.2/m.2/cv2/conv/Conv:OpId_178 (cycles),0,cycles,DSP,yolov8l-modified
76481135061,FORWARD_PROPAGATE_LAYER,32,/model.2/m.2/cv2/act/Sigmoid:OpId_181 (cycles),0,cycles,DSP,yolov8l-modified
76481135061,FORWARD_PROPAGATE_LAYER,33,/model.2/m.2/cv2/act/Mul:OpId_188 (cycles),320058,cycles,DSP,yolov8l-modified
76481135061,FORWARD_PROPAGATE_LAYER,34,/model.2/m.2/Add:OpId_190 (cycles),31166,cycles,DSP,yolov8l-modified
76481135061,FORWARD_PROPAGATE_LAYER,35,/model.2/Concat:OpId_192 (cycles),0,cycles,DSP,yolov8l-modified
76481135061,FORWARD_PROPAGATE_LAYER,36,/model.2/cv2/conv/Conv:OpId_199 (cycles),0,cycles,DSP,yolov8l-modified
76481135061,FORWARD_PROPAGATE_LAYER,37,/model.2/cv2/act/Sigmoid:OpId_202 (cycles),0,cycles,DSP,yolov8l-modified
76481135061,FORWARD_PROPAGATE_LAYER,38,/model.2/cv2/act/Mul:OpId_209 (cycles),477032,cycles,DSP,yolov8l-modified
76481135061,FORWARD_PROPAGATE_LAYER,39,/model.3/conv/Conv:OpId_216 (cycles),0,cycles,DSP,yolov8l-modified
76481135061,FORWARD_PROPAGATE_LAYER,40,/model.3/act/Sigmoid:OpId_219 (cycles),0,cycles,DSP,yolov8l-modified
76481135061,FORWARD_PROPAGATE_LAYER,41,/model.3/act/Mul:OpId_226 (cycles),1468647,cycles,DSP,yolov8l-modified
76481135061,FORWARD_PROPAGATE_LAYER,42,/model.4/cv1/conv/Conv:OpId_233 (cycles),0,cycles,DSP,yolov8l-modified
76481135061,FORWARD_PROPAGATE_LAYER,43,/model.4/cv1/act/Sigmoid:OpId_236 (cycles),0,cycles,DSP,yolov8l-modified
76481135061,FORWARD_PROPAGATE_LAYER,44,/model.4/cv1/act/Mul:OpId_243 (cycles),211978,cycles,DSP,yolov8l-modified
76481135061,FORWARD_PROPAGATE_LAYER,45,/model.4/Slice:OpId_246 (cycles),0,cycles,DSP,yolov8l-modified
76481135061,FORWARD_PROPAGATE_LAYER,46,/model.4/Slice_1:OpId_252 (cycles),0,cycles,DSP,yolov8l-modified
76481135061,FORWARD_PROPAGATE_LAYER,47,/model.4/m.0/cv1/conv/Conv:OpId_262 (cycles),0,cycles,DSP,yolov8l-modified
76481135061,FORWARD_PROPAGATE_LAYER,48,/model.4/m.0/cv1/act/Sigmoid:OpId_265 (cycles),0,cycles,DSP,yolov8l-modified
76481135061,FORWARD_PROPAGATE_LAYER,49,/model.4/m.0/cv1/act/Mul:OpId_272 (cycles),280139,cycles,DSP,yolov8l-modified
76481135061,FORWARD_PROPAGATE_LAYER,50,/model.4/m.0/cv2/conv/Conv:OpId_279 (cycles),0,cycles,DSP,yolov8l-modified
76481135061,FORWARD_PROPAGATE_LAYER,51,/model.4/m.0/cv2/act/Sigmoid:OpId_282 (cycles),0,cycles,DSP,yolov8l-modified
76481135061,FORWARD_PROPAGATE_LAYER,52,/model.4/m.0/cv2/act/Mul:OpId_289 (cycles),277812,cycles,DSP,yolov8l-modified
76481135061,FORWARD_PROPAGATE_LAYER,53,/model.4/m.0/Add:OpId_291 (cycles),36570,cycles,DSP,yolov8l-modified
76481135061,FORWARD_PROPAGATE_LAYER,54,/model.4/m.1/cv1/conv/Conv:OpId_298 (cycles),0,cycles,DSP,yolov8l-modified
76481135061,FORWARD_PROPAGATE_LAYER,55,/model.4/m.1/cv1/act/Sigmoid:OpId_301 (cycles),0,cycles,DSP,yolov8l-modified
76481135061,FORWARD_PROPAGATE_LAYER,56,/model.4/m.1/cv1/act/Mul:OpId_308 (cycles),282637,cycles,DSP,yolov8l-modified
76481135061,FORWARD_PROPAGATE_LAYER,57,/model.4/m.1/cv2/conv/Conv:OpId_315 (cycles),0,cycles,DSP,yolov8l-modified
76481135061,FORWARD_PROPAGATE_LAYER,58,/model.4/m.1/cv2/act/Sigmoid:OpId_318 (cycles),0,cycles,DSP,yolov8l-modified
76481135061,FORWARD_PROPAGATE_LAYER,59,/model.4/m.1/cv2/act/Mul:OpId_325 (cycles),276156,cycles,DSP,yolov8l-modified
76481135061,FORWARD_PROPAGATE_LAYER,60,/model.4/m.1/Add:OpId_327 (cycles),35984,cycles,DSP,yolov8l-modified
76481135061,FORWARD_PROPAGATE_LAYER,61,/model.4/m.2/cv1/conv/Conv:OpId_334 (cycles),0,cycles,DSP,yolov8l-modified
76481135061,FORWARD_PROPAGATE_LAYER,62,/model.4/m.2/cv1/act/Sigmoid:OpId_337 (cycles),0,cycles,DSP,yolov8l-modified
76481135061,FORWARD_PROPAGATE_LAYER,63,/model.4/m.2/cv1/act/Mul:OpId_344 (cycles),291991,cycles,DSP,yolov8l-modified
76481135061,FORWARD_PROPAGATE_LAYER,64,/model.4/m.2/cv2/conv/Conv:OpId_351 (cycles),0,cycles,DSP,yolov8l-modified
76481135061,FORWARD_PROPAGATE_LAYER,65,/model.4/m.2/cv2/act/Sigmoid:OpId_354 (cycles),0,cycles,DSP,yolov8l-modified
76481135061,FORWARD_PROPAGATE_LAYER,66,/model.4/m.2/cv2/act/Mul:OpId_361 (cycles),276825,cycles,DSP,yolov8l-modified
76481135061,FORWARD_PROPAGATE_LAYER,67,/model.4/m.2/Add:OpId_363 (cycles),34040,cycles,DSP,yolov8l-modified
76481135061,FORWARD_PROPAGATE_LAYER,68,/model.4/m.3/cv1/conv/Conv:OpId_370 (cycles),0,cycles,DSP,yolov8l-modified
76481135061,FORWARD_PROPAGATE_LAYER,69,/model.4/m.3/cv1/act/Sigmoid:OpId_373 (cycles),0,cycles,DSP,yolov8l-modified
76481135061,FORWARD_PROPAGATE_LAYER,70,/model.4/m.3/cv1/act/Mul:OpId_380 (cycles),303849,cycles,DSP,yolov8l-modified
76481135061,FORWARD_PROPAGATE_LAYER,71,/model.4/m.3/cv2/conv/Conv:OpId_387 (cycles),0,cycles,DSP,yolov8l-modified
76481135061,FORWARD_PROPAGATE_LAYER,72,/model.4/m.3/cv2/act/Sigmoid:OpId_390 (cycles),0,cycles,DSP,yolov8l-modified
76481135061,FORWARD_PROPAGATE_LAYER,73,/model.4/m.3/cv2/act/Mul:OpId_397 (cycles),275012,cycles,DSP,yolov8l-modified
76481135061,FORWARD_PROPAGATE_LAYER,74,/model.4/m.3/Add:OpId_399 (cycles),22974,cycles,DSP,yolov8l-modified
76481135061,FORWARD_PROPAGATE_LAYER,75,/model.4/m.4/cv1/conv/Conv:OpId_406 (cycles),0,cycles,DSP,yolov8l-modified
76481135061,FORWARD_PROPAGATE_LAYER,76,/model.4/m.4/cv1/act/Sigmoid:OpId_409 (cycles),0,cycles,DSP,yolov8l-modified
76481135061,FORWARD_PROPAGATE_LAYER,77,/model.4/m.4/cv1/act/Mul:OpId_416 (cycles),303808,cycles,DSP,yolov8l-modified
76481135061,FORWARD_PROPAGATE_LAYER,78,/model.4/m.4/cv2/conv/Conv:OpId_423 (cycles),0,cycles,DSP,yolov8l-modified
76481135061,FORWARD_PROPAGATE_LAYER,79,/model.4/m.4/cv2/act/Sigmoid:OpId_426 (cycles),0,cycles,DSP,yolov8l-modified
76481135061,FORWARD_PROPAGATE_LAYER,80,/model.4/m.4/cv2/act/Mul:OpId_433 (cycles),273897,cycles,DSP,yolov8l-modified
76481135061,FORWARD_PROPAGATE_LAYER,81,/model.4/m.4/Add:OpId_435 (cycles),16657,cycles,DSP,yolov8l-modified
76481135061,FORWARD_PROPAGATE_LAYER,82,/model.4/m.5/cv1/conv/Conv:OpId_442 (cycles),0,cycles,DSP,yolov8l-modified
76481135061,FORWARD_PROPAGATE_LAYER,83,/model.4/m.5/cv1/act/Sigmoid:OpId_445 (cycles),0,cycles,DSP,yolov8l-modified
76481135061,FORWARD_PROPAGATE_LAYER,84,/model.4/m.5/cv1/act/Mul:OpId_452 (cycles),306491,cycles,DSP,yolov8l-modified
76481135061,FORWARD_PROPAGATE_LAYER,85,/model.4/m.5/cv2/conv/Conv:OpId_459 (cycles),0,cycles,DSP,yolov8l-modified
76481135061,FORWARD_PROPAGATE_LAYER,86,/model.4/m.5/cv2/act/Sigmoid:OpId_462 (cycles),0,cycles,DSP,yolov8l-modified
76481135061,FORWARD_PROPAGATE_LAYER,87,/model.4/m.5/cv2/act/Mul:OpId_469 (cycles),275573,cycles,DSP,yolov8l-modified
76481135061,FORWARD_PROPAGATE_LAYER,88,/model.4/m.5/Add:OpId_471 (cycles),17622,cycles,DSP,yolov8l-modified
76481135061,FORWARD_PROPAGATE_LAYER,89,/model.4/Concat:OpId_473 (cycles),0,cycles,DSP,yolov8l-modified
76481135061,FORWARD_PROPAGATE_LAYER,90,/model.4/cv2/conv/Conv:OpId_480 (cycles),0,cycles,DSP,yolov8l-modified
76481135061,FORWARD_PROPAGATE_LAYER,91,/model.4/cv2/act/Sigmoid:OpId_483 (cycles),0,cycles,DSP,yolov8l-modified
76481135061,FORWARD_PROPAGATE_LAYER,92,/model.4/cv2/act/Mul:OpId_490 (cycles),619550,cycles,DSP,yolov8l-modified
76481135061,FORWARD_PROPAGATE_LAYER,93,/model.5/conv/Conv:OpId_497 (cycles),0,cycles,DSP,yolov8l-modified
76481135061,FORWARD_PROPAGATE_LAYER,94,/model.5/act/Sigmoid:OpId_500 (cycles),0,cycles,DSP,yolov8l-modified
76481135061,FORWARD_PROPAGATE_LAYER,95,/model.5/act/Mul:OpId_507 (cycles),1102120,cycles,DSP,yolov8l-modified
76481135061,FORWARD_PROPAGATE_LAYER,96,/model.6/cv1/conv/Conv:OpId_514 (cycles),0,cycles,DSP,yolov8l-modified
76481135061,FORWARD_PROPAGATE_LAYER,97,/model.6/cv1/act/Sigmoid:OpId_517 (cycles),0,cycles,DSP,yolov8l-modified
76481135061,FORWARD_PROPAGATE_LAYER,98,/model.6/cv1/act/Mul:OpId_524 (cycles),165098,cycles,DSP,yolov8l-modified
76481135061,FORWARD_PROPAGATE_LAYER,99,/model.6/Slice:OpId_527 (cycles),0,cycles,DSP,yolov8l-modified
76481135061,FORWARD_PROPAGATE_LAYER,100,/model.6/Slice_1:OpId_533 (cycles),0,cycles,DSP,yolov8l-modified
76481135061,FORWARD_PROPAGATE_LAYER,101,/model.6/m.0/cv1/conv/Conv:OpId_543 (cycles),0,cycles,DSP,yolov8l-modified
76481135061,FORWARD_PROPAGATE_LAYER,102,/model.6/m.0/cv1/act/Sigmoid:OpId_546 (cycles),0,cycles,DSP,yolov8l-modified
76481135061,FORWARD_PROPAGATE_LAYER,103,/model.6/m.0/cv1/act/Mul:OpId_553 (cycles),256281,cycles,DSP,yolov8l-modified
76481135061,FORWARD_PROPAGATE_LAYER,104,/model.6/m.0/cv2/conv/Conv:OpId_560 (cycles),0,cycles,DSP,yolov8l-modified
76481135061,FORWARD_PROPAGATE_LAYER,105,/model.6/m.0/cv2/act/Sigmoid:OpId_563 (cycles),0,cycles,DSP,yolov8l-modified
76481135061,FORWARD_PROPAGATE_LAYER,106,/model.6/m.0/cv2/act/Mul:OpId_570 (cycles),285428,cycles,DSP,yolov8l-modified
76481135061,FORWARD_PROPAGATE_LAYER,107,/model.6/m.0/Add:OpId_572 (cycles),16908,cycles,DSP,yolov8l-modified
76481135061,FORWARD_PROPAGATE_LAYER,108,/model.6/m.1/cv1/conv/Conv:OpId_579 (cycles),0,cycles,DSP,yolov8l-modified
76481135061,FORWARD_PROPAGATE_LAYER,109,/model.6/m.1/cv1/act/Sigmoid:OpId_582 (cycles),0,cycles,DSP,yolov8l-modified
76481135061,FORWARD_PROPAGATE_LAYER,110,/model.6/m.1/cv1/act/Mul:OpId_589 (cycles),255506,cycles,DSP,yolov8l-modified
76481135061,FORWARD_PROPAGATE_LAYER,111,/model.6/m.1/cv2/conv/Conv:OpId_596 (cycles),0,cycles,DSP,yolov8l-modified
76481135061,FORWARD_PROPAGATE_LAYER,112,/model.6/m.1/cv2/act/Sigmoid:OpId_599 (cycles),0,cycles,DSP,yolov8l-modified
76481135061,FORWARD_PROPAGATE_LAYER,113,/model.6/m.1/cv2/act/Mul:OpId_606 (cycles),287989,cycles,DSP,yolov8l-modified
76481135061,FORWARD_PROPAGATE_LAYER,114,/model.6/m.1/Add:OpId_608 (cycles),18571,cycles,DSP,yolov8l-modified
76481135061,FORWARD_PROPAGATE_LAYER,115,/model.6/m.2/cv1/conv/Conv:OpId_615 (cycles),0,cycles,DSP,yolov8l-modified
76481135061,FORWARD_PROPAGATE_LAYER,116,/model.6/m.2/cv1/act/Sigmoid:OpId_618 (cycles),0,cycles,DSP,yolov8l-modified
76481135061,FORWARD_PROPAGATE_LAYER,117,/model.6/m.2/cv1/act/Mul:OpId_625 (cycles),281792,cycles,DSP,yolov8l-modified
76481135061,FORWARD_PROPAGATE_LAYER,118,/model.6/m.2/cv2/conv/Conv:OpId_632 (cycles),0,cycles,DSP,yolov8l-modified
76481135061,FORWARD_PROPAGATE_LAYER,119,/model.6/m.2/cv2/act/Sigmoid:OpId_635 (cycles),0,cycles,DSP,yolov8l-modified
76481135061,FORWARD_PROPAGATE_LAYER,120,/model.6/m.2/cv2/act/Mul:OpId_642 (cycles),285377,cycles,DSP,yolov8l-modified
76481135061,FORWARD_PROPAGATE_LAYER,121,/model.6/m.2/Add:OpId_644 (cycles),18180,cycles,DSP,yolov8l-modified
76481135061,FORWARD_PROPAGATE_LAYER,122,/model.6/m.3/cv1/conv/Conv:OpId_651 (cycles),0,cycles,DSP,yolov8l-modified
76481135061,FORWARD_PROPAGATE_LAYER,123,/model.6/m.3/cv1/act/Sigmoid:OpId_654 (cycles),0,cycles,DSP,yolov8l-modified
76481135061,FORWARD_PROPAGATE_LAYER,124,/model.6/m.3/cv1/act/Mul:OpId_661 (cycles),287629,cycles,DSP,yolov8l-modified
76481135061,FORWARD_PROPAGATE_LAYER,125,/model.6/m.3/cv2/conv/Conv:OpId_668 (cycles),0,cycles,DSP,yolov8l-modified
76481135061,FORWARD_PROPAGATE_LAYER,126,/model.6/m.3/cv2/act/Sigmoid:OpId_671 (cycles),0,cycles,DSP,yolov8l-modified
76481135061,FORWARD_PROPAGATE_LAYER,127,/model.6/m.3/cv2/act/Mul:OpId_678 (cycles),284426,cycles,DSP,yolov8l-modified
76481135061,FORWARD_PROPAGATE_LAYER,128,/model.6/m.3/Add:OpId_680 (cycles),16941,cycles,DSP,yolov8l-modified
76481135061,FORWARD_PROPAGATE_LAYER,129,/model.6/m.4/cv1/conv/Conv:OpId_687 (cycles),0,cycles,DSP,yolov8l-modified
76481135061,FORWARD_PROPAGATE_LAYER,130,/model.6/m.4/cv1/act/Sigmoid:OpId_690 (cycles),0,cycles,DSP,yolov8l-modified
76481135061,FORWARD_PROPAGATE_LAYER,131,/model.6/m.4/cv1/act/Mul:OpId_697 (cycles),291712,cycles,DSP,yolov8l-modified
76481135061,FORWARD_PROPAGATE_LAYER,132,/model.6/m.4/cv2/conv/Conv:OpId_704 (cycles),0,cycles,DSP,yolov8l-modified
76481135061,FORWARD_PROPAGATE_LAYER,133,/model.6/m.4/cv2/act/Sigmoid:OpId_707 (cycles),0,cycles,DSP,yolov8l-modified
76481135061,FORWARD_PROPAGATE_LAYER,134,/model.6/m.4/cv2/act/Mul:OpId_714 (cycles),285013,cycles,DSP,yolov8l-modified
76481135061,FORWARD_PROPAGATE_LAYER,135,/model.6/m.4/Add:OpId_716 (cycles),17171,cycles,DSP,yolov8l-modified
76481135061,FORWARD_PROPAGATE_LAYER,136,/model.6/m.5/cv1/conv/Conv:OpId_723 (cycles),0,cycles,DSP,yolov8l-modified
76481135061,FORWARD_PROPAGATE_LAYER,137,/model.6/m.5/cv1/act/Sigmoid:OpId_726 (cycles),0,cycles,DSP,yolov8l-modified
76481135061,FORWARD_PROPAGATE_LAYER,138,/model.6/m.5/cv1/act/Mul:OpId_733 (cycles),302434,cycles,DSP,yolov8l-modified
76481135061,FORWARD_PROPAGATE_LAYER,139,/model.6/m.5/cv2/conv/Conv:OpId_740 (cycles),0,cycles,DSP,yolov8l-modified
76481135061,FORWARD_PROPAGATE_LAYER,140,/model.6/m.5/cv2/act/Sigmoid:OpId_743 (cycles),0,cycles,DSP,yolov8l-modified
76481135061,FORWARD_PROPAGATE_LAYER,141,/model.6/m.5/cv2/act/Mul:OpId_750 (cycles),284924,cycles,DSP,yolov8l-modified
76481135061,FORWARD_PROPAGATE_LAYER,142,/model.6/m.5/Add:OpId_752 (cycles),17057,cycles,DSP,yolov8l-modified
76481135061,FORWARD_PROPAGATE_LAYER,143,/model.6/Concat:OpId_754 (cycles),0,cycles,DSP,yolov8l-modified
76481135061,FORWARD_PROPAGATE_LAYER,144,/model.6/cv2/conv/Conv:OpId_761 (cycles),0,cycles,DSP,yolov8l-modified
76481135061,FORWARD_PROPAGATE_LAYER,145,/model.6/cv2/act/Sigmoid:OpId_764 (cycles),0,cycles,DSP,yolov8l-modified
76481135061,FORWARD_PROPAGATE_LAYER,146,/model.6/cv2/act/Mul:OpId_771 (cycles),564274,cycles,DSP,yolov8l-modified
76481135061,FORWARD_PROPAGATE_LAYER,147,/model.7/conv/Conv:OpId_778 (cycles),0,cycles,DSP,yolov8l-modified
76481135061,FORWARD_PROPAGATE_LAYER,148,/model.7/act/Sigmoid:OpId_781 (cycles),0,cycles,DSP,yolov8l-modified
76481135061,FORWARD_PROPAGATE_LAYER,149,/model.7/act/Mul:OpId_788 (cycles),998922,cycles,DSP,yolov8l-modified
76481135061,FORWARD_PROPAGATE_LAYER,150,/model.8/cv1/conv/Conv:OpId_795 (cycles),0,cycles,DSP,yolov8l-modified
76481135061,FORWARD_PROPAGATE_LAYER,151,/model.8/cv1/act/Sigmoid:OpId_798 (cycles),0,cycles,DSP,yolov8l-modified
76481135061,FORWARD_PROPAGATE_LAYER,152,/model.8/cv1/act/Mul:OpId_805 (cycles),52129,cycles,DSP,yolov8l-modified
76481135061,FORWARD_PROPAGATE_LAYER,153,/model.8/Slice:OpId_808 (cycles),0,cycles,DSP,yolov8l-modified
76481135061,FORWARD_PROPAGATE_LAYER,154,/model.8/Slice_1:OpId_814 (cycles),0,cycles,DSP,yolov8l-modified
76481135061,FORWARD_PROPAGATE_LAYER,155,/model.8/m.0/cv1/conv/Conv:OpId_824 (cycles),0,cycles,DSP,yolov8l-modified
76481135061,FORWARD_PROPAGATE_LAYER,156,/model.8/m.0/cv1/act/Sigmoid:OpId_827 (cycles),0,cycles,DSP,yolov8l-modified
76481135061,FORWARD_PROPAGATE_LAYER,157,/model.8/m.0/cv1/act/Mul:OpId_834 (cycles),86286,cycles,DSP,yolov8l-modified
76481135061,FORWARD_PROPAGATE_LAYER,158,/model.8/m.0/cv2/conv/Conv:OpId_841 (cycles),0,cycles,DSP,yolov8l-modified
76481135061,FORWARD_PROPAGATE_LAYER,159,/model.8/m.0/cv2/act/Sigmoid:OpId_844 (cycles),0,cycles,DSP,yolov8l-modified
76481135061,FORWARD_PROPAGATE_LAYER,160,/model.8/m.0/cv2/act/Mul:OpId_851 (cycles),79239,cycles,DSP,yolov8l-modified
76481135061,FORWARD_PROPAGATE_LAYER,161,/model.8/m.0/Add:OpId_853 (cycles),4374,cycles,DSP,yolov8l-modified
76481135061,FORWARD_PROPAGATE_LAYER,162,/model.8/m.1/cv1/conv/Conv:OpId_860 (cycles),0,cycles,DSP,yolov8l-modified
76481135061,FORWARD_PROPAGATE_LAYER,163,/model.8/m.1/cv1/act/Sigmoid:OpId_863 (cycles),0,cycles,DSP,yolov8l-modified
76481135061,FORWARD_PROPAGATE_LAYER,164,/model.8/m.1/cv1/act/Mul:OpId_870 (cycles),81204,cycles,DSP,yolov8l-modified
76481135061,FORWARD_PROPAGATE_LAYER,165,/model.8/m.1/cv2/conv/Conv:OpId_877 (cycles),0,cycles,DSP,yolov8l-modified
76481135061,FORWARD_PROPAGATE_LAYER,166,/model.8/m.1/cv2/act/Sigmoid:OpId_880 (cycles),0,cycles,DSP,yolov8l-modified
76481135061,FORWARD_PROPAGATE_LAYER,167,/model.8/m.1/cv2/act/Mul:OpId_887 (cycles),79042,cycles,DSP,yolov8l-modified
76481135061,FORWARD_PROPAGATE_LAYER,168,/model.8/m.1/Add:OpId_889 (cycles),5955,cycles,DSP,yolov8l-modified
76481135061,FORWARD_PROPAGATE_LAYER,169,/model.8/m.2/cv1/conv/Conv:OpId_896 (cycles),0,cycles,DSP,yolov8l-modified
76481135061,FORWARD_PROPAGATE_LAYER,170,/model.8/m.2/cv1/act/Sigmoid:OpId_899 (cycles),0,cycles,DSP,yolov8l-modified
76481135061,FORWARD_PROPAGATE_LAYER,171,/model.8/m.2/cv1/act/Mul:OpId_906 (cycles),81303,cycles,DSP,yolov8l-modified
76481135061,FORWARD_PROPAGATE_LAYER,172,/model.8/m.2/cv2/conv/Conv:OpId_913 (cycles),0,cycles,DSP,yolov8l-modified
76481135061,FORWARD_PROPAGATE_LAYER,173,/model.8/m.2/cv2/act/Sigmoid:OpId_916 (cycles),0,cycles,DSP,yolov8l-modified
76481135061,FORWARD_PROPAGATE_LAYER,174,/model.8/m.2/cv2/act/Mul:OpId_923 (cycles),79164,cycles,DSP,yolov8l-modified
76481135061,FORWARD_PROPAGATE_LAYER,175,/model.8/m.2/Add:OpId_925 (cycles),3987,cycles,DSP,yolov8l-modified
76481135061,FORWARD_PROPAGATE_LAYER,176,/model.8/Concat:OpId_927 (cycles),0,cycles,DSP,yolov8l-modified
76481135061,FORWARD_PROPAGATE_LAYER,177,/model.8/cv2/conv/Conv:OpId_934 (cycles),0,cycles,DSP,yolov8l-modified
76481135061,FORWARD_PROPAGATE_LAYER,178,/model.8/cv2/act/Sigmoid:OpId_937 (cycles),0,cycles,DSP,yolov8l-modified
76481135061,FORWARD_PROPAGATE_LAYER,179,/model.8/cv2/act/Mul:OpId_944 (cycles),98182,cycles,DSP,yolov8l-modified
76481135061,FORWARD_PROPAGATE_LAYER,180,/model.9/cv1/conv/Conv:OpId_951 (cycles),0,cycles,DSP,yolov8l-modified
76481135061,FORWARD_PROPAGATE_LAYER,181,/model.9/cv1/act/Sigmoid:OpId_954 (cycles),0,cycles,DSP,yolov8l-modified
76481135061,FORWARD_PROPAGATE_LAYER,182,/model.9/cv1/act/Mul:OpId_961 (cycles),22780,cycles,DSP,yolov8l-modified
76481135061,FORWARD_PROPAGATE_LAYER,183,/model.9/m/MaxPool:OpId_966 (cycles),232976,cycles,DSP,yolov8l-modified
76481135061,FORWARD_PROPAGATE_LAYER,184,/model.9/m_1/MaxPool:OpId_971 (cycles),196286,cycles,DSP,yolov8l-modified
76481135061,FORWARD_PROPAGATE_LAYER,185,/model.9/m_2/MaxPool:OpId_976 (cycles),195712,cycles,DSP,yolov8l-modified
76481135061,FORWARD_PROPAGATE_LAYER,186,/model.9/Concat:OpId_978 (cycles),0,cycles,DSP,yolov8l-modified
76481135061,FORWARD_PROPAGATE_LAYER,187,/model.9/cv2/conv/Conv:OpId_985 (cycles),0,cycles,DSP,yolov8l-modified
76481135061,FORWARD_PROPAGATE_LAYER,188,/model.9/cv2/act/Sigmoid:OpId_988 (cycles),0,cycles,DSP,yolov8l-modified
76481135061,FORWARD_PROPAGATE_LAYER,189,/model.9/cv2/act/Mul:OpId_995 (cycles),108812,cycles,DSP,yolov8l-modified
76481135061,FORWARD_PROPAGATE_LAYER,190,/model.10/Resize:OpId_997 (cycles),104423,cycles,DSP,yolov8l-modified
76481135061,FORWARD_PROPAGATE_LAYER,191,/model.11/Concat:OpId_1000 (cycles),0,cycles,DSP,yolov8l-modified
76481135061,FORWARD_PROPAGATE_LAYER,192,/model.12/cv1/conv/Conv:OpId_1007 (cycles),0,cycles,DSP,yolov8l-modified
76481135061,FORWARD_PROPAGATE_LAYER,193,/model.12/cv1/act/Sigmoid:OpId_1010 (cycles),0,cycles,DSP,yolov8l-modified
76481135061,FORWARD_PROPAGATE_LAYER,194,/model.12/cv1/act/Mul:OpId_1017 (cycles),267784,cycles,DSP,yolov8l-modified
76481135061,FORWARD_PROPAGATE_LAYER,195,/model.12/Slice:OpId_1020 (cycles),0,cycles,DSP,yolov8l-modified
76481135061,FORWARD_PROPAGATE_LAYER,196,/model.12/Slice_1:OpId_1026 (cycles),0,cycles,DSP,yolov8l-modified
76481135061,FORWARD_PROPAGATE_LAYER,197,/model.12/m.0/cv1/conv/Conv:OpId_1036 (cycles),0,cycles,DSP,yolov8l-modified
76481135061,FORWARD_PROPAGATE_LAYER,198,/model.12/m.0/cv1/act/Sigmoid:OpId_1039 (cycles),0,cycles,DSP,yolov8l-modified
76481135061,FORWARD_PROPAGATE_LAYER,199,/model.12/m.0/cv1/act/Mul:OpId_1046 (cycles),255934,cycles,DSP,yolov8l-modified
76481135061,FORWARD_PROPAGATE_LAYER,200,/model.12/m.0/cv2/conv/Conv:OpId_1053 (cycles),0,cycles,DSP,yolov8l-modified
76481135061,FORWARD_PROPAGATE_LAYER,201,/model.12/m.0/cv2/act/Sigmoid:OpId_1056 (cycles),0,cycles,DSP,yolov8l-modified
76481135061,FORWARD_PROPAGATE_LAYER,202,/model.12/m.0/cv2/act/Mul:OpId_1063 (cycles),255884,cycles,DSP,yolov8l-modified
76481135061,FORWARD_PROPAGATE_LAYER,203,/model.12/m.1/cv1/conv/Conv:OpId_1070 (cycles),0,cycles,DSP,yolov8l-modified
76481135061,FORWARD_PROPAGATE_LAYER,204,/model.12/m.1/cv1/act/Sigmoid:OpId_1073 (cycles),0,cycles,DSP,yolov8l-modified
76481135061,FORWARD_PROPAGATE_LAYER,205,/model.12/m.1/cv1/act/Mul:OpId_1080 (cycles),257853,cycles,DSP,yolov8l-modified
76481135061,FORWARD_PROPAGATE_LAYER,206,/model.12/m.1/cv2/conv/Conv:OpId_1087 (cycles),0,cycles,DSP,yolov8l-modified
76481135061,FORWARD_PROPAGATE_LAYER,207,/model.12/m.1/cv2/act/Sigmoid:OpId_1090 (cycles),0,cycles,DSP,yolov8l-modified
76481135061,FORWARD_PROPAGATE_LAYER,208,/model.12/m.1/cv2/act/Mul:OpId_1097 (cycles),255605,cycles,DSP,yolov8l-modified
76481135061,FORWARD_PROPAGATE_LAYER,209,/model.12/m.2/cv1/conv/Conv:OpId_1104 (cycles),0,cycles,DSP,yolov8l-modified
76481135061,FORWARD_PROPAGATE_LAYER,210,/model.12/m.2/cv1/act/Sigmoid:OpId_1107 (cycles),0,cycles,DSP,yolov8l-modified
76481135061,FORWARD_PROPAGATE_LAYER,211,/model.12/m.2/cv1/act/Mul:OpId_1114 (cycles),255569,cycles,DSP,yolov8l-modified
76481135061,FORWARD_PROPAGATE_LAYER,212,/model.12/m.2/cv2/conv/Conv:OpId_1121 (cycles),0,cycles,DSP,yolov8l-modified
76481135061,FORWARD_PROPAGATE_LAYER,213,/model.12/m.2/cv2/act/Sigmoid:OpId_1124 (cycles),0,cycles,DSP,yolov8l-modified
76481135061,FORWARD_PROPAGATE_LAYER,214,/model.12/m.2/cv2/act/Mul:OpId_1131 (cycles),259520,cycles,DSP,yolov8l-modified
76481135061,FORWARD_PROPAGATE_LAYER,215,/model.12/Concat:OpId_1133 (cycles),0,cycles,DSP,yolov8l-modified
76481135061,FORWARD_PROPAGATE_LAYER,216,/model.12/cv2/conv/Conv:OpId_1140 (cycles),0,cycles,DSP,yolov8l-modified
76481135061,FORWARD_PROPAGATE_LAYER,217,/model.12/cv2/act/Sigmoid:OpId_1143 (cycles),0,cycles,DSP,yolov8l-modified
76481135061,FORWARD_PROPAGATE_LAYER,218,/model.12/cv2/act/Mul:OpId_1150 (cycles),357558,cycles,DSP,yolov8l-modified
76481135061,FORWARD_PROPAGATE_LAYER,219,/model.13/Resize:OpId_1152 (cycles),386784,cycles,DSP,yolov8l-modified
76481135061,FORWARD_PROPAGATE_LAYER,220,/model.14/Concat:OpId_1155 (cycles),0,cycles,DSP,yolov8l-modified
76481135061,FORWARD_PROPAGATE_LAYER,221,/model.15/cv1/conv/Conv:OpId_1162 (cycles),0,cycles,DSP,yolov8l-modified
76481135061,FORWARD_PROPAGATE_LAYER,222,/model.15/cv1/act/Sigmoid:OpId_1165 (cycles),0,cycles,DSP,yolov8l-modified
76481135061,FORWARD_PROPAGATE_LAYER,223,/model.15/cv1/act/Mul:OpId_1172 (cycles),431283,cycles,DSP,yolov8l-modified
76481135061,FORWARD_PROPAGATE_LAYER,224,/model.15/Slice:OpId_1175 (cycles),0,cycles,DSP,yolov8l-modified
76481135061,FORWARD_PROPAGATE_LAYER,225,/model.15/Slice_1:OpId_1181 (cycles),0,cycles,DSP,yolov8l-modified
76481135061,FORWARD_PROPAGATE_LAYER,226,/model.15/m.0/cv1/conv/Conv:OpId_1191 (cycles),0,cycles,DSP,yolov8l-modified
76481135061,FORWARD_PROPAGATE_LAYER,227,/model.15/m.0/cv1/act/Sigmoid:OpId_1194 (cycles),0,cycles,DSP,yolov8l-modified
76481135061,FORWARD_PROPAGATE_LAYER,228,/model.15/m.0/cv1/act/Mul:OpId_1201 (cycles),289821,cycles,DSP,yolov8l-modified
76481135061,FORWARD_PROPAGATE_LAYER,229,/model.15/m.0/cv2/conv/Conv:OpId_1208 (cycles),0,cycles,DSP,yolov8l-modified
76481135061,FORWARD_PROPAGATE_LAYER,230,/model.15/m.0/cv2/act/Sigmoid:OpId_1211 (cycles),0,cycles,DSP,yolov8l-modified
76481135061,FORWARD_PROPAGATE_LAYER,231,/model.15/m.0/cv2/act/Mul:OpId_1218 (cycles),279024,cycles,DSP,yolov8l-modified
76481135061,FORWARD_PROPAGATE_LAYER,232,/model.15/m.1/cv1/conv/Conv:OpId_1225 (cycles),0,cycles,DSP,yolov8l-modified
76481135061,FORWARD_PROPAGATE_LAYER,233,/model.15/m.1/cv1/act/Sigmoid:OpId_1228 (cycles),0,cycles,DSP,yolov8l-modified
76481135061,FORWARD_PROPAGATE_LAYER,234,/model.15/m.1/cv1/act/Mul:OpId_1235 (cycles),280530,cycles,DSP,yolov8l-modified
76481135061,FORWARD_PROPAGATE_LAYER,235,/model.15/m.1/cv2/conv/Conv:OpId_1242 (cycles),0,cycles,DSP,yolov8l-modified
76481135061,FORWARD_PROPAGATE_LAYER,236,/model.15/m.1/cv2/act/Sigmoid:OpId_1245 (cycles),0,cycles,DSP,yolov8l-modified
76481135061,FORWARD_PROPAGATE_LAYER,237,/model.15/m.1/cv2/act/Mul:OpId_1252 (cycles),278913,cycles,DSP,yolov8l-modified
76481135061,FORWARD_PROPAGATE_LAYER,238,/model.15/m.2/cv1/conv/Conv:OpId_1259 (cycles),0,cycles,DSP,yolov8l-modified
76481135061,FORWARD_PROPAGATE_LAYER,239,/model.15/m.2/cv1/act/Sigmoid:OpId_1262 (cycles),0,cycles,DSP,yolov8l-modified
76481135061,FORWARD_PROPAGATE_LAYER,240,/model.15/m.2/cv1/act/Mul:OpId_1269 (cycles),285163,cycles,DSP,yolov8l-modified
76481135061,FORWARD_PROPAGATE_LAYER,241,/model.15/m.2/cv2/conv/Conv:OpId_1276 (cycles),0,cycles,DSP,yolov8l-modified
76481135061,FORWARD_PROPAGATE_LAYER,242,/model.15/m.2/cv2/act/Sigmoid:OpId_1279 (cycles),0,cycles,DSP,yolov8l-modified
76481135061,FORWARD_PROPAGATE_LAYER,243,/model.15/m.2/cv2/act/Mul:OpId_1286 (cycles),287468,cycles,DSP,yolov8l-modified
76481135061,FORWARD_PROPAGATE_LAYER,244,/model.15/Concat:OpId_1288 (cycles),0,cycles,DSP,yolov8l-modified
76481135061,FORWARD_PROPAGATE_LAYER,245,/model.15/cv2/conv/Conv:OpId_1295 (cycles),0,cycles,DSP,yolov8l-modified
76481135061,FORWARD_PROPAGATE_LAYER,246,/model.15/cv2/act/Sigmoid:OpId_1298 (cycles),0,cycles,DSP,yolov8l-modified
76481135061,FORWARD_PROPAGATE_LAYER,247,/model.15/cv2/act/Mul:OpId_1305 (cycles),438211,cycles,DSP,yolov8l-modified
76481135061,FORWARD_PROPAGATE_LAYER,248,/model.16/conv/Conv:OpId_1312 (cycles),0,cycles,DSP,yolov8l-modified
76481135061,FORWARD_PROPAGATE_LAYER,249,/model.16/act/Sigmoid:OpId_1315 (cycles),0,cycles,DSP,yolov8l-modified
76481135061,FORWARD_PROPAGATE_LAYER,250,/model.16/act/Mul:OpId_1322 (cycles),724014,cycles,DSP,yolov8l-modified
76481135061,FORWARD_PROPAGATE_LAYER,251,/model.17/Concat:OpId_1324 (cycles),0,cycles,DSP,yolov8l-modified
76481135061,FORWARD_PROPAGATE_LAYER,252,/model.18/cv1/conv/Conv:OpId_1331 (cycles),0,cycles,DSP,yolov8l-modified
76481135061,FORWARD_PROPAGATE_LAYER,253,/model.18/cv1/act/Sigmoid:OpId_1334 (cycles),0,cycles,DSP,yolov8l-modified
76481135061,FORWARD_PROPAGATE_LAYER,254,/model.18/cv1/act/Mul:OpId_1341 (cycles),206836,cycles,DSP,yolov8l-modified
76481135061,FORWARD_PROPAGATE_LAYER,255,/model.18/Slice:OpId_1344 (cycles),0,cycles,DSP,yolov8l-modified
76481135061,FORWARD_PROPAGATE_LAYER,256,/model.18/Slice_1:OpId_1350 (cycles),0,cycles,DSP,yolov8l-modified
76481135061,FORWARD_PROPAGATE_LAYER,257,/model.18/m.0/cv1/conv/Conv:OpId_1360 (cycles),0,cycles,DSP,yolov8l-modified
76481135061,FORWARD_PROPAGATE_LAYER,258,/model.18/m.0/cv1/act/Sigmoid:OpId_1363 (cycles),0,cycles,DSP,yolov8l-modified
76481135061,FORWARD_PROPAGATE_LAYER,259,/model.18/m.0/cv1/act/Mul:OpId_1370 (cycles),260981,cycles,DSP,yolov8l-modified
76481135061,FORWARD_PROPAGATE_LAYER,260,/model.18/m.0/cv2/conv/Conv:OpId_1377 (cycles),0,cycles,DSP,yolov8l-modified
76481135061,FORWARD_PROPAGATE_LAYER,261,/model.18/m.0/cv2/act/Sigmoid:OpId_1380 (cycles),0,cycles,DSP,yolov8l-modified
76481135061,FORWARD_PROPAGATE_LAYER,262,/model.18/m.0/cv2/act/Mul:OpId_1387 (cycles),256234,cycles,DSP,yolov8l-modified
76481135061,FORWARD_PROPAGATE_LAYER,263,/model.18/m.1/cv1/conv/Conv:OpId_1394 (cycles),0,cycles,DSP,yolov8l-modified
76481135061,FORWARD_PROPAGATE_LAYER,264,/model.18/m.1/cv1/act/Sigmoid:OpId_1397 (cycles),0,cycles,DSP,yolov8l-modified
76481135061,FORWARD_PROPAGATE_LAYER,265,/model.18/m.1/cv1/act/Mul:OpId_1404 (cycles),257398,cycles,DSP,yolov8l-modified
76481135061,FORWARD_PROPAGATE_LAYER,266,/model.18/m.1/cv2/conv/Conv:OpId_1411 (cycles),0,cycles,DSP,yolov8l-modified
76481135061,FORWARD_PROPAGATE_LAYER,267,/model.18/m.1/cv2/act/Sigmoid:OpId_1414 (cycles),0,cycles,DSP,yolov8l-modified
76481135061,FORWARD_PROPAGATE_LAYER,268,/model.18/m.1/cv2/act/Mul:OpId_1421 (cycles),256823,cycles,DSP,yolov8l-modified
76481135061,FORWARD_PROPAGATE_LAYER,269,/model.18/m.2/cv1/conv/Conv:OpId_1428 (cycles),0,cycles,DSP,yolov8l-modified
76481135061,FORWARD_PROPAGATE_LAYER,270,/model.18/m.2/cv1/act/Sigmoid:OpId_1431 (cycles),0,cycles,DSP,yolov8l-modified
76481135061,FORWARD_PROPAGATE_LAYER,271,/model.18/m.2/cv1/act/Mul:OpId_1438 (cycles),255154,cycles,DSP,yolov8l-modified
76481135061,FORWARD_PROPAGATE_LAYER,272,/model.18/m.2/cv2/conv/Conv:OpId_1445 (cycles),0,cycles,DSP,yolov8l-modified
76481135061,FORWARD_PROPAGATE_LAYER,273,/model.18/m.2/cv2/act/Sigmoid:OpId_1448 (cycles),0,cycles,DSP,yolov8l-modified
76481135061,FORWARD_PROPAGATE_LAYER,274,/model.18/m.2/cv2/act/Mul:OpId_1455 (cycles),256298,cycles,DSP,yolov8l-modified
76481135061,FORWARD_PROPAGATE_LAYER,275,/model.18/Concat:OpId_1457 (cycles),0,cycles,DSP,yolov8l-modified
76481135061,FORWARD_PROPAGATE_LAYER,276,/model.18/cv2/conv/Conv:OpId_1464 (cycles),0,cycles,DSP,yolov8l-modified
76481135061,FORWARD_PROPAGATE_LAYER,277,/model.18/cv2/act/Sigmoid:OpId_1467 (cycles),0,cycles,DSP,yolov8l-modified
76481135061,FORWARD_PROPAGATE_LAYER,278,/model.18/cv2/act/Mul:OpId_1474 (cycles),329482,cycles,DSP,yolov8l-modified
76481135061,FORWARD_PROPAGATE_LAYER,279,/model.19/conv/Conv:OpId_1481 (cycles),0,cycles,DSP,yolov8l-modified
76481135061,FORWARD_PROPAGATE_LAYER,280,/model.19/act/Sigmoid:OpId_1484 (cycles),0,cycles,DSP,yolov8l-modified
76481135061,FORWARD_PROPAGATE_LAYER,281,/model.19/act/Mul:OpId_1491 (cycles),955010,cycles,DSP,yolov8l-modified
76481135061,FORWARD_PROPAGATE_LAYER,282,/model.20/Concat:OpId_1493 (cycles),0,cycles,DSP,yolov8l-modified
76481135061,FORWARD_PROPAGATE_LAYER,283,/model.21/cv1/conv/Conv:OpId_1500 (cycles),0,cycles,DSP,yolov8l-modified
76481135061,FORWARD_PROPAGATE_LAYER,284,/model.21/cv1/act/Sigmoid:OpId_1503 (cycles),0,cycles,DSP,yolov8l-modified
76481135061,FORWARD_PROPAGATE_LAYER,285,/model.21/cv1/act/Mul:OpId_1510 (cycles),91002,cycles,DSP,yolov8l-modified
76481135061,FORWARD_PROPAGATE_LAYER,286,/model.21/Slice:OpId_1513 (cycles),0,cycles,DSP,yolov8l-modified
76481135061,FORWARD_PROPAGATE_LAYER,287,/model.21/Slice_1:OpId_1519 (cycles),0,cycles,DSP,yolov8l-modified
76481135061,FORWARD_PROPAGATE_LAYER,288,/model.21/m.0/cv1/conv/Conv:OpId_1529 (cycles),0,cycles,DSP,yolov8l-modified
76481135061,FORWARD_PROPAGATE_LAYER,289,/model.21/m.0/cv1/act/Sigmoid:OpId_1532 (cycles),0,cycles,DSP,yolov8l-modified
76481135061,FORWARD_PROPAGATE_LAYER,290,/model.21/m.0/cv1/act/Mul:OpId_1539 (cycles),82328,cycles,DSP,yolov8l-modified
76481135061,FORWARD_PROPAGATE_LAYER,291,/model.21/m.0/cv2/conv/Conv:OpId_1546 (cycles),0,cycles,DSP,yolov8l-modified
76481135061,FORWARD_PROPAGATE_LAYER,292,/model.21/m.0/cv2/act/Sigmoid:OpId_1549 (cycles),0,cycles,DSP,yolov8l-modified
76481135061,FORWARD_PROPAGATE_LAYER,293,/model.21/m.0/cv2/act/Mul:OpId_1556 (cycles),79118,cycles,DSP,yolov8l-modified
76481135061,FORWARD_PROPAGATE_LAYER,294,/model.21/m.1/cv1/conv/Conv:OpId_1563 (cycles),0,cycles,DSP,yolov8l-modified
76481135061,FORWARD_PROPAGATE_LAYER,295,/model.21/m.1/cv1/act/Sigmoid:OpId_1566 (cycles),0,cycles,DSP,yolov8l-modified
76481135061,FORWARD_PROPAGATE_LAYER,296,/model.21/m.1/cv1/act/Mul:OpId_1573 (cycles),80704,cycles,DSP,yolov8l-modified
76481135061,FORWARD_PROPAGATE_LAYER,297,/model.21/m.1/cv2/conv/Conv:OpId_1580 (cycles),0,cycles,DSP,yolov8l-modified
76481135061,FORWARD_PROPAGATE_LAYER,298,/model.21/m.1/cv2/act/Sigmoid:OpId_1583 (cycles),0,cycles,DSP,yolov8l-modified
76481135061,FORWARD_PROPAGATE_LAYER,299,/model.21/m.1/cv2/act/Mul:OpId_1590 (cycles),80097,cycles,DSP,yolov8l-modified
76481135061,FORWARD_PROPAGATE_LAYER,300,/model.21/m.2/cv1/conv/Conv:OpId_1597 (cycles),0,cycles,DSP,yolov8l-modified
76481135061,FORWARD_PROPAGATE_LAYER,301,/model.21/m.2/cv1/act/Sigmoid:OpId_1600 (cycles),0,cycles,DSP,yolov8l-modified
76481135061,FORWARD_PROPAGATE_LAYER,302,/model.21/m.2/cv1/act/Mul:OpId_1607 (cycles),83685,cycles,DSP,yolov8l-modified
76481135061,FORWARD_PROPAGATE_LAYER,303,/model.21/m.2/cv2/conv/Conv:OpId_1614 (cycles),0,cycles,DSP,yolov8l-modified
76481135061,FORWARD_PROPAGATE_LAYER,304,/model.21/m.2/cv2/act/Sigmoid:OpId_1617 (cycles),0,cycles,DSP,yolov8l-modified
76481135061,FORWARD_PROPAGATE_LAYER,305,/model.21/m.2/cv2/act/Mul:OpId_1624 (cycles),82486,cycles,DSP,yolov8l-modified
76481135061,FORWARD_PROPAGATE_LAYER,306,/model.21/Concat:OpId_1626 (cycles),0,cycles,DSP,yolov8l-modified
76481135061,FORWARD_PROPAGATE_LAYER,307,/model.21/cv2/conv/Conv:OpId_1633 (cycles),0,cycles,DSP,yolov8l-modified
76481135061,FORWARD_PROPAGATE_LAYER,308,/model.21/cv2/act/Sigmoid:OpId_1636 (cycles),0,cycles,DSP,yolov8l-modified
76481135061,FORWARD_PROPAGATE_LAYER,309,/model.21/cv2/act/Mul:OpId_1643 (cycles),108658,cycles,DSP,yolov8l-modified
76481135061,FORWARD_PROPAGATE_LAYER,310,/model.22/cv2.0/cv2.0.0/conv/Conv:OpId_1650 (cycles),0,cycles,DSP,yolov8l-modified
76481135061,FORWARD_PROPAGATE_LAYER,311,/model.22/cv2.0/cv2.0.0/act/Sigmoid:OpId_1653 (cycles),0,cycles,DSP,yolov8l-modified
76481135061,FORWARD_PROPAGATE_LAYER,312,/model.22/cv2.0/cv2.0.0/act/Mul:OpId_1660 (cycles),260649,cycles,DSP,yolov8l-modified
76481135061,FORWARD_PROPAGATE_LAYER,313,/model.22/cv2.0/cv2.0.1/conv/Conv:OpId_1667 (cycles),0,cycles,DSP,yolov8l-modified
76481135061,FORWARD_PROPAGATE_LAYER,314,/model.22/cv2.0/cv2.0.1/act/Sigmoid:OpId_1670 (cycles),0,cycles,DSP,yolov8l-modified
76481135061,FORWARD_PROPAGATE_LAYER,315,/model.22/cv2.0/cv2.0.1/act/Mul:OpId_1677 (cycles),82270,cycles,DSP,yolov8l-modified
76481135061,FORWARD_PROPAGATE_LAYER,316,/model.22/cv2.0/cv2.0.2/Conv:OpId_1684 (cycles),10661,cycles,DSP,yolov8l-modified
76481135061,FORWARD_PROPAGATE_LAYER,317,/model.22/cv2.0/cv2.0.2/Conv_output_0.nchw:OpId_1688 (cycles),207613,cycles,DSP,yolov8l-modified
76481135061,FORWARD_PROPAGATE_LAYER,318,/model.22/Reshape:OpId_1689 (cycles),366258,cycles,DSP,yolov8l-modified
76481135061,FORWARD_PROPAGATE_LAYER,319,/model.22/Transpose:OpId_1691 (cycles),324724,cycles,DSP,yolov8l-modified
76481135061,FORWARD_PROPAGATE_LAYER,320,/model.22/Softmax:OpId_1692 (cycles),1857717,cycles,DSP,yolov8l-modified
76481135061,FORWARD_PROPAGATE_LAYER,321,/model.22/Transpose_1:OpId_1696 (cycles),107246,cycles,DSP,yolov8l-modified
76481135061,FORWARD_PROPAGATE_LAYER,322,/model.22/proj_conv/Conv:OpId_1702 (cycles),186226,cycles,DSP,yolov8l-modified
76481135061,FORWARD_PROPAGATE_LAYER,323,/model.22/Gather_output_0_pre_reshape.nchw:OpId_1706 (cycles),0,cycles,DSP,yolov8l-modified
76481135061,FORWARD_PROPAGATE_LAYER,324,Reshape_post_/model.22/Gather:OpId_1707 (cycles),157037,cycles,DSP,yolov8l-modified
76481135061,FORWARD_PROPAGATE_LAYER,325,/model.22/Reshape_1_output_0.nhwc:OpId_1709 (cycles),28879,cycles,DSP,yolov8l-modified
76481135061,FORWARD_PROPAGATE_LAYER,326,/model.22/cv3.0/cv3.0.0/conv/Conv:OpId_1715 (cycles),0,cycles,DSP,yolov8l-modified
76481135061,FORWARD_PROPAGATE_LAYER,327,/model.22/cv3.0/cv3.0.0/act/Sigmoid:OpId_1718 (cycles),0,cycles,DSP,yolov8l-modified
76481135061,FORWARD_PROPAGATE_LAYER,328,/model.22/cv3.0/cv3.0.0/act/Mul:OpId_1725 (cycles),1036875,cycles,DSP,yolov8l-modified
76481135061,FORWARD_PROPAGATE_LAYER,329,/model.22/cv3.0/cv3.0.1/conv/Conv:OpId_1732 (cycles),0,cycles,DSP,yolov8l-modified
76481135061,FORWARD_PROPAGATE_LAYER,330,/model.22/cv3.0/cv3.0.1/act/Sigmoid:OpId_1735 (cycles),0,cycles,DSP,yolov8l-modified
76481135061,FORWARD_PROPAGATE_LAYER,331,/model.22/cv3.0/cv3.0.1/act/Mul:OpId_1742 (cycles),1035077,cycles,DSP,yolov8l-modified
76481135061,FORWARD_PROPAGATE_LAYER,332,/model.22/cv3.0/cv3.0.2/Conv:OpId_1749 (cycles),0,cycles,DSP,yolov8l-modified
76481135061,FORWARD_PROPAGATE_LAYER,333,/model.22/Sigmoid:OpId_1752 (cycles),72861,cycles,DSP,yolov8l-modified
76481135061,FORWARD_PROPAGATE_LAYER,334,/model.22/ReduceMax:OpId_1760 (cycles),440436,cycles,DSP,yolov8l-modified
76481135061,FORWARD_PROPAGATE_LAYER,335,/model.22/Concat:OpId_1762 (cycles),91064,cycles,DSP,yolov8l-modified
76481135061,FORWARD_PROPAGATE_LAYER,336,/model.22/cv2.1/cv2.1.0/conv/Conv:OpId_1769 (cycles),0,cycles,DSP,yolov8l-modified
76481135061,FORWARD_PROPAGATE_LAYER,337,/model.22/cv2.1/cv2.1.0/act/Sigmoid:OpId_1772 (cycles),0,cycles,DSP,yolov8l-modified
76481135061,FORWARD_PROPAGATE_LAYER,338,/model.22/cv2.1/cv2.1.0/act/Mul:OpId_1779 (cycles),124255,cycles,DSP,yolov8l-modified
76481135061,FORWARD_PROPAGATE_LAYER,339,/model.22/cv2.1/cv2.1.1/conv/Conv:OpId_1786 (cycles),0,cycles,DSP,yolov8l-modified
76481135061,FORWARD_PROPAGATE_LAYER,340,/model.22/cv2.1/cv2.1.1/act/Sigmoid:OpId_1789 (cycles),0,cycles,DSP,yolov8l-modified
76481135061,FORWARD_PROPAGATE_LAYER,341,/model.22/cv2.1/cv2.1.1/act/Mul:OpId_1796 (cycles),21816,cycles,DSP,yolov8l-modified
76481135061,FORWARD_PROPAGATE_LAYER,342,/model.22/cv2.1/cv2.1.2/Conv:OpId_1803 (cycles),4488,cycles,DSP,yolov8l-modified
76481135061,FORWARD_PROPAGATE_LAYER,343,/model.22/cv2.1/cv2.1.2/Conv_output_0.nchw:OpId_1807 (cycles),269388,cycles,DSP,yolov8l-modified
76481135061,FORWARD_PROPAGATE_LAYER,344,/model.22/Reshape_2:OpId_1808 (cycles),3733,cycles,DSP,yolov8l-modified
76481135061,FORWARD_PROPAGATE_LAYER,345,/model.22/Transpose_2:OpId_1810 (cycles),101551,cycles,DSP,yolov8l-modified
76481135061,FORWARD_PROPAGATE_LAYER,346,/model.22/Softmax_1:OpId_1811 (cycles),534107,cycles,DSP,yolov8l-modified
76481135061,FORWARD_PROPAGATE_LAYER,347,/model.22/Transpose_3:OpId_1815 (cycles),30606,cycles,DSP,yolov8l-modified
76481135061,FORWARD_PROPAGATE_LAYER,348,/model.22/proj_conv_1/Conv:OpId_1820 (cycles),14309,cycles,DSP,yolov8l-modified
76481135061,FORWARD_PROPAGATE_LAYER,349,/model.22/Gather_1_output_0_pre_reshape.nchw:OpId_1824 (cycles),0,cycles,DSP,yolov8l-modified
76481135061,FORWARD_PROPAGATE_LAYER,350,Reshape_post_/model.22/Gather_1:OpId_1825 (cycles),35620,cycles,DSP,yolov8l-modified
76481135061,FORWARD_PROPAGATE_LAYER,351,/model.22/Reshape_3_output_0.nhwc:OpId_1827 (cycles),7842,cycles,DSP,yolov8l-modified
76481135061,FORWARD_PROPAGATE_LAYER,352,/model.22/cv3.1/cv3.1.0/conv/Conv:OpId_1833 (cycles),0,cycles,DSP,yolov8l-modified
76481135061,FORWARD_PROPAGATE_LAYER,353,/model.22/cv3.1/cv3.1.0/act/Sigmoid:OpId_1836 (cycles),0,cycles,DSP,yolov8l-modified
76481135061,FORWARD_PROPAGATE_LAYER,354,/model.22/cv3.1/cv3.1.0/act/Mul:OpId_1843 (cycles),489823,cycles,DSP,yolov8l-modified
76481135061,FORWARD_PROPAGATE_LAYER,355,/model.22/cv3.1/cv3.1.1/conv/Conv:OpId_1850 (cycles),0,cycles,DSP,yolov8l-modified
76481135061,FORWARD_PROPAGATE_LAYER,356,/model.22/cv3.1/cv3.1.1/act/Sigmoid:OpId_1853 (cycles),0,cycles,DSP,yolov8l-modified
76481135061,FORWARD_PROPAGATE_LAYER,357,/model.22/cv3.1/cv3.1.1/act/Mul:OpId_1860 (cycles),257319,cycles,DSP,yolov8l-modified
76481135061,FORWARD_PROPAGATE_LAYER,358,/model.22/cv3.1/cv3.1.2/Conv:OpId_1867 (cycles),0,cycles,DSP,yolov8l-modified
76481135061,FORWARD_PROPAGATE_LAYER,359,/model.22/Sigmoid_1:OpId_1870 (cycles),21887,cycles,DSP,yolov8l-modified
76481135061,FORWARD_PROPAGATE_LAYER,360,/model.22/ReduceMax_1:OpId_1878 (cycles),101071,cycles,DSP,yolov8l-modified
76481135061,FORWARD_PROPAGATE_LAYER,361,/model.22/Concat_1:OpId_1880 (cycles),22871,cycles,DSP,yolov8l-modified
76481135061,FORWARD_PROPAGATE_LAYER,362,/model.22/cv2.2/cv2.2.0/conv/Conv:OpId_1887 (cycles),0,cycles,DSP,yolov8l-modified
76481135061,FORWARD_PROPAGATE_LAYER,363,/model.22/cv2.2/cv2.2.0/act/Sigmoid:OpId_1890 (cycles),0,cycles,DSP,yolov8l-modified
76481135061,FORWARD_PROPAGATE_LAYER,364,/model.22/cv2.2/cv2.2.0/act/Mul:OpId_1897 (cycles),40417,cycles,DSP,yolov8l-modified
76481135061,FORWARD_PROPAGATE_LAYER,365,/model.22/cv2.2/cv2.2.1/conv/Conv:OpId_1904 (cycles),0,cycles,DSP,yolov8l-modified
76481135061,FORWARD_PROPAGATE_LAYER,366,/model.22/cv2.2/cv2.2.1/act/Sigmoid:OpId_1907 (cycles),0,cycles,DSP,yolov8l-modified
76481135061,FORWARD_PROPAGATE_LAYER,367,/model.22/cv2.2/cv2.2.1/act/Mul:OpId_1914 (cycles),7384,cycles,DSP,yolov8l-modified
76481135061,FORWARD_PROPAGATE_LAYER,368,/model.22/cv2.2/cv2.2.2/Conv:OpId_1921 (cycles),1792,cycles,DSP,yolov8l-modified
76481135061,FORWARD_PROPAGATE_LAYER,369,/model.22/cv2.2/cv2.2.2/Conv_output_0.nchw:OpId_1925 (cycles),22160,cycles,DSP,yolov8l-modified
76481135061,FORWARD_PROPAGATE_LAYER,370,/model.22/Reshape_4:OpId_1926 (cycles),17212,cycles,DSP,yolov8l-modified
76481135061,FORWARD_PROPAGATE_LAYER,371,/model.22/Transpose_4:OpId_1928 (cycles),24181,cycles,DSP,yolov8l-modified
76481135061,FORWARD_PROPAGATE_LAYER,372,/model.22/Softmax_2:OpId_1929 (cycles),118747,cycles,DSP,yolov8l-modified
76481135061,FORWARD_PROPAGATE_LAYER,373,/model.22/Transpose_5:OpId_1933 (cycles),7336,cycles,DSP,yolov8l-modified
76481135061,FORWARD_PROPAGATE_LAYER,374,/model.22/proj_conv_2/Conv:OpId_1938 (cycles),1451,cycles,DSP,yolov8l-modified
76481135061,FORWARD_PROPAGATE_LAYER,375,/model.22/Gather_2_output_0_pre_reshape.nchw:OpId_1942 (cycles),0,cycles,DSP,yolov8l-modified
76481135061,FORWARD_PROPAGATE_LAYER,376,Reshape_post_/model.22/Gather_2:OpId_1943 (cycles),8107,cycles,DSP,yolov8l-modified
76481135061,FORWARD_PROPAGATE_LAYER,377,/model.22/Reshape_5_output_0.nhwc:OpId_1945 (cycles),3863,cycles,DSP,yolov8l-modified
76481135061,FORWARD_PROPAGATE_LAYER,378,/model.22/cv3.2/cv3.2.0/conv/Conv:OpId_1951 (cycles),0,cycles,DSP,yolov8l-modified
76481135061,FORWARD_PROPAGATE_LAYER,379,/model.22/cv3.2/cv3.2.0/act/Sigmoid:OpId_1954 (cycles),0,cycles,DSP,yolov8l-modified
76481135061,FORWARD_PROPAGATE_LAYER,380,/model.22/cv3.2/cv3.2.0/act/Mul:OpId_1961 (cycles),150022,cycles,DSP,yolov8l-modified
76481135061,FORWARD_PROPAGATE_LAYER,381,/model.22/cv3.2/cv3.2.1/conv/Conv:OpId_1968 (cycles),0,cycles,DSP,yolov8l-modified
76481135061,FORWARD_PROPAGATE_LAYER,382,/model.22/cv3.2/cv3.2.1/act/Sigmoid:OpId_1971 (cycles),0,cycles,DSP,yolov8l-modified
76481135061,FORWARD_PROPAGATE_LAYER,383,/model.22/cv3.2/cv3.2.1/act/Mul:OpId_1978 (cycles),78906,cycles,DSP,yolov8l-modified
76481135061,FORWARD_PROPAGATE_LAYER,384,/model.22/cv3.2/cv3.2.2/Conv:OpId_1985 (cycles),0,cycles,DSP,yolov8l-modified
76481135061,FORWARD_PROPAGATE_LAYER,385,/model.22/Sigmoid_2:OpId_1988 (cycles),6995,cycles,DSP,yolov8l-modified
76481135061,FORWARD_PROPAGATE_LAYER,386,/model.22/ReduceMax_2:OpId_1996 (cycles),25953,cycles,DSP,yolov8l-modified
76481135061,FORWARD_PROPAGATE_LAYER,387,/model.22/Concat_2:OpId_1998 (cycles),7641,cycles,DSP,yolov8l-modified
76481135061,FORWARD_PROPAGATE_LAYER,388,Output OpId_3 (cycles),771419,cycles,DSP,yolov8l-modified
76481135061,EXECUTE_TIME_SUBNET_0,,,49094198,cycles,DSP,yolov8l-modified
76481135061,TOTAL_INFERENCE_TIME,,,45670,us,,yolov8l-modified
76481135061,FORWARD_PROPAGATE,,,45640,us,,yolov8l-modified
76481135061,FORWARD_PROPAGATE_LAYER,0,Input OpId_2 (cycles),0,cycles,DSP,yolov8l-modified
76481135061,FORWARD_PROPAGATE_LAYER,1,split_images:OpId_17 (cycles),4106218,cycles,DSP,yolov8l-modified
76481135061,FORWARD_PROPAGATE_LAYER,2,concat_images:OpId_19 (cycles),2813762,cycles,DSP,yolov8l-modified
76481135061,FORWARD_PROPAGATE_LAYER,3,/model.0/conv/Conv:OpId_26 (cycles),0,cycles,DSP,yolov8l-modified
76481135061,FORWARD_PROPAGATE_LAYER,4,/model.0/act/Sigmoid:OpId_29 (cycles),0,cycles,DSP,yolov8l-modified
76481135061,FORWARD_PROPAGATE_LAYER,5,/model.0/act/Mul:OpId_36 (cycles),4305027,cycles,DSP,yolov8l-modified
76481135061,FORWARD_PROPAGATE_LAYER,6,/model.1/conv/Conv:OpId_43 (cycles),0,cycles,DSP,yolov8l-modified
76481135061,FORWARD_PROPAGATE_LAYER,7,/model.1/act/Sigmoid:OpId_46 (cycles),0,cycles,DSP,yolov8l-modified
76481135061,FORWARD_PROPAGATE_LAYER,8,/model.1/act/Mul:OpId_53 (cycles),2222919,cycles,DSP,yolov8l-modified
76481135061,FORWARD_PROPAGATE_LAYER,9,/model.2/cv1/conv/Conv:OpId_60 (cycles),0,cycles,DSP,yolov8l-modified
76481135061,FORWARD_PROPAGATE_LAYER,10,/model.2/cv1/act/Sigmoid:OpId_63 (cycles),0,cycles,DSP,yolov8l-modified
76481135061,FORWARD_PROPAGATE_LAYER,11,/model.2/cv1/act/Mul:OpId_70 (cycles),330206,cycles,DSP,yolov8l-modified
76481135061,FORWARD_PROPAGATE_LAYER,12,/model.2/Slice:OpId_73 (cycles),0,cycles,DSP,yolov8l-modified
76481135061,FORWARD_PROPAGATE_LAYER,13,/model.2/Slice_1:OpId_79 (cycles),0,cycles,DSP,yolov8l-modified
76481135061,FORWARD_PROPAGATE_LAYER,14,/model.2/m.0/cv1/conv/Conv:OpId_89 (cycles),0,cycles,DSP,yolov8l-modified
76481135061,FORWARD_PROPAGATE_LAYER,15,/model.2/m.0/cv1/act/Sigmoid:OpId_92 (cycles),0,cycles,DSP,yolov8l-modified
76481135061,FORWARD_PROPAGATE_LAYER,16,/model.2/m.0/cv1/act/Mul:OpId_99 (cycles),329358,cycles,DSP,yolov8l-modified
76481135061,FORWARD_PROPAGATE_LAYER,17,/model.2/m.0/cv2/conv/Conv:OpId_106 (cycles),0,cycles,DSP,yolov8l-modified
76481135061,FORWARD_PROPAGATE_LAYER,18,/model.2/m.0/cv2/act/Sigmoid:OpId_109 (cycles),0,cycles,DSP,yolov8l-modified
76481135061,FORWARD_PROPAGATE_LAYER,19,/model.2/m.0/cv2/act/Mul:OpId_116 (cycles),320293,cycles,DSP,yolov8l-modified
76481135061,FORWARD_PROPAGATE_LAYER,20,/model.2/m.0/Add:OpId_118 (cycles),40525,cycles,DSP,yolov8l-modified
76481135061,FORWARD_PROPAGATE_LAYER,21,/model.2/m.1/cv1/conv/Conv:OpId_125 (cycles),0,cycles,DSP,yolov8l-modified
76481135061,FORWARD_PROPAGATE_LAYER,22,/model.2/m.1/cv1/act/Sigmoid:OpId_128 (cycles),0,cycles,DSP,yolov8l-modified
76481135061,FORWARD_PROPAGATE_LAYER,23,/model.2/m.1/cv1/act/Mul:OpId_135 (cycles),321628,cycles,DSP,yolov8l-modified
76481135061,FORWARD_PROPAGATE_LAYER,24,/model.2/m.1/cv2/conv/Conv:OpId_142 (cycles),0,cycles,DSP,yolov8l-modified
76481135061,FORWARD_PROPAGATE_LAYER,25,/model.2/m.1/cv2/act/Sigmoid:OpId_145 (cycles),0,cycles,DSP,yolov8l-modified
76481135061,FORWARD_PROPAGATE_LAYER,26,/model.2/m.1/cv2/act/Mul:OpId_152 (cycles),325731,cycles,DSP,yolov8l-modified
76481135061,FORWARD_PROPAGATE_LAYER,27,/model.2/m.1/Add:OpId_154 (cycles),32754,cycles,DSP,yolov8l-modified
76481135061,FORWARD_PROPAGATE_LAYER,28,/model.2/m.2/cv1/conv/Conv:OpId_161 (cycles),0,cycles,DSP,yolov8l-modified
76481135061,FORWARD_PROPAGATE_LAYER,29,/model.2/m.2/cv1/act/Sigmoid:OpId_164 (cycles),0,cycles,DSP,yolov8l-modified
76481135061,FORWARD_PROPAGATE_LAYER,30,/model.2/m.2/cv1/act/Mul:OpId_171 (cycles),322723,cycles,DSP,yolov8l-modified
76481135061,FORWARD_PROPAGATE_LAYER,31,/model.2/m.2/cv2/conv/Conv:OpId_178 (cycles),0,cycles,DSP,yolov8l-modified
76481135061,FORWARD_PROPAGATE_LAYER,32,/model.2/m.2/cv2/act/Sigmoid:OpId_181 (cycles),0,cycles,DSP,yolov8l-modified
76481135061,FORWARD_PROPAGATE_LAYER,33,/model.2/m.2/cv2/act/Mul:OpId_188 (cycles),321016,cycles,DSP,yolov8l-modified
76481135061,FORWARD_PROPAGATE_LAYER,34,/model.2/m.2/Add:OpId_190 (cycles),31292,cycles,DSP,yolov8l-modified
76481135061,FORWARD_PROPAGATE_LAYER,35,/model.2/Concat:OpId_192 (cycles),0,cycles,DSP,yolov8l-modified
76481135061,FORWARD_PROPAGATE_LAYER,36,/model.2/cv2/conv/Conv:OpId_199 (cycles),0,cycles,DSP,yolov8l-modified
76481135061,FORWARD_PROPAGATE_LAYER,37,/model.2/cv2/act/Sigmoid:OpId_202 (cycles),0,cycles,DSP,yolov8l-modified
76481135061,FORWARD_PROPAGATE_LAYER,38,/model.2/cv2/act/Mul:OpId_209 (cycles),480350,cycles,DSP,yolov8l-modified
76481135061,FORWARD_PROPAGATE_LAYER,39,/model.3/conv/Conv:OpId_216 (cycles),0,cycles,DSP,yolov8l-modified
76481135061,FORWARD_PROPAGATE_LAYER,40,/model.3/act/Sigmoid:OpId_219 (cycles),0,cycles,DSP,yolov8l-modified
76481135061,FORWARD_PROPAGATE_LAYER,41,/model.3/act/Mul:OpId_226 (cycles),1469365,cycles,DSP,yolov8l-modified
76481135061,FORWARD_PROPAGATE_LAYER,42,/model.4/cv1/conv/Conv:OpId_233 (cycles),0,cycles,DSP,yolov8l-modified
76481135061,FORWARD_PROPAGATE_LAYER,43,/model.4/cv1/act/Sigmoid:OpId_236 (cycles),0,cycles,DSP,yolov8l-modified
76481135061,FORWARD_PROPAGATE_LAYER,44,/model.4/cv1/act/Mul:OpId_243 (cycles),211608,cycles,DSP,yolov8l-modified
76481135061,FORWARD_PROPAGATE_LAYER,45,/model.4/Slice:OpId_246 (cycles),0,cycles,DSP,yolov8l-modified
76481135061,FORWARD_PROPAGATE_LAYER,46,/model.4/Slice_1:OpId_252 (cycles),0,cycles,DSP,yolov8l-modified
76481135061,FORWARD_PROPAGATE_LAYER,47,/model.4/m.0/cv1/conv/Conv:OpId_262 (cycles),0,cycles,DSP,yolov8l-modified
76481135061,FORWARD_PROPAGATE_LAYER,48,/model.4/m.0/cv1/act/Sigmoid:OpId_265 (cycles),0,cycles,DSP,yolov8l-modified
76481135061,FORWARD_PROPAGATE_LAYER,49,/model.4/m.0/cv1/act/Mul:OpId_272 (cycles),281106,cycles,DSP,yolov8l-modified
76481135061,FORWARD_PROPAGATE_LAYER,50,/model.4/m.0/cv2/conv/Conv:OpId_279 (cycles),0,cycles,DSP,yolov8l-modified
76481135061,FORWARD_PROPAGATE_LAYER,51,/model.4/m.0/cv2/act/Sigmoid:OpId_282 (cycles),0,cycles,DSP,yolov8l-modified
76481135061,FORWARD_PROPAGATE_LAYER,52,/model.4/m.0/cv2/act/Mul:OpId_289 (cycles),278694,cycles,DSP,yolov8l-modified
76481135061,FORWARD_PROPAGATE_LAYER,53,/model.4/m.0/Add:OpId_291 (cycles),35033,cycles,DSP,yolov8l-modified
76481135061,FORWARD_PROPAGATE_LAYER,54,/model.4/m.1/cv1/conv/Conv:OpId_298 (cycles),0,cycles,DSP,yolov8l-modified
76481135061,FORWARD_PROPAGATE_LAYER,55,/model.4/m.1/cv1/act/Sigmoid:OpId_301 (cycles),0,cycles,DSP,yolov8l-modified
76481135061,FORWARD_PROPAGATE_LAYER,56,/model.4/m.1/cv1/act/Mul:OpId_308 (cycles),283628,cycles,DSP,yolov8l-modified
76481135061,FORWARD_PROPAGATE_LAYER,57,/model.4/m.1/cv2/conv/Conv:OpId_315 (cycles),0,cycles,DSP,yolov8l-modified
76481135061,FORWARD_PROPAGATE_LAYER,58,/model.4/m.1/cv2/act/Sigmoid:OpId_318 (cycles),0,cycles,DSP,yolov8l-modified
76481135061,FORWARD_PROPAGATE_LAYER,59,/model.4/m.1/cv2/act/Mul:OpId_325 (cycles),276298,cycles,DSP,yolov8l-modified
76481135061,FORWARD_PROPAGATE_LAYER,60,/model.4/m.1/Add:OpId_327 (cycles),34919,cycles,DSP,yolov8l-modified
76481135061,FORWARD_PROPAGATE_LAYER,61,/model.4/m.2/cv1/conv/Conv:OpId_334 (cycles),0,cycles,DSP,yolov8l-modified
76481135061,FORWARD_PROPAGATE_LAYER,62,/model.4/m.2/cv1/act/Sigmoid:OpId_337 (cycles),0,cycles,DSP,yolov8l-modified
76481135061,FORWARD_PROPAGATE_LAYER,63,/model.4/m.2/cv1/act/Mul:OpId_344 (cycles),292996,cycles,DSP,yolov8l-modified
76481135061,FORWARD_PROPAGATE_LAYER,64,/model.4/m.2/cv2/conv/Conv:OpId_351 (cycles),0,cycles,DSP,yolov8l-modified
76481135061,FORWARD_PROPAGATE_LAYER,65,/model.4/m.2/cv2/act/Sigmoid:OpId_354 (cycles),0,cycles,DSP,yolov8l-modified
76481135061,FORWARD_PROPAGATE_LAYER,66,/model.4/m.2/cv2/act/Mul:OpId_361 (cycles),276700,cycles,DSP,yolov8l-modified
76481135061,FORWARD_PROPAGATE_LAYER,67,/model.4/m.2/Add:OpId_363 (cycles),34821,cycles,DSP,yolov8l-modified
76481135061,FORWARD_PROPAGATE_LAYER,68,/model.4/m.3/cv1/conv/Conv:OpId_370 (cycles),0,cycles,DSP,yolov8l-modified
76481135061,FORWARD_PROPAGATE_LAYER,69,/model.4/m.3/cv1/act/Sigmoid:OpId_373 (cycles),0,cycles,DSP,yolov8l-modified
76481135061,FORWARD_PROPAGATE_LAYER,70,/model.4/m.3/cv1/act/Mul:OpId_380 (cycles),304142,cycles,DSP,yolov8l-modified
76481135061,FORWARD_PROPAGATE_LAYER,71,/model.4/m.3/cv2/conv/Conv:OpId_387 (cycles),0,cycles,DSP,yolov8l-modified
76481135061,FORWARD_PROPAGATE_LAYER,72,/model.4/m.3/cv2/act/Sigmoid:OpId_390 (cycles),0,cycles,DSP,yolov8l-modified
76481135061,FORWARD_PROPAGATE_LAYER,73,/model.4/m.3/cv2/act/Mul:OpId_397 (cycles),274862,cycles,DSP,yolov8l-modified
76481135061,FORWARD_PROPAGATE_LAYER,74,/model.4/m.3/Add:OpId_399 (cycles),21750,cycles,DSP,yolov8l-modified
76481135061,FORWARD_PROPAGATE_LAYER,75,/model.4/m.4/cv1/conv/Conv:OpId_406 (cycles),0,cycles,DSP,yolov8l-modified
76481135061,FORWARD_PROPAGATE_LAYER,76,/model.4/m.4/cv1/act/Sigmoid:OpId_409 (cycles),0,cycles,DSP,yolov8l-modified
76481135061,FORWARD_PROPAGATE_LAYER,77,/model.4/m.4/cv1/act/Mul:OpId_416 (cycles),304021,cycles,DSP,yolov8l-modified
76481135061,FORWARD_PROPAGATE_LAYER,78,/model.4/m.4/cv2/conv/Conv:OpId_423 (cycles),0,cycles,DSP,yolov8l-modified
76481135061,FORWARD_PROPAGATE_LAYER,79,/model.4/m.4/cv2/act/Sigmoid:OpId_426 (cycles),0,cycles,DSP,yolov8l-modified
76481135061,FORWARD_PROPAGATE_LAYER,80,/model.4/m.4/cv2/act/Mul:OpId_433 (cycles),273956,cycles,DSP,yolov8l-modified
76481135061,FORWARD_PROPAGATE_LAYER,81,/model.4/m.4/Add:OpId_435 (cycles),16373,cycles,DSP,yolov8l-modified
76481135061,FORWARD_PROPAGATE_LAYER,82,/model.4/m.5/cv1/conv/Conv:OpId_442 (cycles),0,cycles,DSP,yolov8l-modified
76481135061,FORWARD_PROPAGATE_LAYER,83,/model.4/m.5/cv1/act/Sigmoid:OpId_445 (cycles),0,cycles,DSP,yolov8l-modified
76481135061,FORWARD_PROPAGATE_LAYER,84,/model.4/m.5/cv1/act/Mul:OpId_452 (cycles),306112,cycles,DSP,yolov8l-modified
76481135061,FORWARD_PROPAGATE_LAYER,85,/model.4/m.5/cv2/conv/Conv:OpId_459 (cycles),0,cycles,DSP,yolov8l-modified
76481135061,FORWARD_PROPAGATE_LAYER,86,/model.4/m.5/cv2/act/Sigmoid:OpId_462 (cycles),0,cycles,DSP,yolov8l-modified
76481135061,FORWARD_PROPAGATE_LAYER,87,/model.4/m.5/cv2/act/Mul:OpId_469 (cycles),275443,cycles,DSP,yolov8l-modified
76481135061,FORWARD_PROPAGATE_LAYER,88,/model.4/m.5/Add:OpId_471 (cycles),17312,cycles,DSP,yolov8l-modified
76481135061,FORWARD_PROPAGATE_LAYER,89,/model.4/Concat:OpId_473 (cycles),0,cycles,DSP,yolov8l-modified
76481135061,FORWARD_PROPAGATE_LAYER,90,/model.4/cv2/conv/Conv:OpId_480 (cycles),0,cycles,DSP,yolov8l-modified
76481135061,FORWARD_PROPAGATE_LAYER,91,/model.4/cv2/act/Sigmoid:OpId_483 (cycles),0,cycles,DSP,yolov8l-modified
76481135061,FORWARD_PROPAGATE_LAYER,92,/model.4/cv2/act/Mul:OpId_490 (cycles),618960,cycles,DSP,yolov8l-modified
76481135061,FORWARD_PROPAGATE_LAYER,93,/model.5/conv/Conv:OpId_497 (cycles),0,cycles,DSP,yolov8l-modified
76481135061,FORWARD_PROPAGATE_LAYER,94,/model.5/act/Sigmoid:OpId_500 (cycles),0,cycles,DSP,yolov8l-modified
76481135061,FORWARD_PROPAGATE_LAYER,95,/model.5/act/Mul:OpId_507 (cycles),1100896,cycles,DSP,yolov8l-modified
76481135061,FORWARD_PROPAGATE_LAYER,96,/model.6/cv1/conv/Conv:OpId_514 (cycles),0,cycles,DSP,yolov8l-modified
76481135061,FORWARD_PROPAGATE_LAYER,97,/model.6/cv1/act/Sigmoid:OpId_517 (cycles),0,cycles,DSP,yolov8l-modified
76481135061,FORWARD_PROPAGATE_LAYER,98,/model.6/cv1/act/Mul:OpId_524 (cycles),164047,cycles,DSP,yolov8l-modified
76481135061,FORWARD_PROPAGATE_LAYER,99,/model.6/Slice:OpId_527 (cycles),0,cycles,DSP,yolov8l-modified
76481135061,FORWARD_PROPAGATE_LAYER,100,/model.6/Slice_1:OpId_533 (cycles),0,cycles,DSP,yolov8l-modified
76481135061,FORWARD_PROPAGATE_LAYER,101,/model.6/m.0/cv1/conv/Conv:OpId_543 (cycles),0,cycles,DSP,yolov8l-modified
76481135061,FORWARD_PROPAGATE_LAYER,102,/model.6/m.0/cv1/act/Sigmoid:OpId_546 (cycles),0,cycles,DSP,yolov8l-modified
76481135061,FORWARD_PROPAGATE_LAYER,103,/model.6/m.0/cv1/act/Mul:OpId_553 (cycles),257155,cycles,DSP,yolov8l-modified
76481135061,FORWARD_PROPAGATE_LAYER,104,/model.6/m.0/cv2/conv/Conv:OpId_560 (cycles),0,cycles,DSP,yolov8l-modified
76481135061,FORWARD_PROPAGATE_LAYER,105,/model.6/m.0/cv2/act/Sigmoid:OpId_563 (cycles),0,cycles,DSP,yolov8l-modified
76481135061,FORWARD_PROPAGATE_LAYER,106,/model.6/m.0/cv2/act/Mul:OpId_570 (cycles),285545,cycles,DSP,yolov8l-modified
76481135061,FORWARD_PROPAGATE_LAYER,107,/model.6/m.0/Add:OpId_572 (cycles),17995,cycles,DSP,yolov8l-modified
76481135061,FORWARD_PROPAGATE_LAYER,108,/model.6/m.1/cv1/conv/Conv:OpId_579 (cycles),0,cycles,DSP,yolov8l-modified
76481135061,FORWARD_PROPAGATE_LAYER,109,/model.6/m.1/cv1/act/Sigmoid:OpId_582 (cycles),0,cycles,DSP,yolov8l-modified
76481135061,FORWARD_PROPAGATE_LAYER,110,/model.6/m.1/cv1/act/Mul:OpId_589 (cycles),255461,cycles,DSP,yolov8l-modified
76481135061,FORWARD_PROPAGATE_LAYER,111,/model.6/m.1/cv2/conv/Conv:OpId_596 (cycles),0,cycles,DSP,yolov8l-modified
76481135061,FORWARD_PROPAGATE_LAYER,112,/model.6/m.1/cv2/act/Sigmoid:OpId_599 (cycles),0,cycles,DSP,yolov8l-modified
76481135061,FORWARD_PROPAGATE_LAYER,113,/model.6/m.1/cv2/act/Mul:OpId_606 (cycles),287431,cycles,DSP,yolov8l-modified
76481135061,FORWARD_PROPAGATE_LAYER,114,/model.6/m.1/Add:OpId_608 (cycles),19545,cycles,DSP,yolov8l-modified
76481135061,FORWARD_PROPAGATE_LAYER,115,/model.6/m.2/cv1/conv/Conv:OpId_615 (cycles),0,cycles,DSP,yolov8l-modified
76481135061,FORWARD_PROPAGATE_LAYER,116,/model.6/m.2/cv1/act/Sigmoid:OpId_618 (cycles),0,cycles,DSP,yolov8l-modified
76481135061,FORWARD_PROPAGATE_LAYER,117,/model.6/m.2/cv1/act/Mul:OpId_625 (cycles),281530,cycles,DSP,yolov8l-modified
76481135061,FORWARD_PROPAGATE_LAYER,118,/model.6/m.2/cv2/conv/Conv:OpId_632 (cycles),0,cycles,DSP,yolov8l-modified
76481135061,FORWARD_PROPAGATE_LAYER,119,/model.6/m.2/cv2/act/Sigmoid:OpId_635 (cycles),0,cycles,DSP,yolov8l-modified
76481135061,FORWARD_PROPAGATE_LAYER,120,/model.6/m.2/cv2/act/Mul:OpId_642 (cycles),285406,cycles,DSP,yolov8l-modified
76481135061,FORWARD_PROPAGATE_LAYER,121,/model.6/m.2/Add:OpId_644 (cycles),17993,cycles,DSP,yolov8l-modified
76481135061,FORWARD_PROPAGATE_LAYER,122,/model.6/m.3/cv1/conv/Conv:OpId_651 (cycles),0,cycles,DSP,yolov8l-modified
76481135061,FORWARD_PROPAGATE_LAYER,123,/model.6/m.3/cv1/act/Sigmoid:OpId_654 (cycles),0,cycles,DSP,yolov8l-modified
76481135061,FORWARD_PROPAGATE_LAYER,124,/model.6/m.3/cv1/act/Mul:OpId_661 (cycles),290626,cycles,DSP,yolov8l-modified
76481135061,FORWARD_PROPAGATE_LAYER,125,/model.6/m.3/cv2/conv/Conv:OpId_668 (cycles),0,cycles,DSP,yolov8l-modified
76481135061,FORWARD_PROPAGATE_LAYER,126,/model.6/m.3/cv2/act/Sigmoid:OpId_671 (cycles),0,cycles,DSP,yolov8l-modified
76481135061,FORWARD_PROPAGATE_LAYER,127,/model.6/m.3/cv2/act/Mul:OpId_678 (cycles),284011,cycles,DSP,yolov8l-modified
76481135061,FORWARD_PROPAGATE_LAYER,128,/model.6/m.3/Add:OpId_680 (cycles),16987,cycles,DSP,yolov8l-modified
76481135061,FORWARD_PROPAGATE_LAYER,129,/model.6/m.4/cv1/conv/Conv:OpId_687 (cycles),0,cycles,DSP,yolov8l-modified
76481135061,FORWARD_PROPAGATE_LAYER,130,/model.6/m.4/cv1/act/Sigmoid:OpId_690 (cycles),0,cycles,DSP,yolov8l-modified
76481135061,FORWARD_PROPAGATE_LAYER,131,/model.6/m.4/cv1/act/Mul:OpId_697 (cycles),293185,cycles,DSP,yolov8l-modified
76481135061,FORWARD_PROPAGATE_LAYER,132,/model.6/m.4/cv2/conv/Conv:OpId_704 (cycles),0,cycles,DSP,yolov8l-modified
76481135061,FORWARD_PROPAGATE_LAYER,133,/model.6/m.4/cv2/act/Sigmoid:OpId_707 (cycles),0,cycles,DSP,yolov8l-modified
76481135061,FORWARD_PROPAGATE_LAYER,134,/model.6/m.4/cv2/act/Mul:OpId_714 (cycles),284409,cycles,DSP,yolov8l-modified
76481135061,FORWARD_PROPAGATE_LAYER,135,/model.6/m.4/Add:OpId_716 (cycles),17957,cycles,DSP,yolov8l-modified
76481135061,FORWARD_PROPAGATE_LAYER,136,/model.6/m.5/cv1/conv/Conv:OpId_723 (cycles),0,cycles,DSP,yolov8l-modified
76481135061,FORWARD_PROPAGATE_LAYER,137,/model.6/m.5/cv1/act/Sigmoid:OpId_726 (cycles),0,cycles,DSP,yolov8l-modified
76481135061,FORWARD_PROPAGATE_LAYER,138,/model.6/m.5/cv1/act/Mul:OpId_733 (cycles),302985,cycles,DSP,yolov8l-modified
76481135061,FORWARD_PROPAGATE_LAYER,139,/model.6/m.5/cv2/conv/Conv:OpId_740 (cycles),0,cycles,DSP,yolov8l-modified
76481135061,FORWARD_PROPAGATE_LAYER,140,/model.6/m.5/cv2/act/Sigmoid:OpId_743 (cycles),0,cycles,DSP,yolov8l-modified
76481135061,FORWARD_PROPAGATE_LAYER,141,/model.6/m.5/cv2/act/Mul:OpId_750 (cycles),284035,cycles,DSP,yolov8l-modified
76481135061,FORWARD_PROPAGATE_LAYER,142,/model.6/m.5/Add:OpId_752 (cycles),17206,cycles,DSP,yolov8l-modified
76481135061,FORWARD_PROPAGATE_LAYER,143,/model.6/Concat:OpId_754 (cycles),0,cycles,DSP,yolov8l-modified
76481135061,FORWARD_PROPAGATE_LAYER,144,/model.6/cv2/conv/Conv:OpId_761 (cycles),0,cycles,DSP,yolov8l-modified
76481135061,FORWARD_PROPAGATE_LAYER,145,/model.6/cv2/act/Sigmoid:OpId_764 (cycles),0,cycles,DSP,yolov8l-modified
76481135061,FORWARD_PROPAGATE_LAYER,146,/model.6/cv2/act/Mul:OpId_771 (cycles),564095,cycles,DSP,yolov8l-modified
76481135061,FORWARD_PROPAGATE_LAYER,147,/model.7/conv/Conv:OpId_778 (cycles),0,cycles,DSP,yolov8l-modified
76481135061,FORWARD_PROPAGATE_LAYER,148,/model.7/act/Sigmoid:OpId_781 (cycles),0,cycles,DSP,yolov8l-modified
76481135061,FORWARD_PROPAGATE_LAYER,149,/model.7/act/Mul:OpId_788 (cycles),1002551,cycles,DSP,yolov8l-modified
76481135061,FORWARD_PROPAGATE_LAYER,150,/model.8/cv1/conv/Conv:OpId_795 (cycles),0,cycles,DSP,yolov8l-modified
76481135061,FORWARD_PROPAGATE_LAYER,151,/model.8/cv1/act/Sigmoid:OpId_798 (cycles),0,cycles,DSP,yolov8l-modified
76481135061,FORWARD_PROPAGATE_LAYER,152,/model.8/cv1/act/Mul:OpId_805 (cycles),51715,cycles,DSP,yolov8l-modified
76481135061,FORWARD_PROPAGATE_LAYER,153,/model.8/Slice:OpId_808 (cycles),0,cycles,DSP,yolov8l-modified
76481135061,FORWARD_PROPAGATE_LAYER,154,/model.8/Slice_1:OpId_814 (cycles),0,cycles,DSP,yolov8l-modified
76481135061,FORWARD_PROPAGATE_LAYER,155,/model.8/m.0/cv1/conv/Conv:OpId_824 (cycles),0,cycles,DSP,yolov8l-modified
76481135061,FORWARD_PROPAGATE_LAYER,156,/model.8/m.0/cv1/act/Sigmoid:OpId_827 (cycles),0,cycles,DSP,yolov8l-modified
76481135061,FORWARD_PROPAGATE_LAYER,157,/model.8/m.0/cv1/act/Mul:OpId_834 (cycles),85235,cycles,DSP,yolov8l-modified
76481135061,FORWARD_PROPAGATE_LAYER,158,/model.8/m.0/cv2/conv/Conv:OpId_841 (cycles),0,cycles,DSP,yolov8l-modified
76481135061,FORWARD_PROPAGATE_LAYER,159,/model.8/m.0/cv2/act/Sigmoid:OpId_844 (cycles),0,cycles,DSP,yolov8l-modified
76481135061,FORWARD_PROPAGATE_LAYER,160,/model.8/m.0/cv2/act/Mul:OpId_851 (cycles),78665,cycles,DSP,yolov8l-modified
76481135061,FORWARD_PROPAGATE_LAYER,161,/model.8/m.0/Add:OpId_853 (cycles),4507,cycles,DSP,yolov8l-modified
76481135061,FORWARD_PROPAGATE_LAYER,162,/model.8/m.1/cv1/conv/Conv:OpId_860 (cycles),0,cycles,DSP,yolov8l-modified
76481135061,FORWARD_PROPAGATE_LAYER,163,/model.8/m.1/cv1/act/Sigmoid:OpId_863 (cycles),0,cycles,DSP,yolov8l-modified
76481135061,FORWARD_PROPAGATE_LAYER,164,/model.8/m.1/cv1/act/Mul:OpId_870 (cycles),81231,cycles,DSP,yolov8l-modified
76481135061,FORWARD_PROPAGATE_LAYER,165,/model.8/m.1/cv2/conv/Conv:OpId_877 (cycles),0,cycles,DSP,yolov8l-modified
76481135061,FORWARD_PROPAGATE_LAYER,166,/model.8/m.1/cv2/act/Sigmoid:OpId_880 (cycles),0,cycles,DSP,yolov8l-modified
76481135061,FORWARD_PROPAGATE_LAYER,167,/model.8/m.1/cv2/act/Mul:OpId_887 (cycles),79245,cycles,DSP,yolov8l-modified
76481135061,FORWARD_PROPAGATE_LAYER,168,/model.8/m.1/Add:OpId_889 (cycles),5421,cycles,DSP,yolov8l-modified
76481135061,FORWARD_PROPAGATE_LAYER,169,/model.8/m.2/cv1/conv/Conv:OpId_896 (cycles),0,cycles,DSP,yolov8l-modified
76481135061,FORWARD_PROPAGATE_LAYER,170,/model.8/m.2/cv1/act/Sigmoid:OpId_899 (cycles),0,cycles,DSP,yolov8l-modified
76481135061,FORWARD_PROPAGATE_LAYER,171,/model.8/m.2/cv1/act/Mul:OpId_906 (cycles),81238,cycles,DSP,yolov8l-modified
76481135061,FORWARD_PROPAGATE_LAYER,172,/model.8/m.2/cv2/conv/Conv:OpId_913 (cycles),0,cycles,DSP,yolov8l-modified
76481135061,FORWARD_PROPAGATE_LAYER,173,/model.8/m.2/cv2/act/Sigmoid:OpId_916 (cycles),0,cycles,DSP,yolov8l-modified
76481135061,FORWARD_PROPAGATE_LAYER,174,/model.8/m.2/cv2/act/Mul:OpId_923 (cycles),79403,cycles,DSP,yolov8l-modified
76481135061,FORWARD_PROPAGATE_LAYER,175,/model.8/m.2/Add:OpId_925 (cycles),3948,cycles,DSP,yolov8l-modified
76481135061,FORWARD_PROPAGATE_LAYER,176,/model.8/Concat:OpId_927 (cycles),0,cycles,DSP,yolov8l-modified
76481135061,FORWARD_PROPAGATE_LAYER,177,/model.8/cv2/conv/Conv:OpId_934 (cycles),0,cycles,DSP,yolov8l-modified
76481135061,FORWARD_PROPAGATE_LAYER,178,/model.8/cv2/act/Sigmoid:OpId_937 (cycles),0,cycles,DSP,yolov8l-modified
76481135061,FORWARD_PROPAGATE_LAYER,179,/model.8/cv2/act/Mul:OpId_944 (cycles),97456,cycles,DSP,yolov8l-modified
76481135061,FORWARD_PROPAGATE_LAYER,180,/model.9/cv1/conv/Conv:OpId_951 (cycles),0,cycles,DSP,yolov8l-modified
76481135061,FORWARD_PROPAGATE_LAYER,181,/model.9/cv1/act/Sigmoid:OpId_954 (cycles),0,cycles,DSP,yolov8l-modified
76481135061,FORWARD_PROPAGATE_LAYER,182,/model.9/cv1/act/Mul:OpId_961 (cycles),22827,cycles,DSP,yolov8l-modified
76481135061,FORWARD_PROPAGATE_LAYER,183,/model.9/m/MaxPool:OpId_966 (cycles),232400,cycles,DSP,yolov8l-modified
76481135061,FORWARD_PROPAGATE_LAYER,184,/model.9/m_1/MaxPool:OpId_971 (cycles),195714,cycles,DSP,yolov8l-modified
76481135061,FORWARD_PROPAGATE_LAYER,185,/model.9/m_2/MaxPool:OpId_976 (cycles),197049,cycles,DSP,yolov8l-modified
76481135061,FORWARD_PROPAGATE_LAYER,186,/model.9/Concat:OpId_978 (cycles),0,cycles,DSP,yolov8l-modified
76481135061,FORWARD_PROPAGATE_LAYER,187,/model.9/cv2/conv/Conv:OpId_985 (cycles),0,cycles,DSP,yolov8l-modified
76481135061,FORWARD_PROPAGATE_LAYER,188,/model.9/cv2/act/Sigmoid:OpId_988 (cycles),0,cycles,DSP,yolov8l-modified
76481135061,FORWARD_PROPAGATE_LAYER,189,/model.9/cv2/act/Mul:OpId_995 (cycles),104618,cycles,DSP,yolov8l-modified
76481135061,FORWARD_PROPAGATE_LAYER,190,/model.10/Resize:OpId_997 (cycles),103760,cycles,DSP,yolov8l-modified
76481135061,FORWARD_PROPAGATE_LAYER,191,/model.11/Concat:OpId_1000 (cycles),0,cycles,DSP,yolov8l-modified
76481135061,FORWARD_PROPAGATE_LAYER,192,/model.12/cv1/conv/Conv:OpId_1007 (cycles),0,cycles,DSP,yolov8l-modified
76481135061,FORWARD_PROPAGATE_LAYER,193,/model.12/cv1/act/Sigmoid:OpId_1010 (cycles),0,cycles,DSP,yolov8l-modified
76481135061,FORWARD_PROPAGATE_LAYER,194,/model.12/cv1/act/Mul:OpId_1017 (cycles),265212,cycles,DSP,yolov8l-modified
76481135061,FORWARD_PROPAGATE_LAYER,195,/model.12/Slice:OpId_1020 (cycles),0,cycles,DSP,yolov8l-modified
76481135061,FORWARD_PROPAGATE_LAYER,196,/model.12/Slice_1:OpId_1026 (cycles),0,cycles,DSP,yolov8l-modified
76481135061,FORWARD_PROPAGATE_LAYER,197,/model.12/m.0/cv1/conv/Conv:OpId_1036 (cycles),0,cycles,DSP,yolov8l-modified
76481135061,FORWARD_PROPAGATE_LAYER,198,/model.12/m.0/cv1/act/Sigmoid:OpId_1039 (cycles),0,cycles,DSP,yolov8l-modified
76481135061,FORWARD_PROPAGATE_LAYER,199,/model.12/m.0/cv1/act/Mul:OpId_1046 (cycles),255777,cycles,DSP,yolov8l-modified
76481135061,FORWARD_PROPAGATE_LAYER,200,/model.12/m.0/cv2/conv/Conv:OpId_1053 (cycles),0,cycles,DSP,yolov8l-modified
76481135061,FORWARD_PROPAGATE_LAYER,201,/model.12/m.0/cv2/act/Sigmoid:OpId_1056 (cycles),0,cycles,DSP,yolov8l-modified
76481135061,FORWARD_PROPAGATE_LAYER,202,/model.12/m.0/cv2/act/Mul:OpId_1063 (cycles),255576,cycles,DSP,yolov8l-modified
76481135061,FORWARD_PROPAGATE_LAYER,203,/model.12/m.1/cv1/conv/Conv:OpId_1070 (cycles),0,cycles,DSP,yolov8l-modified
76481135061,FORWARD_PROPAGATE_LAYER,204,/model.12/m.1/cv1/act/Sigmoid:OpId_1073 (cycles),0,cycles,DSP,yolov8l-modified
76481135061,FORWARD_PROPAGATE_LAYER,205,/model.12/m.1/cv1/act/Mul:OpId_1080 (cycles),257129,cycles,DSP,yolov8l-modified
76481135061,FORWARD_PROPAGATE_LAYER,206,/model.12/m.1/cv2/conv/Conv:OpId_1087 (cycles),0,cycles,DSP,yolov8l-modified
76481135061,FORWARD_PROPAGATE_LAYER,207,/model.12/m.1/cv2/act/Sigmoid:OpId_1090 (cycles),0,cycles,DSP,yolov8l-modified
76481135061,FORWARD_PROPAGATE_LAYER,208,/model.12/m.1/cv2/act/Mul:OpId_1097 (cycles),255169,cycles,DSP,yolov8l-modified
76481135061,FORWARD_PROPAGATE_LAYER,209,/model.12/m.2/cv1/conv/Conv:OpId_1104 (cycles),0,cycles,DSP,yolov8l-modified
76481135061,FORWARD_PROPAGATE_LAYER,210,/model.12/m.2/cv1/act/Sigmoid:OpId_1107 (cycles),0,cycles,DSP,yolov8l-modified
76481135061,FORWARD_PROPAGATE_LAYER,211,/model.12/m.2/cv1/act/Mul:OpId_1114 (cycles),255055,cycles,DSP,yolov8l-modified
76481135061,FORWARD_PROPAGATE_LAYER,212,/model.12/m.2/cv2/conv/Conv:OpId_1121 (cycles),0,cycles,DSP,yolov8l-modified
76481135061,FORWARD_PROPAGATE_LAYER,213,/model.12/m.2/cv2/act/Sigmoid:OpId_1124 (cycles),0,cycles,DSP,yolov8l-modified
76481135061,FORWARD_PROPAGATE_LAYER,214,/model.12/m.2/cv2/act/Mul:OpId_1131 (cycles),257440,cycles,DSP,yolov8l-modified
76481135061,FORWARD_PROPAGATE_LAYER,215,/model.12/Concat:OpId_1133 (cycles),0,cycles,DSP,yolov8l-modified
76481135061,FORWARD_PROPAGATE_LAYER,216,/model.12/cv2/conv/Conv:OpId_1140 (cycles),0,cycles,DSP,yolov8l-modified
76481135061,FORWARD_PROPAGATE_LAYER,217,/model.12/cv2/act/Sigmoid:OpId_1143 (cycles),0,cycles,DSP,yolov8l-modified
76481135061,FORWARD_PROPAGATE_LAYER,218,/model.12/cv2/act/Mul:OpId_1150 (cycles),353196,cycles,DSP,yolov8l-modified
76481135061,FORWARD_PROPAGATE_LAYER,219,/model.13/Resize:OpId_1152 (cycles),387017,cycles,DSP,yolov8l-modified
76481135061,FORWARD_PROPAGATE_LAYER,220,/model.14/Concat:OpId_1155 (cycles),0,cycles,DSP,yolov8l-modified
76481135061,FORWARD_PROPAGATE_LAYER,221,/model.15/cv1/conv/Conv:OpId_1162 (cycles),0,cycles,DSP,yolov8l-modified
76481135061,FORWARD_PROPAGATE_LAYER,222,/model.15/cv1/act/Sigmoid:OpId_1165 (cycles),0,cycles,DSP,yolov8l-modified
76481135061,FORWARD_PROPAGATE_LAYER,223,/model.15/cv1/act/Mul:OpId_1172 (cycles),429009,cycles,DSP,yolov8l-modified
76481135061,FORWARD_PROPAGATE_LAYER,224,/model.15/Slice:OpId_1175 (cycles),0,cycles,DSP,yolov8l-modified
76481135061,FORWARD_PROPAGATE_LAYER,225,/model.15/Slice_1:OpId_1181 (cycles),0,cycles,DSP,yolov8l-modified
76481135061,FORWARD_PROPAGATE_LAYER,226,/model.15/m.0/cv1/conv/Conv:OpId_1191 (cycles),0,cycles,DSP,yolov8l-modified
76481135061,FORWARD_PROPAGATE_LAYER,227,/model.15/m.0/cv1/act/Sigmoid:OpId_1194 (cycles),0,cycles,DSP,yolov8l-modified
76481135061,FORWARD_PROPAGATE_LAYER,228,/model.15/m.0/cv1/act/Mul:OpId_1201 (cycles),290028,cycles,DSP,yolov8l-modified
76481135061,FORWARD_PROPAGATE_LAYER,229,/model.15/m.0/cv2/conv/Conv:OpId_1208 (cycles),0,cycles,DSP,yolov8l-modified
76481135061,FORWARD_PROPAGATE_LAYER,230,/model.15/m.0/cv2/act/Sigmoid:OpId_1211 (cycles),0,cycles,DSP,yolov8l-modified
76481135061,FORWARD_PROPAGATE_LAYER,231,/model.15/m.0/cv2/act/Mul:OpId_1218 (cycles),279599,cycles,DSP,yolov8l-modified
76481135061,FORWARD_PROPAGATE_LAYER,232,/model.15/m.1/cv1/conv/Conv:OpId_1225 (cycles),0,cycles,DSP,yolov8l-modified
76481135061,FORWARD_PROPAGATE_LAYER,233,/model.15/m.1/cv1/act/Sigmoid:OpId_1228 (cycles),0,cycles,DSP,yolov8l-modified
76481135061,FORWARD_PROPAGATE_LAYER,234,/model.15/m.1/cv1/act/Mul:OpId_1235 (cycles),279008,cycles,DSP,yolov8l-modified
76481135061,FORWARD_PROPAGATE_LAYER,235,/model.15/m.1/cv2/conv/Conv:OpId_1242 (cycles),0,cycles,DSP,yolov8l-modified
76481135061,FORWARD_PROPAGATE_LAYER,236,/model.15/m.1/cv2/act/Sigmoid:OpId_1245 (cycles),0,cycles,DSP,yolov8l-modified
76481135061,FORWARD_PROPAGATE_LAYER,237,/model.15/m.1/cv2/act/Mul:OpId_1252 (cycles),276865,cycles,DSP,yolov8l-modified
76481135061,FORWARD_PROPAGATE_LAYER,238,/model.15/m.2/cv1/conv/Conv:OpId_1259 (cycles),0,cycles,DSP,yolov8l-modified
76481135061,FORWARD_PROPAGATE_LAYER,239,/model.15/m.2/cv1/act/Sigmoid:OpId_1262 (cycles),0,cycles,DSP,yolov8l-modified
76481135061,FORWARD_PROPAGATE_LAYER,240,/model.15/m.2/cv1/act/Mul:OpId_1269 (cycles),281704,cycles,DSP,yolov8l-modified
76481135061,FORWARD_PROPAGATE_LAYER,241,/model.15/m.2/cv2/conv/Conv:OpId_1276 (cycles),0,cycles,DSP,yolov8l-modified
76481135061,FORWARD_PROPAGATE_LAYER,242,/model.15/m.2/cv2/act/Sigmoid:OpId_1279 (cycles),0,cycles,DSP,yolov8l-modified
76481135061,FORWARD_PROPAGATE_LAYER,243,/model.15/m.2/cv2/act/Mul:OpId_1286 (cycles),283963,cycles,DSP,yolov8l-modified
76481135061,FORWARD_PROPAGATE_LAYER,244,/model.15/Concat:OpId_1288 (cycles),0,cycles,DSP,yolov8l-modified
76481135061,FORWARD_PROPAGATE_LAYER,245,/model.15/cv2/conv/Conv:OpId_1295 (cycles),0,cycles,DSP,yolov8l-modified
76481135061,FORWARD_PROPAGATE_LAYER,246,/model.15/cv2/act/Sigmoid:OpId_1298 (cycles),0,cycles,DSP,yolov8l-modified
76481135061,FORWARD_PROPAGATE_LAYER,247,/model.15/cv2/act/Mul:OpId_1305 (cycles),435057,cycles,DSP,yolov8l-modified
76481135061,FORWARD_PROPAGATE_LAYER,248,/model.16/conv/Conv:OpId_1312 (cycles),0,cycles,DSP,yolov8l-modified
76481135061,FORWARD_PROPAGATE_LAYER,249,/model.16/act/Sigmoid:OpId_1315 (cycles),0,cycles,DSP,yolov8l-modified
76481135061,FORWARD_PROPAGATE_LAYER,250,/model.16/act/Mul:OpId_1322 (cycles),727715,cycles,DSP,yolov8l-modified
76481135061,FORWARD_PROPAGATE_LAYER,251,/model.17/Concat:OpId_1324 (cycles),0,cycles,DSP,yolov8l-modified
76481135061,FORWARD_PROPAGATE_LAYER,252,/model.18/cv1/conv/Conv:OpId_1331 (cycles),0,cycles,DSP,yolov8l-modified
76481135061,FORWARD_PROPAGATE_LAYER,253,/model.18/cv1/act/Sigmoid:OpId_1334 (cycles),0,cycles,DSP,yolov8l-modified
76481135061,FORWARD_PROPAGATE_LAYER,254,/model.18/cv1/act/Mul:OpId_1341 (cycles),203322,cycles,DSP,yolov8l-modified
76481135061,FORWARD_PROPAGATE_LAYER,255,/model.18/Slice:OpId_1344 (cycles),0,cycles,DSP,yolov8l-modified
76481135061,FORWARD_PROPAGATE_LAYER,256,/model.18/Slice_1:OpId_1350 (cycles),0,cycles,DSP,yolov8l-modified
76481135061,FORWARD_PROPAGATE_LAYER,257,/model.18/m.0/cv1/conv/Conv:OpId_1360 (cycles),0,cycles,DSP,yolov8l-modified
76481135061,FORWARD_PROPAGATE_LAYER,258,/model.18/m.0/cv1/act/Sigmoid:OpId_1363 (cycles),0,cycles,DSP,yolov8l-modified
76481135061,FORWARD_PROPAGATE_LAYER,259,/model.18/m.0/cv1/act/Mul:OpId_1370 (cycles),261479,cycles,DSP,yolov8l-modified
76481135061,FORWARD_PROPAGATE_LAYER,260,/model.18/m.0/cv2/conv/Conv:OpId_1377 (cycles),0,cycles,DSP,yolov8l-modified
76481135061,FORWARD_PROPAGATE_LAYER,261,/model.18/m.0/cv2/act/Sigmoid:OpId_1380 (cycles),0,cycles,DSP,yolov8l-modified
76481135061,FORWARD_PROPAGATE_LAYER,262,/model.18/m.0/cv2/act/Mul:OpId_1387 (cycles),256110,cycles,DSP,yolov8l-modified
76481135061,FORWARD_PROPAGATE_LAYER,263,/model.18/m.1/cv1/conv/Conv:OpId_1394 (cycles),0,cycles,DSP,yolov8l-modified
76481135061,FORWARD_PROPAGATE_LAYER,264,/model.18/m.1/cv1/act/Sigmoid:OpId_1397 (cycles),0,cycles,DSP,yolov8l-modified
76481135061,FORWARD_PROPAGATE_LAYER,265,/model.18/m.1/cv1/act/Mul:OpId_1404 (cycles),255752,cycles,DSP,yolov8l-modified
76481135061,FORWARD_PROPAGATE_LAYER,266,/model.18/m.1/cv2/conv/Conv:OpId_1411 (cycles),0,cycles,DSP,yolov8l-modified
76481135061,FORWARD_PROPAGATE_LAYER,267,/model.18/m.1/cv2/act/Sigmoid:OpId_1414 (cycles),0,cycles,DSP,yolov8l-modified
76481135061,FORWARD_PROPAGATE_LAYER,268,/model.18/m.1/cv2/act/Mul:OpId_1421 (cycles),255567,cycles,DSP,yolov8l-modified
76481135061,FORWARD_PROPAGATE_LAYER,269,/model.18/m.2/cv1/conv/Conv:OpId_1428 (cycles),0,cycles,DSP,yolov8l-modified
76481135061,FORWARD_PROPAGATE_LAYER,270,/model.18/m.2/cv1/act/Sigmoid:OpId_1431 (cycles),0,cycles,DSP,yolov8l-modified
76481135061,FORWARD_PROPAGATE_LAYER,271,/model.18/m.2/cv1/act/Mul:OpId_1438 (cycles),254646,cycles,DSP,yolov8l-modified
76481135061,FORWARD_PROPAGATE_LAYER,272,/model.18/m.2/cv2/conv/Conv:OpId_1445 (cycles),0,cycles,DSP,yolov8l-modified
76481135061,FORWARD_PROPAGATE_LAYER,273,/model.18/m.2/cv2/act/Sigmoid:OpId_1448 (cycles),0,cycles,DSP,yolov8l-modified
76481135061,FORWARD_PROPAGATE_LAYER,274,/model.18/m.2/cv2/act/Mul:OpId_1455 (cycles),255710,cycles,DSP,yolov8l-modified
76481135061,FORWARD_PROPAGATE_LAYER,275,/model.18/Concat:OpId_1457 (cycles),0,cycles,DSP,yolov8l-modified
76481135061,FORWARD_PROPAGATE_LAYER,276,/model.18/cv2/conv/Conv:OpId_1464 (cycles),0,cycles,DSP,yolov8l-modified
76481135061,FORWARD_PROPAGATE_LAYER,277,/model.18/cv2/act/Sigmoid:OpId_1467 (cycles),0,cycles,DSP,yolov8l-modified
76481135061,FORWARD_PROPAGATE_LAYER,278,/model.18/cv2/act/Mul:OpId_1474 (cycles),321542,cycles,DSP,yolov8l-modified
76481135061,FORWARD_PROPAGATE_LAYER,279,/model.19/conv/Conv:OpId_1481 (cycles),0,cycles,DSP,yolov8l-modified
76481135061,FORWARD_PROPAGATE_LAYER,280,/model.19/act/Sigmoid:OpId_1484 (cycles),0,cycles,DSP,yolov8l-modified
76481135061,FORWARD_PROPAGATE_LAYER,281,/model.19/act/Mul:OpId_1491 (cycles),948218,cycles,DSP,yolov8l-modified
76481135061,FORWARD_PROPAGATE_LAYER,282,/model.20/Concat:OpId_1493 (cycles),0,cycles,DSP,yolov8l-modified
76481135061,FORWARD_PROPAGATE_LAYER,283,/model.21/cv1/conv/Conv:OpId_1500 (cycles),0,cycles,DSP,yolov8l-modified
76481135061,FORWARD_PROPAGATE_LAYER,284,/model.21/cv1/act/Sigmoid:OpId_1503 (cycles),0,cycles,DSP,yolov8l-modified
76481135061,FORWARD_PROPAGATE_LAYER,285,/model.21/cv1/act/Mul:OpId_1510 (cycles),88891,cycles,DSP,yolov8l-modified
76481135061,FORWARD_PROPAGATE_LAYER,286,/model.21/Slice:OpId_1513 (cycles),0,cycles,DSP,yolov8l-modified
76481135061,FORWARD_PROPAGATE_LAYER,287,/model.21/Slice_1:OpId_1519 (cycles),0,cycles,DSP,yolov8l-modified
76481135061,FORWARD_PROPAGATE_LAYER,288,/model.21/m.0/cv1/conv/Conv:OpId_1529 (cycles),0,cycles,DSP,yolov8l-modified
76481135061,FORWARD_PROPAGATE_LAYER,289,/model.21/m.0/cv1/act/Sigmoid:OpId_1532 (cycles),0,cycles,DSP,yolov8l-modified
76481135061,FORWARD_PROPAGATE_LAYER,290,/model.21/m.0/cv1/act/Mul:OpId_1539 (cycles),82440,cycles,DSP,yolov8l-modified
76481135061,FORWARD_PROPAGATE_LAYER,291,/model.21/m.0/cv2/conv/Conv:OpId_1546 (cycles),0,cycles,DSP,yolov8l-modified
76481135061,FORWARD_PROPAGATE_LAYER,292,/model.21/m.0/cv2/act/Sigmoid:OpId_1549 (cycles),0,cycles,DSP,yolov8l-modified
76481135061,FORWARD_PROPAGATE_LAYER,293,/model.21/m.0/cv2/act/Mul:OpId_1556 (cycles),79143,cycles,DSP,yolov8l-modified
76481135061,FORWARD_PROPAGATE_LAYER,294,/model.21/m.1/cv1/conv/Conv:OpId_1563 (cycles),0,cycles,DSP,yolov8l-modified
76481135061,FORWARD_PROPAGATE_LAYER,295,/model.21/m.1/cv1/act/Sigmoid:OpId_1566 (cycles),0,cycles,DSP,yolov8l-modified
76481135061,FORWARD_PROPAGATE_LAYER,296,/model.21/m.1/cv1/act/Mul:OpId_1573 (cycles),80660,cycles,DSP,yolov8l-modified
76481135061,FORWARD_PROPAGATE_LAYER,297,/model.21/m.1/cv2/conv/Conv:OpId_1580 (cycles),0,cycles,DSP,yolov8l-modified
76481135061,FORWARD_PROPAGATE_LAYER,298,/model.21/m.1/cv2/act/Sigmoid:OpId_1583 (cycles),0,cycles,DSP,yolov8l-modified
76481135061,FORWARD_PROPAGATE_LAYER,299,/model.21/m.1/cv2/act/Mul:OpId_1590 (cycles),80057,cycles,DSP,yolov8l-modified
76481135061,FORWARD_PROPAGATE_LAYER,300,/model.21/m.2/cv1/conv/Conv:OpId_1597 (cycles),0,cycles,DSP,yolov8l-modified
76481135061,FORWARD_PROPAGATE_LAYER,301,/model.21/m.2/cv1/act/Sigmoid:OpId_1600 (cycles),0,cycles,DSP,yolov8l-modified
76481135061,FORWARD_PROPAGATE_LAYER,302,/model.21/m.2/cv1/act/Mul:OpId_1607 (cycles),82370,cycles,DSP,yolov8l-modified
76481135061,FORWARD_PROPAGATE_LAYER,303,/model.21/m.2/cv2/conv/Conv:OpId_1614 (cycles),0,cycles,DSP,yolov8l-modified
76481135061,FORWARD_PROPAGATE_LAYER,304,/model.21/m.2/cv2/act/Sigmoid:OpId_1617 (cycles),0,cycles,DSP,yolov8l-modified
76481135061,FORWARD_PROPAGATE_LAYER,305,/model.21/m.2/cv2/act/Mul:OpId_1624 (cycles),81716,cycles,DSP,yolov8l-modified
76481135061,FORWARD_PROPAGATE_LAYER,306,/model.21/Concat:OpId_1626 (cycles),0,cycles,DSP,yolov8l-modified
76481135061,FORWARD_PROPAGATE_LAYER,307,/model.21/cv2/conv/Conv:OpId_1633 (cycles),0,cycles,DSP,yolov8l-modified
76481135061,FORWARD_PROPAGATE_LAYER,308,/model.21/cv2/act/Sigmoid:OpId_1636 (cycles),0,cycles,DSP,yolov8l-modified
76481135061,FORWARD_PROPAGATE_LAYER,309,/model.21/cv2/act/Mul:OpId_1643 (cycles),103557,cycles,DSP,yolov8l-modified
76481135061,FORWARD_PROPAGATE_LAYER,310,/model.22/cv2.0/cv2.0.0/conv/Conv:OpId_1650 (cycles),0,cycles,DSP,yolov8l-modified
76481135061,FORWARD_PROPAGATE_LAYER,311,/model.22/cv2.0/cv2.0.0/act/Sigmoid:OpId_1653 (cycles),0,cycles,DSP,yolov8l-modified
76481135061,FORWARD_PROPAGATE_LAYER,312,/model.22/cv2.0/cv2.0.0/act/Mul:OpId_1660 (cycles),258274,cycles,DSP,yolov8l-modified
76481135061,FORWARD_PROPAGATE_LAYER,313,/model.22/cv2.0/cv2.0.1/conv/Conv:OpId_1667 (cycles),0,cycles,DSP,yolov8l-modified
76481135061,FORWARD_PROPAGATE_LAYER,314,/model.22/cv2.0/cv2.0.1/act/Sigmoid:OpId_1670 (cycles),0,cycles,DSP,yolov8l-modified
76481135061,FORWARD_PROPAGATE_LAYER,315,/model.22/cv2.0/cv2.0.1/act/Mul:OpId_1677 (cycles),82224,cycles,DSP,yolov8l-modified
76481135061,FORWARD_PROPAGATE_LAYER,316,/model.22/cv2.0/cv2.0.2/Conv:OpId_1684 (cycles),10866,cycles,DSP,yolov8l-modified
76481135061,FORWARD_PROPAGATE_LAYER,317,/model.22/cv2.0/cv2.0.2/Conv_output_0.nchw:OpId_1688 (cycles),209927,cycles,DSP,yolov8l-modified
76481135061,FORWARD_PROPAGATE_LAYER,318,/model.22/Reshape:OpId_1689 (cycles),366079,cycles,DSP,yolov8l-modified
76481135061,FORWARD_PROPAGATE_LAYER,319,/model.22/Transpose:OpId_1691 (cycles),321512,cycles,DSP,yolov8l-modified
76481135061,FORWARD_PROPAGATE_LAYER,320,/model.22/Softmax:OpId_1692 (cycles),1841965,cycles,DSP,yolov8l-modified
76481135061,FORWARD_PROPAGATE_LAYER,321,/model.22/Transpose_1:OpId_1696 (cycles),104825,cycles,DSP,yolov8l-modified
76481135061,FORWARD_PROPAGATE_LAYER,322,/model.22/proj_conv/Conv:OpId_1702 (cycles),187740,cycles,DSP,yolov8l-modified
76481135061,FORWARD_PROPAGATE_LAYER,323,/model.22/Gather_output_0_pre_reshape.nchw:OpId_1706 (cycles),0,cycles,DSP,yolov8l-modified
76481135061,FORWARD_PROPAGATE_LAYER,324,Reshape_post_/model.22/Gather:OpId_1707 (cycles),158032,cycles,DSP,yolov8l-modified
76481135061,FORWARD_PROPAGATE_LAYER,325,/model.22/Reshape_1_output_0.nhwc:OpId_1709 (cycles),29829,cycles,DSP,yolov8l-modified
76481135061,FORWARD_PROPAGATE_LAYER,326,/model.22/cv3.0/cv3.0.0/conv/Conv:OpId_1715 (cycles),0,cycles,DSP,yolov8l-modified
76481135061,FORWARD_PROPAGATE_LAYER,327,/model.22/cv3.0/cv3.0.0/act/Sigmoid:OpId_1718 (cycles),0,cycles,DSP,yolov8l-modified
76481135061,FORWARD_PROPAGATE_LAYER,328,/model.22/cv3.0/cv3.0.0/act/Mul:OpId_1725 (cycles),1029008,cycles,DSP,yolov8l-modified
76481135061,FORWARD_PROPAGATE_LAYER,329,/model.22/cv3.0/cv3.0.1/conv/Conv:OpId_1732 (cycles),0,cycles,DSP,yolov8l-modified
76481135061,FORWARD_PROPAGATE_LAYER,330,/model.22/cv3.0/cv3.0.1/act/Sigmoid:OpId_1735 (cycles),0,cycles,DSP,yolov8l-modified
76481135061,FORWARD_PROPAGATE_LAYER,331,/model.22/cv3.0/cv3.0.1/act/Mul:OpId_1742 (cycles),1027283,cycles,DSP,yolov8l-modified
76481135061,FORWARD_PROPAGATE_LAYER,332,/model.22/cv3.0/cv3.0.2/Conv:OpId_1749 (cycles),0,cycles,DSP,yolov8l-modified
76481135061,FORWARD_PROPAGATE_LAYER,333,/model.22/Sigmoid:OpId_1752 (cycles),72612,cycles,DSP,yolov8l-modified
76481135061,FORWARD_PROPAGATE_LAYER,334,/model.22/ReduceMax:OpId_1760 (cycles),437025,cycles,DSP,yolov8l-modified
76481135061,FORWARD_PROPAGATE_LAYER,335,/model.22/Concat:OpId_1762 (cycles),91883,cycles,DSP,yolov8l-modified
76481135061,FORWARD_PROPAGATE_LAYER,336,/model.22/cv2.1/cv2.1.0/conv/Conv:OpId_1769 (cycles),0,cycles,DSP,yolov8l-modified
76481135061,FORWARD_PROPAGATE_LAYER,337,/model.22/cv2.1/cv2.1.0/act/Sigmoid:OpId_1772 (cycles),0,cycles,DSP,yolov8l-modified
76481135061,FORWARD_PROPAGATE_LAYER,338,/model.22/cv2.1/cv2.1.0/act/Mul:OpId_1779 (cycles),122527,cycles,DSP,yolov8l-modified
76481135061,FORWARD_PROPAGATE_LAYER,339,/model.22/cv2.1/cv2.1.1/conv/Conv:OpId_1786 (cycles),0,cycles,DSP,yolov8l-modified
76481135061,FORWARD_PROPAGATE_LAYER,340,/model.22/cv2.1/cv2.1.1/act/Sigmoid:OpId_1789 (cycles),0,cycles,DSP,yolov8l-modified
76481135061,FORWARD_PROPAGATE_LAYER,341,/model.22/cv2.1/cv2.1.1/act/Mul:OpId_1796 (cycles),21819,cycles,DSP,yolov8l-modified
76481135061,FORWARD_PROPAGATE_LAYER,342,/model.22/cv2.1/cv2.1.2/Conv:OpId_1803 (cycles),4442,cycles,DSP,yolov8l-modified
76481135061,FORWARD_PROPAGATE_LAYER,343,/model.22/cv2.1/cv2.1.2/Conv_output_0.nchw:OpId_1807 (cycles),270201,cycles,DSP,yolov8l-modified
76481135061,FORWARD_PROPAGATE_LAYER,344,/model.22/Reshape_2:OpId_1808 (cycles),3764,cycles,DSP,yolov8l-modified
76481135061,FORWARD_PROPAGATE_LAYER,345,/model.22/Transpose_2:OpId_1810 (cycles),96997,cycles,DSP,yolov8l-modified
76481135061,FORWARD_PROPAGATE_LAYER,346,/model.22/Softmax_1:OpId_1811 (cycles),532556,cycles,DSP,yolov8l-modified
76481135061,FORWARD_PROPAGATE_LAYER,347,/model.22/Transpose_3:OpId_1815 (cycles),32256,cycles,DSP,yolov8l-modified
76481135061,FORWARD_PROPAGATE_LAYER,348,/model.22/proj_conv_1/Conv:OpId_1820 (cycles),14770,cycles,DSP,yolov8l-modified
76481135061,FORWARD_PROPAGATE_LAYER,349,/model.22/Gather_1_output_0_pre_reshape.nchw:OpId_1824 (cycles),0,cycles,DSP,yolov8l-modified
76481135061,FORWARD_PROPAGATE_LAYER,350,Reshape_post_/model.22/Gather_1:OpId_1825 (cycles),35557,cycles,DSP,yolov8l-modified
76481135061,FORWARD_PROPAGATE_LAYER,351,/model.22/Reshape_3_output_0.nhwc:OpId_1827 (cycles),7109,cycles,DSP,yolov8l-modified
76481135061,FORWARD_PROPAGATE_LAYER,352,/model.22/cv3.1/cv3.1.0/conv/Conv:OpId_1833 (cycles),0,cycles,DSP,yolov8l-modified
76481135061,FORWARD_PROPAGATE_LAYER,353,/model.22/cv3.1/cv3.1.0/act/Sigmoid:OpId_1836 (cycles),0,cycles,DSP,yolov8l-modified
76481135061,FORWARD_PROPAGATE_LAYER,354,/model.22/cv3.1/cv3.1.0/act/Mul:OpId_1843 (cycles),486030,cycles,DSP,yolov8l-modified
76481135061,FORWARD_PROPAGATE_LAYER,355,/model.22/cv3.1/cv3.1.1/conv/Conv:OpId_1850 (cycles),0,cycles,DSP,yolov8l-modified
76481135061,FORWARD_PROPAGATE_LAYER,356,/model.22/cv3.1/cv3.1.1/act/Sigmoid:OpId_1853 (cycles),0,cycles,DSP,yolov8l-modified
76481135061,FORWARD_PROPAGATE_LAYER,357,/model.22/cv3.1/cv3.1.1/act/Mul:OpId_1860 (cycles),256472,cycles,DSP,yolov8l-modified
76481135061,FORWARD_PROPAGATE_LAYER,358,/model.22/cv3.1/cv3.1.2/Conv:OpId_1867 (cycles),0,cycles,DSP,yolov8l-modified
76481135061,FORWARD_PROPAGATE_LAYER,359,/model.22/Sigmoid_1:OpId_1870 (cycles),21753,cycles,DSP,yolov8l-modified
76481135061,FORWARD_PROPAGATE_LAYER,360,/model.22/ReduceMax_1:OpId_1878 (cycles),101356,cycles,DSP,yolov8l-modified
76481135061,FORWARD_PROPAGATE_LAYER,361,/model.22/Concat_1:OpId_1880 (cycles),23021,cycles,DSP,yolov8l-modified
76481135061,FORWARD_PROPAGATE_LAYER,362,/model.22/cv2.2/cv2.2.0/conv/Conv:OpId_1887 (cycles),0,cycles,DSP,yolov8l-modified
76481135061,FORWARD_PROPAGATE_LAYER,363,/model.22/cv2.2/cv2.2.0/act/Sigmoid:OpId_1890 (cycles),0,cycles,DSP,yolov8l-modified
76481135061,FORWARD_PROPAGATE_LAYER,364,/model.22/cv2.2/cv2.2.0/act/Mul:OpId_1897 (cycles),40105,cycles,DSP,yolov8l-modified
76481135061,FORWARD_PROPAGATE_LAYER,365,/model.22/cv2.2/cv2.2.1/conv/Conv:OpId_1904 (cycles),0,cycles,DSP,yolov8l-modified
76481135061,FORWARD_PROPAGATE_LAYER,366,/model.22/cv2.2/cv2.2.1/act/Sigmoid:OpId_1907 (cycles),0,cycles,DSP,yolov8l-modified
76481135061,FORWARD_PROPAGATE_LAYER,367,/model.22/cv2.2/cv2.2.1/act/Mul:OpId_1914 (cycles),7295,cycles,DSP,yolov8l-modified
76481135061,FORWARD_PROPAGATE_LAYER,368,/model.22/cv2.2/cv2.2.2/Conv:OpId_1921 (cycles),1841,cycles,DSP,yolov8l-modified
76481135061,FORWARD_PROPAGATE_LAYER,369,/model.22/cv2.2/cv2.2.2/Conv_output_0.nchw:OpId_1925 (cycles),22849,cycles,DSP,yolov8l-modified
76481135061,FORWARD_PROPAGATE_LAYER,370,/model.22/Reshape_4:OpId_1926 (cycles),17803,cycles,DSP,yolov8l-modified
76481135061,FORWARD_PROPAGATE_LAYER,371,/model.22/Transpose_4:OpId_1928 (cycles),24786,cycles,DSP,yolov8l-modified
76481135061,FORWARD_PROPAGATE_LAYER,372,/model.22/Softmax_2:OpId_1929 (cycles),117525,cycles,DSP,yolov8l-modified
76481135061,FORWARD_PROPAGATE_LAYER,373,/model.22/Transpose_5:OpId_1933 (cycles),7310,cycles,DSP,yolov8l-modified
76481135061,FORWARD_PROPAGATE_LAYER,374,/model.22/proj_conv_2/Conv:OpId_1938 (cycles),1445,cycles,DSP,yolov8l-modified
76481135061,FORWARD_PROPAGATE_LAYER,375,/model.22/Gather_2_output_0_pre_reshape.nchw:OpId_1942 (cycles),0,cycles,DSP,yolov8l-modified
76481135061,FORWARD_PROPAGATE_LAYER,376,Reshape_post_/model.22/Gather_2:OpId_1943 (cycles),8084,cycles,DSP,yolov8l-modified
76481135061,FORWARD_PROPAGATE_LAYER,377,/model.22/Reshape_5_output_0.nhwc:OpId_1945 (cycles),3865,cycles,DSP,yolov8l-modified
76481135061,FORWARD_PROPAGATE_LAYER,378,/model.22/cv3.2/cv3.2.0/conv/Conv:OpId_1951 (cycles),0,cycles,DSP,yolov8l-modified
76481135061,FORWARD_PROPAGATE_LAYER,379,/model.22/cv3.2/cv3.2.0/act/Sigmoid:OpId_1954 (cycles),0,cycles,DSP,yolov8l-modified
76481135061,FORWARD_PROPAGATE_LAYER,380,/model.22/cv3.2/cv3.2.0/act/Mul:OpId_1961 (cycles),148872,cycles,DSP,yolov8l-modified
76481135061,FORWARD_PROPAGATE_LAYER,381,/model.22/cv3.2/cv3.2.1/conv/Conv:OpId_1968 (cycles),0,cycles,DSP,yolov8l-modified
76481135061,FORWARD_PROPAGATE_LAYER,382,/model.22/cv3.2/cv3.2.1/act/Sigmoid:OpId_1971 (cycles),0,cycles,DSP,yolov8l-modified
76481135061,FORWARD_PROPAGATE_LAYER,383,/model.22/cv3.2/cv3.2.1/act/Mul:OpId_1978 (cycles),78827,cycles,DSP,yolov8l-modified
76481135061,FORWARD_PROPAGATE_LAYER,384,/model.22/cv3.2/cv3.2.2/Conv:OpId_1985 (cycles),0,cycles,DSP,yolov8l-modified
76481135061,FORWARD_PROPAGATE_LAYER,385,/model.22/Sigmoid_2:OpId_1988 (cycles),7007,cycles,DSP,yolov8l-modified
76481135061,FORWARD_PROPAGATE_LAYER,386,/model.22/ReduceMax_2:OpId_1996 (cycles),26209,cycles,DSP,yolov8l-modified
76481135061,FORWARD_PROPAGATE_LAYER,387,/model.22/Concat_2:OpId_1998 (cycles),6319,cycles,DSP,yolov8l-modified
76481135061,FORWARD_PROPAGATE_LAYER,388,Output OpId_3 (cycles),771259,cycles,DSP,yolov8l-modified
76481135061,EXECUTE_TIME_SUBNET_0,,,49123704,cycles,DSP,yolov8l-modified
76481135061,TOTAL_INFERENCE_TIME,,,46453,us,,yolov8l-modified
76481135061,FORWARD_PROPAGATE,,,46420,us,,yolov8l-modified
76481135061,FORWARD_PROPAGATE_LAYER,0,Input OpId_2 (cycles),0,cycles,DSP,yolov8l-modified
76481135061,FORWARD_PROPAGATE_LAYER,1,split_images:OpId_17 (cycles),4237578,cycles,DSP,yolov8l-modified
76481135061,FORWARD_PROPAGATE_LAYER,2,concat_images:OpId_19 (cycles),2798771,cycles,DSP,yolov8l-modified
76481135061,FORWARD_PROPAGATE_LAYER,3,/model.0/conv/Conv:OpId_26 (cycles),0,cycles,DSP,yolov8l-modified
76481135061,FORWARD_PROPAGATE_LAYER,4,/model.0/act/Sigmoid:OpId_29 (cycles),0,cycles,DSP,yolov8l-modified
76481135061,FORWARD_PROPAGATE_LAYER,5,/model.0/act/Mul:OpId_36 (cycles),4339447,cycles,DSP,yolov8l-modified
76481135061,FORWARD_PROPAGATE_LAYER,6,/model.1/conv/Conv:OpId_43 (cycles),0,cycles,DSP,yolov8l-modified
76481135061,FORWARD_PROPAGATE_LAYER,7,/model.1/act/Sigmoid:OpId_46 (cycles),0,cycles,DSP,yolov8l-modified
76481135061,FORWARD_PROPAGATE_LAYER,8,/model.1/act/Mul:OpId_53 (cycles),2207728,cycles,DSP,yolov8l-modified
76481135061,FORWARD_PROPAGATE_LAYER,9,/model.2/cv1/conv/Conv:OpId_60 (cycles),0,cycles,DSP,yolov8l-modified
76481135061,FORWARD_PROPAGATE_LAYER,10,/model.2/cv1/act/Sigmoid:OpId_63 (cycles),0,cycles,DSP,yolov8l-modified
76481135061,FORWARD_PROPAGATE_LAYER,11,/model.2/cv1/act/Mul:OpId_70 (cycles),322015,cycles,DSP,yolov8l-modified
76481135061,FORWARD_PROPAGATE_LAYER,12,/model.2/Slice:OpId_73 (cycles),0,cycles,DSP,yolov8l-modified
76481135061,FORWARD_PROPAGATE_LAYER,13,/model.2/Slice_1:OpId_79 (cycles),0,cycles,DSP,yolov8l-modified
76481135061,FORWARD_PROPAGATE_LAYER,14,/model.2/m.0/cv1/conv/Conv:OpId_89 (cycles),0,cycles,DSP,yolov8l-modified
76481135061,FORWARD_PROPAGATE_LAYER,15,/model.2/m.0/cv1/act/Sigmoid:OpId_92 (cycles),0,cycles,DSP,yolov8l-modified
76481135061,FORWARD_PROPAGATE_LAYER,16,/model.2/m.0/cv1/act/Mul:OpId_99 (cycles),326987,cycles,DSP,yolov8l-modified
76481135061,FORWARD_PROPAGATE_LAYER,17,/model.2/m.0/cv2/conv/Conv:OpId_106 (cycles),0,cycles,DSP,yolov8l-modified
76481135061,FORWARD_PROPAGATE_LAYER,18,/model.2/m.0/cv2/act/Sigmoid:OpId_109 (cycles),0,cycles,DSP,yolov8l-modified
76481135061,FORWARD_PROPAGATE_LAYER,19,/model.2/m.0/cv2/act/Mul:OpId_116 (cycles),316800,cycles,DSP,yolov8l-modified
76481135061,FORWARD_PROPAGATE_LAYER,20,/model.2/m.0/Add:OpId_118 (cycles),38795,cycles,DSP,yolov8l-modified
76481135061,FORWARD_PROPAGATE_LAYER,21,/model.2/m.1/cv1/conv/Conv:OpId_125 (cycles),0,cycles,DSP,yolov8l-modified
76481135061,FORWARD_PROPAGATE_LAYER,22,/model.2/m.1/cv1/act/Sigmoid:OpId_128 (cycles),0,cycles,DSP,yolov8l-modified
76481135061,FORWARD_PROPAGATE_LAYER,23,/model.2/m.1/cv1/act/Mul:OpId_135 (cycles),319730,cycles,DSP,yolov8l-modified
76481135061,FORWARD_PROPAGATE_LAYER,24,/model.2/m.1/cv2/conv/Conv:OpId_142 (cycles),0,cycles,DSP,yolov8l-modified
76481135061,FORWARD_PROPAGATE_LAYER,25,/model.2/m.1/cv2/act/Sigmoid:OpId_145 (cycles),0,cycles,DSP,yolov8l-modified
76481135061,FORWARD_PROPAGATE_LAYER,26,/model.2/m.1/cv2/act/Mul:OpId_152 (cycles),322148,cycles,DSP,yolov8l-modified
76481135061,FORWARD_PROPAGATE_LAYER,27,/model.2/m.1/Add:OpId_154 (cycles),32713,cycles,DSP,yolov8l-modified
76481135061,FORWARD_PROPAGATE_LAYER,28,/model.2/m.2/cv1/conv/Conv:OpId_161 (cycles),0,cycles,DSP,yolov8l-modified
76481135061,FORWARD_PROPAGATE_LAYER,29,/model.2/m.2/cv1/act/Sigmoid:OpId_164 (cycles),0,cycles,DSP,yolov8l-modified
76481135061,FORWARD_PROPAGATE_LAYER,30,/model.2/m.2/cv1/act/Mul:OpId_171 (cycles),320573,cycles,DSP,yolov8l-modified
76481135061,FORWARD_PROPAGATE_LAYER,31,/model.2/m.2/cv2/conv/Conv:OpId_178 (cycles),0,cycles,DSP,yolov8l-modified
76481135061,FORWARD_PROPAGATE_LAYER,32,/model.2/m.2/cv2/act/Sigmoid:OpId_181 (cycles),0,cycles,DSP,yolov8l-modified
76481135061,FORWARD_PROPAGATE_LAYER,33,/model.2/m.2/cv2/act/Mul:OpId_188 (cycles),318502,cycles,DSP,yolov8l-modified
76481135061,FORWARD_PROPAGATE_LAYER,34,/model.2/m.2/Add:OpId_190 (cycles),31223,cycles,DSP,yolov8l-modified
76481135061,FORWARD_PROPAGATE_LAYER,35,/model.2/Concat:OpId_192 (cycles),0,cycles,DSP,yolov8l-modified
76481135061,FORWARD_PROPAGATE_LAYER,36,/model.2/cv2/conv/Conv:OpId_199 (cycles),0,cycles,DSP,yolov8l-modified
76481135061,FORWARD_PROPAGATE_LAYER,37,/model.2/cv2/act/Sigmoid:OpId_202 (cycles),0,cycles,DSP,yolov8l-modified
76481135061,FORWARD_PROPAGATE_LAYER,38,/model.2/cv2/act/Mul:OpId_209 (cycles),473633,cycles,DSP,yolov8l-modified
76481135061,FORWARD_PROPAGATE_LAYER,39,/model.3/conv/Conv:OpId_216 (cycles),0,cycles,DSP,yolov8l-modified
76481135061,FORWARD_PROPAGATE_LAYER,40,/model.3/act/Sigmoid:OpId_219 (cycles),0,cycles,DSP,yolov8l-modified
76481135061,FORWARD_PROPAGATE_LAYER,41,/model.3/act/Mul:OpId_226 (cycles),1475908,cycles,DSP,yolov8l-modified
76481135061,FORWARD_PROPAGATE_LAYER,42,/model.4/cv1/conv/Conv:OpId_233 (cycles),0,cycles,DSP,yolov8l-modified
76481135061,FORWARD_PROPAGATE_LAYER,43,/model.4/cv1/act/Sigmoid:OpId_236 (cycles),0,cycles,DSP,yolov8l-modified
76481135061,FORWARD_PROPAGATE_LAYER,44,/model.4/cv1/act/Mul:OpId_243 (cycles),210708,cycles,DSP,yolov8l-modified
76481135061,FORWARD_PROPAGATE_LAYER,45,/model.4/Slice:OpId_246 (cycles),0,cycles,DSP,yolov8l-modified
76481135061,FORWARD_PROPAGATE_LAYER,46,/model.4/Slice_1:OpId_252 (cycles),0,cycles,DSP,yolov8l-modified
76481135061,FORWARD_PROPAGATE_LAYER,47,/model.4/m.0/cv1/conv/Conv:OpId_262 (cycles),0,cycles,DSP,yolov8l-modified
76481135061,FORWARD_PROPAGATE_LAYER,48,/model.4/m.0/cv1/act/Sigmoid:OpId_265 (cycles),0,cycles,DSP,yolov8l-modified
76481135061,FORWARD_PROPAGATE_LAYER,49,/model.4/m.0/cv1/act/Mul:OpId_272 (cycles),275807,cycles,DSP,yolov8l-modified
76481135061,FORWARD_PROPAGATE_LAYER,50,/model.4/m.0/cv2/conv/Conv:OpId_279 (cycles),0,cycles,DSP,yolov8l-modified
76481135061,FORWARD_PROPAGATE_LAYER,51,/model.4/m.0/cv2/act/Sigmoid:OpId_282 (cycles),0,cycles,DSP,yolov8l-modified
76481135061,FORWARD_PROPAGATE_LAYER,52,/model.4/m.0/cv2/act/Mul:OpId_289 (cycles),275495,cycles,DSP,yolov8l-modified
76481135061,FORWARD_PROPAGATE_LAYER,53,/model.4/m.0/Add:OpId_291 (cycles),35872,cycles,DSP,yolov8l-modified
76481135061,FORWARD_PROPAGATE_LAYER,54,/model.4/m.1/cv1/conv/Conv:OpId_298 (cycles),0,cycles,DSP,yolov8l-modified
76481135061,FORWARD_PROPAGATE_LAYER,55,/model.4/m.1/cv1/act/Sigmoid:OpId_301 (cycles),0,cycles,DSP,yolov8l-modified
76481135061,FORWARD_PROPAGATE_LAYER,56,/model.4/m.1/cv1/act/Mul:OpId_308 (cycles),277354,cycles,DSP,yolov8l-modified
76481135061,FORWARD_PROPAGATE_LAYER,57,/model.4/m.1/cv2/conv/Conv:OpId_315 (cycles),0,cycles,DSP,yolov8l-modified
76481135061,FORWARD_PROPAGATE_LAYER,58,/model.4/m.1/cv2/act/Sigmoid:OpId_318 (cycles),0,cycles,DSP,yolov8l-modified
76481135061,FORWARD_PROPAGATE_LAYER,59,/model.4/m.1/cv2/act/Mul:OpId_325 (cycles),274247,cycles,DSP,yolov8l-modified
76481135061,FORWARD_PROPAGATE_LAYER,60,/model.4/m.1/Add:OpId_327 (cycles),35384,cycles,DSP,yolov8l-modified
76481135061,FORWARD_PROPAGATE_LAYER,61,/model.4/m.2/cv1/conv/Conv:OpId_334 (cycles),0,cycles,DSP,yolov8l-modified
76481135061,FORWARD_PROPAGATE_LAYER,62,/model.4/m.2/cv1/act/Sigmoid:OpId_337 (cycles),0,cycles,DSP,yolov8l-modified
76481135061,FORWARD_PROPAGATE_LAYER,63,/model.4/m.2/cv1/act/Mul:OpId_344 (cycles),285883,cycles,DSP,yolov8l-modified
76481135061,FORWARD_PROPAGATE_LAYER,64,/model.4/m.2/cv2/conv/Conv:OpId_351 (cycles),0,cycles,DSP,yolov8l-modified
76481135061,FORWARD_PROPAGATE_LAYER,65,/model.4/m.2/cv2/act/Sigmoid:OpId_354 (cycles),0,cycles,DSP,yolov8l-modified
76481135061,FORWARD_PROPAGATE_LAYER,66,/model.4/m.2/cv2/act/Mul:OpId_361 (cycles),275794,cycles,DSP,yolov8l-modified
76481135061,FORWARD_PROPAGATE_LAYER,67,/model.4/m.2/Add:OpId_363 (cycles),34019,cycles,DSP,yolov8l-modified
76481135061,FORWARD_PROPAGATE_LAYER,68,/model.4/m.3/cv1/conv/Conv:OpId_370 (cycles),0,cycles,DSP,yolov8l-modified
76481135061,FORWARD_PROPAGATE_LAYER,69,/model.4/m.3/cv1/act/Sigmoid:OpId_373 (cycles),0,cycles,DSP,yolov8l-modified
76481135061,FORWARD_PROPAGATE_LAYER,70,/model.4/m.3/cv1/act/Mul:OpId_380 (cycles),303325,cycles,DSP,yolov8l-modified
76481135061,FORWARD_PROPAGATE_LAYER,71,/model.4/m.3/cv2/conv/Conv:OpId_387 (cycles),0,cycles,DSP,yolov8l-modified
76481135061,FORWARD_PROPAGATE_LAYER,72,/model.4/m.3/cv2/act/Sigmoid:OpId_390 (cycles),0,cycles,DSP,yolov8l-modified
76481135061,FORWARD_PROPAGATE_LAYER,73,/model.4/m.3/cv2/act/Mul:OpId_397 (cycles),274272,cycles,DSP,yolov8l-modified
76481135061,FORWARD_PROPAGATE_LAYER,74,/model.4/m.3/Add:OpId_399 (cycles),22430,cycles,DSP,yolov8l-modified
76481135061,FORWARD_PROPAGATE_LAYER,75,/model.4/m.4/cv1/conv/Conv:OpId_406 (cycles),0,cycles,DSP,yolov8l-modified
76481135061,FORWARD_PROPAGATE_LAYER,76,/model.4/m.4/cv1/act/Sigmoid:OpId_409 (cycles),0,cycles,DSP,yolov8l-modified
76481135061,FORWARD_PROPAGATE_LAYER,77,/model.4/m.4/cv1/act/Mul:OpId_416 (cycles),303606,cycles,DSP,yolov8l-modified
76481135061,FORWARD_PROPAGATE_LAYER,78,/model.4/m.4/cv2/conv/Conv:OpId_423 (cycles),0,cycles,DSP,yolov8l-modified
76481135061,FORWARD_PROPAGATE_LAYER,79,/model.4/m.4/cv2/act/Sigmoid:OpId_426 (cycles),0,cycles,DSP,yolov8l-modified
76481135061,FORWARD_PROPAGATE_LAYER,80,/model.4/m.4/cv2/act/Mul:OpId_433 (cycles),273507,cycles,DSP,yolov8l-modified
76481135061,FORWARD_PROPAGATE_LAYER,81,/model.4/m.4/Add:OpId_435 (cycles),16476,cycles,DSP,yolov8l-modified
76481135061,FORWARD_PROPAGATE_LAYER,82,/model.4/m.5/cv1/conv/Conv:OpId_442 (cycles),0,cycles,DSP,yolov8l-modified
76481135061,FORWARD_PROPAGATE_LAYER,83,/model.4/m.5/cv1/act/Sigmoid:OpId_445 (cycles),0,cycles,DSP,yolov8l-modified
76481135061,FORWARD_PROPAGATE_LAYER,84,/model.4/m.5/cv1/act/Mul:OpId_452 (cycles),305955,cycles,DSP,yolov8l-modified
76481135061,FORWARD_PROPAGATE_LAYER,85,/model.4/m.5/cv2/conv/Conv:OpId_459 (cycles),0,cycles,DSP,yolov8l-modified
76481135061,FORWARD_PROPAGATE_LAYER,86,/model.4/m.5/cv2/act/Sigmoid:OpId_462 (cycles),0,cycles,DSP,yolov8l-modified
76481135061,FORWARD_PROPAGATE_LAYER,87,/model.4/m.5/cv2/act/Mul:OpId_469 (cycles),275102,cycles,DSP,yolov8l-modified
76481135061,FORWARD_PROPAGATE_LAYER,88,/model.4/m.5/Add:OpId_471 (cycles),17837,cycles,DSP,yolov8l-modified
76481135061,FORWARD_PROPAGATE_LAYER,89,/model.4/Concat:OpId_473 (cycles),0,cycles,DSP,yolov8l-modified
76481135061,FORWARD_PROPAGATE_LAYER,90,/model.4/cv2/conv/Conv:OpId_480 (cycles),0,cycles,DSP,yolov8l-modified
76481135061,FORWARD_PROPAGATE_LAYER,91,/model.4/cv2/act/Sigmoid:OpId_483 (cycles),0,cycles,DSP,yolov8l-modified
76481135061,FORWARD_PROPAGATE_LAYER,92,/model.4/cv2/act/Mul:OpId_490 (cycles),616195,cycles,DSP,yolov8l-modified
76481135061,FORWARD_PROPAGATE_LAYER,93,/model.5/conv/Conv:OpId_497 (cycles),0,cycles,DSP,yolov8l-modified
76481135061,FORWARD_PROPAGATE_LAYER,94,/model.5/act/Sigmoid:OpId_500 (cycles),0,cycles,DSP,yolov8l-modified
76481135061,FORWARD_PROPAGATE_LAYER,95,/model.5/act/Mul:OpId_507 (cycles),1095568,cycles,DSP,yolov8l-modified
76481135061,FORWARD_PROPAGATE_LAYER,96,/model.6/cv1/conv/Conv:OpId_514 (cycles),0,cycles,DSP,yolov8l-modified
76481135061,FORWARD_PROPAGATE_LAYER,97,/model.6/cv1/act/Sigmoid:OpId_517 (cycles),0,cycles,DSP,yolov8l-modified
76481135061,FORWARD_PROPAGATE_LAYER,98,/model.6/cv1/act/Mul:OpId_524 (cycles),163894,cycles,DSP,yolov8l-modified
76481135061,FORWARD_PROPAGATE_LAYER,99,/model.6/Slice:OpId_527 (cycles),0,cycles,DSP,yolov8l-modified
76481135061,FORWARD_PROPAGATE_LAYER,100,/model.6/Slice_1:OpId_533 (cycles),0,cycles,DSP,yolov8l-modified
76481135061,FORWARD_PROPAGATE_LAYER,101,/model.6/m.0/cv1/conv/Conv:OpId_543 (cycles),0,cycles,DSP,yolov8l-modified
76481135061,FORWARD_PROPAGATE_LAYER,102,/model.6/m.0/cv1/act/Sigmoid:OpId_546 (cycles),0,cycles,DSP,yolov8l-modified
76481135061,FORWARD_PROPAGATE_LAYER,103,/model.6/m.0/cv1/act/Mul:OpId_553 (cycles),257038,cycles,DSP,yolov8l-modified
76481135061,FORWARD_PROPAGATE_LAYER,104,/model.6/m.0/cv2/conv/Conv:OpId_560 (cycles),0,cycles,DSP,yolov8l-modified
76481135061,FORWARD_PROPAGATE_LAYER,105,/model.6/m.0/cv2/act/Sigmoid:OpId_563 (cycles),0,cycles,DSP,yolov8l-modified
76481135061,FORWARD_PROPAGATE_LAYER,106,/model.6/m.0/cv2/act/Mul:OpId_570 (cycles),285959,cycles,DSP,yolov8l-modified
76481135061,FORWARD_PROPAGATE_LAYER,107,/model.6/m.0/Add:OpId_572 (cycles),16863,cycles,DSP,yolov8l-modified
76481135061,FORWARD_PROPAGATE_LAYER,108,/model.6/m.1/cv1/conv/Conv:OpId_579 (cycles),0,cycles,DSP,yolov8l-modified
76481135061,FORWARD_PROPAGATE_LAYER,109,/model.6/m.1/cv1/act/Sigmoid:OpId_582 (cycles),0,cycles,DSP,yolov8l-modified
76481135061,FORWARD_PROPAGATE_LAYER,110,/model.6/m.1/cv1/act/Mul:OpId_589 (cycles),255643,cycles,DSP,yolov8l-modified
76481135061,FORWARD_PROPAGATE_LAYER,111,/model.6/m.1/cv2/conv/Conv:OpId_596 (cycles),0,cycles,DSP,yolov8l-modified
76481135061,FORWARD_PROPAGATE_LAYER,112,/model.6/m.1/cv2/act/Sigmoid:OpId_599 (cycles),0,cycles,DSP,yolov8l-modified
76481135061,FORWARD_PROPAGATE_LAYER,113,/model.6/m.1/cv2/act/Mul:OpId_606 (cycles),288120,cycles,DSP,yolov8l-modified
76481135061,FORWARD_PROPAGATE_LAYER,114,/model.6/m.1/Add:OpId_608 (cycles),18639,cycles,DSP,yolov8l-modified
76481135061,FORWARD_PROPAGATE_LAYER,115,/model.6/m.2/cv1/conv/Conv:OpId_615 (cycles),0,cycles,DSP,yolov8l-modified
76481135061,FORWARD_PROPAGATE_LAYER,116,/model.6/m.2/cv1/act/Sigmoid:OpId_618 (cycles),0,cycles,DSP,yolov8l-modified
76481135061,FORWARD_PROPAGATE_LAYER,117,/model.6/m.2/cv1/act/Mul:OpId_625 (cycles),278813,cycles,DSP,yolov8l-modified
76481135061,FORWARD_PROPAGATE_LAYER,118,/model.6/m.2/cv2/conv/Conv:OpId_632 (cycles),0,cycles,DSP,yolov8l-modified
76481135061,FORWARD_PROPAGATE_LAYER,119,/model.6/m.2/cv2/act/Sigmoid:OpId_635 (cycles),0,cycles,DSP,yolov8l-modified
76481135061,FORWARD_PROPAGATE_LAYER,120,/model.6/m.2/cv2/act/Mul:OpId_642 (cycles),285205,cycles,DSP,yolov8l-modified
76481135061,FORWARD_PROPAGATE_LAYER,121,/model.6/m.2/Add:OpId_644 (cycles),18174,cycles,DSP,yolov8l-modified
76481135061,FORWARD_PROPAGATE_LAYER,122,/model.6/m.3/cv1/conv/Conv:OpId_651 (cycles),0,cycles,DSP,yolov8l-modified
76481135061,FORWARD_PROPAGATE_LAYER,123,/model.6/m.3/cv1/act/Sigmoid:OpId_654 (cycles),0,cycles,DSP,yolov8l-modified
76481135061,FORWARD_PROPAGATE_LAYER,124,/model.6/m.3/cv1/act/Mul:OpId_661 (cycles),284797,cycles,DSP,yolov8l-modified
76481135061,FORWARD_PROPAGATE_LAYER,125,/model.6/m.3/cv2/conv/Conv:OpId_668 (cycles),0,cycles,DSP,yolov8l-modified
76481135061,FORWARD_PROPAGATE_LAYER,126,/model.6/m.3/cv2/act/Sigmoid:OpId_671 (cycles),0,cycles,DSP,yolov8l-modified
76481135061,FORWARD_PROPAGATE_LAYER,127,/model.6/m.3/cv2/act/Mul:OpId_678 (cycles),283626,cycles,DSP,yolov8l-modified
76481135061,FORWARD_PROPAGATE_LAYER,128,/model.6/m.3/Add:OpId_680 (cycles),16868,cycles,DSP,yolov8l-modified
76481135061,FORWARD_PROPAGATE_LAYER,129,/model.6/m.4/cv1/conv/Conv:OpId_687 (cycles),0,cycles,DSP,yolov8l-modified
76481135061,FORWARD_PROPAGATE_LAYER,130,/model.6/m.4/cv1/act/Sigmoid:OpId_690 (cycles),0,cycles,DSP,yolov8l-modified
76481135061,FORWARD_PROPAGATE_LAYER,131,/model.6/m.4/cv1/act/Mul:OpId_697 (cycles),289031,cycles,DSP,yolov8l-modified
76481135061,FORWARD_PROPAGATE_LAYER,132,/model.6/m.4/cv2/conv/Conv:OpId_704 (cycles),0,cycles,DSP,yolov8l-modified
76481135061,FORWARD_PROPAGATE_LAYER,133,/model.6/m.4/cv2/act/Sigmoid:OpId_707 (cycles),0,cycles,DSP,yolov8l-modified
76481135061,FORWARD_PROPAGATE_LAYER,134,/model.6/m.4/cv2/act/Mul:OpId_714 (cycles),284982,cycles,DSP,yolov8l-modified
76481135061,FORWARD_PROPAGATE_LAYER,135,/model.6/m.4/Add:OpId_716 (cycles),18563,cycles,DSP,yolov8l-modified
76481135061,FORWARD_PROPAGATE_LAYER,136,/model.6/m.5/cv1/conv/Conv:OpId_723 (cycles),0,cycles,DSP,yolov8l-modified
76481135061,FORWARD_PROPAGATE_LAYER,137,/model.6/m.5/cv1/act/Sigmoid:OpId_726 (cycles),0,cycles,DSP,yolov8l-modified
76481135061,FORWARD_PROPAGATE_LAYER,138,/model.6/m.5/cv1/act/Mul:OpId_733 (cycles),299458,cycles,DSP,yolov8l-modified
76481135061,FORWARD_PROPAGATE_LAYER,139,/model.6/m.5/cv2/conv/Conv:OpId_740 (cycles),0,cycles,DSP,yolov8l-modified
76481135061,FORWARD_PROPAGATE_LAYER,140,/model.6/m.5/cv2/act/Sigmoid:OpId_743 (cycles),0,cycles,DSP,yolov8l-modified
76481135061,FORWARD_PROPAGATE_LAYER,141,/model.6/m.5/cv2/act/Mul:OpId_750 (cycles),284028,cycles,DSP,yolov8l-modified
76481135061,FORWARD_PROPAGATE_LAYER,142,/model.6/m.5/Add:OpId_752 (cycles),17641,cycles,DSP,yolov8l-modified
76481135061,FORWARD_PROPAGATE_LAYER,143,/model.6/Concat:OpId_754 (cycles),0,cycles,DSP,yolov8l-modified
76481135061,FORWARD_PROPAGATE_LAYER,144,/model.6/cv2/conv/Conv:OpId_761 (cycles),0,cycles,DSP,yolov8l-modified
76481135061,FORWARD_PROPAGATE_LAYER,145,/model.6/cv2/act/Sigmoid:OpId_764 (cycles),0,cycles,DSP,yolov8l-modified
76481135061,FORWARD_PROPAGATE_LAYER,146,/model.6/cv2/act/Mul:OpId_771 (cycles),559755,cycles,DSP,yolov8l-modified
76481135061,FORWARD_PROPAGATE_LAYER,147,/model.7/conv/Conv:OpId_778 (cycles),0,cycles,DSP,yolov8l-modified
76481135061,FORWARD_PROPAGATE_LAYER,148,/model.7/act/Sigmoid:OpId_781 (cycles),0,cycles,DSP,yolov8l-modified
76481135061,FORWARD_PROPAGATE_LAYER,149,/model.7/act/Mul:OpId_788 (cycles),999598,cycles,DSP,yolov8l-modified
76481135061,FORWARD_PROPAGATE_LAYER,150,/model.8/cv1/conv/Conv:OpId_795 (cycles),0,cycles,DSP,yolov8l-modified
76481135061,FORWARD_PROPAGATE_LAYER,151,/model.8/cv1/act/Sigmoid:OpId_798 (cycles),0,cycles,DSP,yolov8l-modified
76481135061,FORWARD_PROPAGATE_LAYER,152,/model.8/cv1/act/Mul:OpId_805 (cycles),52672,cycles,DSP,yolov8l-modified
76481135061,FORWARD_PROPAGATE_LAYER,153,/model.8/Slice:OpId_808 (cycles),0,cycles,DSP,yolov8l-modified
76481135061,FORWARD_PROPAGATE_LAYER,154,/model.8/Slice_1:OpId_814 (cycles),0,cycles,DSP,yolov8l-modified
76481135061,FORWARD_PROPAGATE_LAYER,155,/model.8/m.0/cv1/conv/Conv:OpId_824 (cycles),0,cycles,DSP,yolov8l-modified
76481135061,FORWARD_PROPAGATE_LAYER,156,/model.8/m.0/cv1/act/Sigmoid:OpId_827 (cycles),0,cycles,DSP,yolov8l-modified
76481135061,FORWARD_PROPAGATE_LAYER,157,/model.8/m.0/cv1/act/Mul:OpId_834 (cycles),84606,cycles,DSP,yolov8l-modified
76481135061,FORWARD_PROPAGATE_LAYER,158,/model.8/m.0/cv2/conv/Conv:OpId_841 (cycles),0,cycles,DSP,yolov8l-modified
76481135061,FORWARD_PROPAGATE_LAYER,159,/model.8/m.0/cv2/act/Sigmoid:OpId_844 (cycles),0,cycles,DSP,yolov8l-modified
76481135061,FORWARD_PROPAGATE_LAYER,160,/model.8/m.0/cv2/act/Mul:OpId_851 (cycles),78698,cycles,DSP,yolov8l-modified
76481135061,FORWARD_PROPAGATE_LAYER,161,/model.8/m.0/Add:OpId_853 (cycles),4711,cycles,DSP,yolov8l-modified
76481135061,FORWARD_PROPAGATE_LAYER,162,/model.8/m.1/cv1/conv/Conv:OpId_860 (cycles),0,cycles,DSP,yolov8l-modified
76481135061,FORWARD_PROPAGATE_LAYER,163,/model.8/m.1/cv1/act/Sigmoid:OpId_863 (cycles),0,cycles,DSP,yolov8l-modified
76481135061,FORWARD_PROPAGATE_LAYER,164,/model.8/m.1/cv1/act/Mul:OpId_870 (cycles),81524,cycles,DSP,yolov8l-modified
76481135061,FORWARD_PROPAGATE_LAYER,165,/model.8/m.1/cv2/conv/Conv:OpId_877 (cycles),0,cycles,DSP,yolov8l-modified
76481135061,FORWARD_PROPAGATE_LAYER,166,/model.8/m.1/cv2/act/Sigmoid:OpId_880 (cycles),0,cycles,DSP,yolov8l-modified
76481135061,FORWARD_PROPAGATE_LAYER,167,/model.8/m.1/cv2/act/Mul:OpId_887 (cycles),79406,cycles,DSP,yolov8l-modified
76481135061,FORWARD_PROPAGATE_LAYER,168,/model.8/m.1/Add:OpId_889 (cycles),5549,cycles,DSP,yolov8l-modified
76481135061,FORWARD_PROPAGATE_LAYER,169,/model.8/m.2/cv1/conv/Conv:OpId_896 (cycles),0,cycles,DSP,yolov8l-modified
76481135061,FORWARD_PROPAGATE_LAYER,170,/model.8/m.2/cv1/act/Sigmoid:OpId_899 (cycles),0,cycles,DSP,yolov8l-modified
76481135061,FORWARD_PROPAGATE_LAYER,171,/model.8/m.2/cv1/act/Mul:OpId_906 (cycles),81460,cycles,DSP,yolov8l-modified
76481135061,FORWARD_PROPAGATE_LAYER,172,/model.8/m.2/cv2/conv/Conv:OpId_913 (cycles),0,cycles,DSP,yolov8l-modified
76481135061,FORWARD_PROPAGATE_LAYER,173,/model.8/m.2/cv2/act/Sigmoid:OpId_916 (cycles),0,cycles,DSP,yolov8l-modified
76481135061,FORWARD_PROPAGATE_LAYER,174,/model.8/m.2/cv2/act/Mul:OpId_923 (cycles),79399,cycles,DSP,yolov8l-modified
76481135061,FORWARD_PROPAGATE_LAYER,175,/model.8/m.2/Add:OpId_925 (cycles),3965,cycles,DSP,yolov8l-modified
76481135061,FORWARD_PROPAGATE_LAYER,176,/model.8/Concat:OpId_927 (cycles),0,cycles,DSP,yolov8l-modified
76481135061,FORWARD_PROPAGATE_LAYER,177,/model.8/cv2/conv/Conv:OpId_934 (cycles),0,cycles,DSP,yolov8l-modified
76481135061,FORWARD_PROPAGATE_LAYER,178,/model.8/cv2/act/Sigmoid:OpId_937 (cycles),0,cycles,DSP,yolov8l-modified
76481135061,FORWARD_PROPAGATE_LAYER,179,/model.8/cv2/act/Mul:OpId_944 (cycles),97848,cycles,DSP,yolov8l-modified
76481135061,FORWARD_PROPAGATE_LAYER,180,/model.9/cv1/conv/Conv:OpId_951 (cycles),0,cycles,DSP,yolov8l-modified
76481135061,FORWARD_PROPAGATE_LAYER,181,/model.9/cv1/act/Sigmoid:OpId_954 (cycles),0,cycles,DSP,yolov8l-modified
76481135061,FORWARD_PROPAGATE_LAYER,182,/model.9/cv1/act/Mul:OpId_961 (cycles),22885,cycles,DSP,yolov8l-modified
76481135061,FORWARD_PROPAGATE_LAYER,183,/model.9/m/MaxPool:OpId_966 (cycles),234646,cycles,DSP,yolov8l-modified
76481135061,FORWARD_PROPAGATE_LAYER,184,/model.9/m_1/MaxPool:OpId_971 (cycles),196161,cycles,DSP,yolov8l-modified
76481135061,FORWARD_PROPAGATE_LAYER,185,/model.9/m_2/MaxPool:OpId_976 (cycles),197358,cycles,DSP,yolov8l-modified
76481135061,FORWARD_PROPAGATE_LAYER,186,/model.9/Concat:OpId_978 (cycles),0,cycles,DSP,yolov8l-modified
76481135061,FORWARD_PROPAGATE_LAYER,187,/model.9/cv2/conv/Conv:OpId_985 (cycles),0,cycles,DSP,yolov8l-modified
76481135061,FORWARD_PROPAGATE_LAYER,188,/model.9/cv2/act/Sigmoid:OpId_988 (cycles),0,cycles,DSP,yolov8l-modified
76481135061,FORWARD_PROPAGATE_LAYER,189,/model.9/cv2/act/Mul:OpId_995 (cycles),105540,cycles,DSP,yolov8l-modified
76481135061,FORWARD_PROPAGATE_LAYER,190,/model.10/Resize:OpId_997 (cycles),104683,cycles,DSP,yolov8l-modified
76481135061,FORWARD_PROPAGATE_LAYER,191,/model.11/Concat:OpId_1000 (cycles),0,cycles,DSP,yolov8l-modified
76481135061,FORWARD_PROPAGATE_LAYER,192,/model.12/cv1/conv/Conv:OpId_1007 (cycles),0,cycles,DSP,yolov8l-modified
76481135061,FORWARD_PROPAGATE_LAYER,193,/model.12/cv1/act/Sigmoid:OpId_1010 (cycles),0,cycles,DSP,yolov8l-modified
76481135061,FORWARD_PROPAGATE_LAYER,194,/model.12/cv1/act/Mul:OpId_1017 (cycles),265730,cycles,DSP,yolov8l-modified
76481135061,FORWARD_PROPAGATE_LAYER,195,/model.12/Slice:OpId_1020 (cycles),0,cycles,DSP,yolov8l-modified
76481135061,FORWARD_PROPAGATE_LAYER,196,/model.12/Slice_1:OpId_1026 (cycles),0,cycles,DSP,yolov8l-modified
76481135061,FORWARD_PROPAGATE_LAYER,197,/model.12/m.0/cv1/conv/Conv:OpId_1036 (cycles),0,cycles,DSP,yolov8l-modified
76481135061,FORWARD_PROPAGATE_LAYER,198,/model.12/m.0/cv1/act/Sigmoid:OpId_1039 (cycles),0,cycles,DSP,yolov8l-modified
76481135061,FORWARD_PROPAGATE_LAYER,199,/model.12/m.0/cv1/act/Mul:OpId_1046 (cycles),255790,cycles,DSP,yolov8l-modified
76481135061,FORWARD_PROPAGATE_LAYER,200,/model.12/m.0/cv2/conv/Conv:OpId_1053 (cycles),0,cycles,DSP,yolov8l-modified
76481135061,FORWARD_PROPAGATE_LAYER,201,/model.12/m.0/cv2/act/Sigmoid:OpId_1056 (cycles),0,cycles,DSP,yolov8l-modified
76481135061,FORWARD_PROPAGATE_LAYER,202,/model.12/m.0/cv2/act/Mul:OpId_1063 (cycles),255709,cycles,DSP,yolov8l-modified
76481135061,FORWARD_PROPAGATE_LAYER,203,/model.12/m.1/cv1/conv/Conv:OpId_1070 (cycles),0,cycles,DSP,yolov8l-modified
76481135061,FORWARD_PROPAGATE_LAYER,204,/model.12/m.1/cv1/act/Sigmoid:OpId_1073 (cycles),0,cycles,DSP,yolov8l-modified
76481135061,FORWARD_PROPAGATE_LAYER,205,/model.12/m.1/cv1/act/Mul:OpId_1080 (cycles),257359,cycles,DSP,yolov8l-modified
76481135061,FORWARD_PROPAGATE_LAYER,206,/model.12/m.1/cv2/conv/Conv:OpId_1087 (cycles),0,cycles,DSP,yolov8l-modified
76481135061,FORWARD_PROPAGATE_LAYER,207,/model.12/m.1/cv2/act/Sigmoid:OpId_1090 (cycles),0,cycles,DSP,yolov8l-modified
76481135061,FORWARD_PROPAGATE_LAYER,208,/model.12/m.1/cv2/act/Mul:OpId_1097 (cycles),255716,cycles,DSP,yolov8l-modified
76481135061,FORWARD_PROPAGATE_LAYER,209,/model.12/m.2/cv1/conv/Conv:OpId_1104 (cycles),0,cycles,DSP,yolov8l-modified
76481135061,FORWARD_PROPAGATE_LAYER,210,/model.12/m.2/cv1/act/Sigmoid:OpId_1107 (cycles),0,cycles,DSP,yolov8l-modified
76481135061,FORWARD_PROPAGATE_LAYER,211,/model.12/m.2/cv1/act/Mul:OpId_1114 (cycles),255614,cycles,DSP,yolov8l-modified
76481135061,FORWARD_PROPAGATE_LAYER,212,/model.12/m.2/cv2/conv/Conv:OpId_1121 (cycles),0,cycles,DSP,yolov8l-modified
76481135061,FORWARD_PROPAGATE_LAYER,213,/model.12/m.2/cv2/act/Sigmoid:OpId_1124 (cycles),0,cycles,DSP,yolov8l-modified
76481135061,FORWARD_PROPAGATE_LAYER,214,/model.12/m.2/cv2/act/Mul:OpId_1131 (cycles),258429,cycles,DSP,yolov8l-modified
76481135061,FORWARD_PROPAGATE_LAYER,215,/model.12/Concat:OpId_1133 (cycles),0,cycles,DSP,yolov8l-modified
76481135061,FORWARD_PROPAGATE_LAYER,216,/model.12/cv2/conv/Conv:OpId_1140 (cycles),0,cycles,DSP,yolov8l-modified
76481135061,FORWARD_PROPAGATE_LAYER,217,/model.12/cv2/act/Sigmoid:OpId_1143 (cycles),0,cycles,DSP,yolov8l-modified
76481135061,FORWARD_PROPAGATE_LAYER,218,/model.12/cv2/act/Mul:OpId_1150 (cycles),354128,cycles,DSP,yolov8l-modified
76481135061,FORWARD_PROPAGATE_LAYER,219,/model.13/Resize:OpId_1152 (cycles),382723,cycles,DSP,yolov8l-modified
76481135061,FORWARD_PROPAGATE_LAYER,220,/model.14/Concat:OpId_1155 (cycles),0,cycles,DSP,yolov8l-modified
76481135061,FORWARD_PROPAGATE_LAYER,221,/model.15/cv1/conv/Conv:OpId_1162 (cycles),0,cycles,DSP,yolov8l-modified
76481135061,FORWARD_PROPAGATE_LAYER,222,/model.15/cv1/act/Sigmoid:OpId_1165 (cycles),0,cycles,DSP,yolov8l-modified
76481135061,FORWARD_PROPAGATE_LAYER,223,/model.15/cv1/act/Mul:OpId_1172 (cycles),427627,cycles,DSP,yolov8l-modified
76481135061,FORWARD_PROPAGATE_LAYER,224,/model.15/Slice:OpId_1175 (cycles),0,cycles,DSP,yolov8l-modified
76481135061,FORWARD_PROPAGATE_LAYER,225,/model.15/Slice_1:OpId_1181 (cycles),0,cycles,DSP,yolov8l-modified
76481135061,FORWARD_PROPAGATE_LAYER,226,/model.15/m.0/cv1/conv/Conv:OpId_1191 (cycles),0,cycles,DSP,yolov8l-modified
76481135061,FORWARD_PROPAGATE_LAYER,227,/model.15/m.0/cv1/act/Sigmoid:OpId_1194 (cycles),0,cycles,DSP,yolov8l-modified
76481135061,FORWARD_PROPAGATE_LAYER,228,/model.15/m.0/cv1/act/Mul:OpId_1201 (cycles),288531,cycles,DSP,yolov8l-modified
76481135061,FORWARD_PROPAGATE_LAYER,229,/model.15/m.0/cv2/conv/Conv:OpId_1208 (cycles),0,cycles,DSP,yolov8l-modified
76481135061,FORWARD_PROPAGATE_LAYER,230,/model.15/m.0/cv2/act/Sigmoid:OpId_1211 (cycles),0,cycles,DSP,yolov8l-modified
76481135061,FORWARD_PROPAGATE_LAYER,231,/model.15/m.0/cv2/act/Mul:OpId_1218 (cycles),278331,cycles,DSP,yolov8l-modified
76481135061,FORWARD_PROPAGATE_LAYER,232,/model.15/m.1/cv1/conv/Conv:OpId_1225 (cycles),0,cycles,DSP,yolov8l-modified
76481135061,FORWARD_PROPAGATE_LAYER,233,/model.15/m.1/cv1/act/Sigmoid:OpId_1228 (cycles),0,cycles,DSP,yolov8l-modified
76481135061,FORWARD_PROPAGATE_LAYER,234,/model.15/m.1/cv1/act/Mul:OpId_1235 (cycles),279345,cycles,DSP,yolov8l-modified
76481135061,FORWARD_PROPAGATE_LAYER,235,/model.15/m.1/cv2/conv/Conv:OpId_1242 (cycles),0,cycles,DSP,yolov8l-modified
76481135061,FORWARD_PROPAGATE_LAYER,236,/model.15/m.1/cv2/act/Sigmoid:OpId_1245 (cycles),0,cycles,DSP,yolov8l-modified
76481135061,FORWARD_PROPAGATE_LAYER,237,/model.15/m.1/cv2/act/Mul:OpId_1252 (cycles),276300,cycles,DSP,yolov8l-modified
76481135061,FORWARD_PROPAGATE_LAYER,238,/model.15/m.2/cv1/conv/Conv:OpId_1259 (cycles),0,cycles,DSP,yolov8l-modified
76481135061,FORWARD_PROPAGATE_LAYER,239,/model.15/m.2/cv1/act/Sigmoid:OpId_1262 (cycles),0,cycles,DSP,yolov8l-modified
76481135061,FORWARD_PROPAGATE_LAYER,240,/model.15/m.2/cv1/act/Mul:OpId_1269 (cycles),278759,cycles,DSP,yolov8l-modified
76481135061,FORWARD_PROPAGATE_LAYER,241,/model.15/m.2/cv2/conv/Conv:OpId_1276 (cycles),0,cycles,DSP,yolov8l-modified
76481135061,FORWARD_PROPAGATE_LAYER,242,/model.15/m.2/cv2/act/Sigmoid:OpId_1279 (cycles),0,cycles,DSP,yolov8l-modified
76481135061,FORWARD_PROPAGATE_LAYER,243,/model.15/m.2/cv2/act/Mul:OpId_1286 (cycles),279483,cycles,DSP,yolov8l-modified
76481135061,FORWARD_PROPAGATE_LAYER,244,/model.15/Concat:OpId_1288 (cycles),0,cycles,DSP,yolov8l-modified
76481135061,FORWARD_PROPAGATE_LAYER,245,/model.15/cv2/conv/Conv:OpId_1295 (cycles),0,cycles,DSP,yolov8l-modified
76481135061,FORWARD_PROPAGATE_LAYER,246,/model.15/cv2/act/Sigmoid:OpId_1298 (cycles),0,cycles,DSP,yolov8l-modified
76481135061,FORWARD_PROPAGATE_LAYER,247,/model.15/cv2/act/Mul:OpId_1305 (cycles),431930,cycles,DSP,yolov8l-modified
76481135061,FORWARD_PROPAGATE_LAYER,248,/model.16/conv/Conv:OpId_1312 (cycles),0,cycles,DSP,yolov8l-modified
76481135061,FORWARD_PROPAGATE_LAYER,249,/model.16/act/Sigmoid:OpId_1315 (cycles),0,cycles,DSP,yolov8l-modified
76481135061,FORWARD_PROPAGATE_LAYER,250,/model.16/act/Mul:OpId_1322 (cycles),715418,cycles,DSP,yolov8l-modified
76481135061,FORWARD_PROPAGATE_LAYER,251,/model.17/Concat:OpId_1324 (cycles),0,cycles,DSP,yolov8l-modified
76481135061,FORWARD_PROPAGATE_LAYER,252,/model.18/cv1/conv/Conv:OpId_1331 (cycles),0,cycles,DSP,yolov8l-modified
76481135061,FORWARD_PROPAGATE_LAYER,253,/model.18/cv1/act/Sigmoid:OpId_1334 (cycles),0,cycles,DSP,yolov8l-modified
76481135061,FORWARD_PROPAGATE_LAYER,254,/model.18/cv1/act/Mul:OpId_1341 (cycles),203333,cycles,DSP,yolov8l-modified
76481135061,FORWARD_PROPAGATE_LAYER,255,/model.18/Slice:OpId_1344 (cycles),0,cycles,DSP,yolov8l-modified
76481135061,FORWARD_PROPAGATE_LAYER,256,/model.18/Slice_1:OpId_1350 (cycles),0,cycles,DSP,yolov8l-modified
76481135061,FORWARD_PROPAGATE_LAYER,257,/model.18/m.0/cv1/conv/Conv:OpId_1360 (cycles),0,cycles,DSP,yolov8l-modified
76481135061,FORWARD_PROPAGATE_LAYER,258,/model.18/m.0/cv1/act/Sigmoid:OpId_1363 (cycles),0,cycles,DSP,yolov8l-modified
76481135061,FORWARD_PROPAGATE_LAYER,259,/model.18/m.0/cv1/act/Mul:OpId_1370 (cycles),263714,cycles,DSP,yolov8l-modified
76481135061,FORWARD_PROPAGATE_LAYER,260,/model.18/m.0/cv2/conv/Conv:OpId_1377 (cycles),0,cycles,DSP,yolov8l-modified
76481135061,FORWARD_PROPAGATE_LAYER,261,/model.18/m.0/cv2/act/Sigmoid:OpId_1380 (cycles),0,cycles,DSP,yolov8l-modified
76481135061,FORWARD_PROPAGATE_LAYER,262,/model.18/m.0/cv2/act/Mul:OpId_1387 (cycles),256465,cycles,DSP,yolov8l-modified
76481135061,FORWARD_PROPAGATE_LAYER,263,/model.18/m.1/cv1/conv/Conv:OpId_1394 (cycles),0,cycles,DSP,yolov8l-modified
76481135061,FORWARD_PROPAGATE_LAYER,264,/model.18/m.1/cv1/act/Sigmoid:OpId_1397 (cycles),0,cycles,DSP,yolov8l-modified
76481135061,FORWARD_PROPAGATE_LAYER,265,/model.18/m.1/cv1/act/Mul:OpId_1404 (cycles),256656,cycles,DSP,yolov8l-modified
76481135061,FORWARD_PROPAGATE_LAYER,266,/model.18/m.1/cv2/conv/Conv:OpId_1411 (cycles),0,cycles,DSP,yolov8l-modified
76481135061,FORWARD_PROPAGATE_LAYER,267,/model.18/m.1/cv2/act/Sigmoid:OpId_1414 (cycles),0,cycles,DSP,yolov8l-modified
76481135061,FORWARD_PROPAGATE_LAYER,268,/model.18/m.1/cv2/act/Mul:OpId_1421 (cycles),256287,cycles,DSP,yolov8l-modified
76481135061,FORWARD_PROPAGATE_LAYER,269,/model.18/m.2/cv1/conv/Conv:OpId_1428 (cycles),0,cycles,DSP,yolov8l-modified
76481135061,FORWARD_PROPAGATE_LAYER,270,/model.18/m.2/cv1/act/Sigmoid:OpId_1431 (cycles),0,cycles,DSP,yolov8l-modified
76481135061,FORWARD_PROPAGATE_LAYER,271,/model.18/m.2/cv1/act/Mul:OpId_1438 (cycles),254503,cycles,DSP,yolov8l-modified
76481135061,FORWARD_PROPAGATE_LAYER,272,/model.18/m.2/cv2/conv/Conv:OpId_1445 (cycles),0,cycles,DSP,yolov8l-modified
76481135061,FORWARD_PROPAGATE_LAYER,273,/model.18/m.2/cv2/act/Sigmoid:OpId_1448 (cycles),0,cycles,DSP,yolov8l-modified
76481135061,FORWARD_PROPAGATE_LAYER,274,/model.18/m.2/cv2/act/Mul:OpId_1455 (cycles),254625,cycles,DSP,yolov8l-modified
76481135061,FORWARD_PROPAGATE_LAYER,275,/model.18/Concat:OpId_1457 (cycles),0,cycles,DSP,yolov8l-modified
76481135061,FORWARD_PROPAGATE_LAYER,276,/model.18/cv2/conv/Conv:OpId_1464 (cycles),0,cycles,DSP,yolov8l-modified
76481135061,FORWARD_PROPAGATE_LAYER,277,/model.18/cv2/act/Sigmoid:OpId_1467 (cycles),0,cycles,DSP,yolov8l-modified
76481135061,FORWARD_PROPAGATE_LAYER,278,/model.18/cv2/act/Mul:OpId_1474 (cycles),320952,cycles,DSP,yolov8l-modified
76481135061,FORWARD_PROPAGATE_LAYER,279,/model.19/conv/Conv:OpId_1481 (cycles),0,cycles,DSP,yolov8l-modified
76481135061,FORWARD_PROPAGATE_LAYER,280,/model.19/act/Sigmoid:OpId_1484 (cycles),0,cycles,DSP,yolov8l-modified
76481135061,FORWARD_PROPAGATE_LAYER,281,/model.19/act/Mul:OpId_1491 (cycles),956073,cycles,DSP,yolov8l-modified
76481135061,FORWARD_PROPAGATE_LAYER,282,/model.20/Concat:OpId_1493 (cycles),0,cycles,DSP,yolov8l-modified
76481135061,FORWARD_PROPAGATE_LAYER,283,/model.21/cv1/conv/Conv:OpId_1500 (cycles),0,cycles,DSP,yolov8l-modified
76481135061,FORWARD_PROPAGATE_LAYER,284,/model.21/cv1/act/Sigmoid:OpId_1503 (cycles),0,cycles,DSP,yolov8l-modified
76481135061,FORWARD_PROPAGATE_LAYER,285,/model.21/cv1/act/Mul:OpId_1510 (cycles),90266,cycles,DSP,yolov8l-modified
76481135061,FORWARD_PROPAGATE_LAYER,286,/model.21/Slice:OpId_1513 (cycles),0,cycles,DSP,yolov8l-modified
76481135061,FORWARD_PROPAGATE_LAYER,287,/model.21/Slice_1:OpId_1519 (cycles),0,cycles,DSP,yolov8l-modified
76481135061,FORWARD_PROPAGATE_LAYER,288,/model.21/m.0/cv1/conv/Conv:OpId_1529 (cycles),0,cycles,DSP,yolov8l-modified
76481135061,FORWARD_PROPAGATE_LAYER,289,/model.21/m.0/cv1/act/Sigmoid:OpId_1532 (cycles),0,cycles,DSP,yolov8l-modified
76481135061,FORWARD_PROPAGATE_LAYER,290,/model.21/m.0/cv1/act/Mul:OpId_1539 (cycles),81899,cycles,DSP,yolov8l-modified
76481135061,FORWARD_PROPAGATE_LAYER,291,/model.21/m.0/cv2/conv/Conv:OpId_1546 (cycles),0,cycles,DSP,yolov8l-modified
76481135061,FORWARD_PROPAGATE_LAYER,292,/model.21/m.0/cv2/act/Sigmoid:OpId_1549 (cycles),0,cycles,DSP,yolov8l-modified
76481135061,FORWARD_PROPAGATE_LAYER,293,/model.21/m.0/cv2/act/Mul:OpId_1556 (cycles),79437,cycles,DSP,yolov8l-modified
76481135061,FORWARD_PROPAGATE_LAYER,294,/model.21/m.1/cv1/conv/Conv:OpId_1563 (cycles),0,cycles,DSP,yolov8l-modified
76481135061,FORWARD_PROPAGATE_LAYER,295,/model.21/m.1/cv1/act/Sigmoid:OpId_1566 (cycles),0,cycles,DSP,yolov8l-modified
76481135061,FORWARD_PROPAGATE_LAYER,296,/model.21/m.1/cv1/act/Mul:OpId_1573 (cycles),80581,cycles,DSP,yolov8l-modified
76481135061,FORWARD_PROPAGATE_LAYER,297,/model.21/m.1/cv2/conv/Conv:OpId_1580 (cycles),0,cycles,DSP,yolov8l-modified
76481135061,FORWARD_PROPAGATE_LAYER,298,/model.21/m.1/cv2/act/Sigmoid:OpId_1583 (cycles),0,cycles,DSP,yolov8l-modified
76481135061,FORWARD_PROPAGATE_LAYER,299,/model.21/m.1/cv2/act/Mul:OpId_1590 (cycles),80054,cycles,DSP,yolov8l-modified
76481135061,FORWARD_PROPAGATE_LAYER,300,/model.21/m.2/cv1/conv/Conv:OpId_1597 (cycles),0,cycles,DSP,yolov8l-modified
76481135061,FORWARD_PROPAGATE_LAYER,301,/model.21/m.2/cv1/act/Sigmoid:OpId_1600 (cycles),0,cycles,DSP,yolov8l-modified
76481135061,FORWARD_PROPAGATE_LAYER,302,/model.21/m.2/cv1/act/Mul:OpId_1607 (cycles),81608,cycles,DSP,yolov8l-modified
76481135061,FORWARD_PROPAGATE_LAYER,303,/model.21/m.2/cv2/conv/Conv:OpId_1614 (cycles),0,cycles,DSP,yolov8l-modified
76481135061,FORWARD_PROPAGATE_LAYER,304,/model.21/m.2/cv2/act/Sigmoid:OpId_1617 (cycles),0,cycles,DSP,yolov8l-modified
76481135061,FORWARD_PROPAGATE_LAYER,305,/model.21/m.2/cv2/act/Mul:OpId_1624 (cycles),81656,cycles,DSP,yolov8l-modified
76481135061,FORWARD_PROPAGATE_LAYER,306,/model.21/Concat:OpId_1626 (cycles),0,cycles,DSP,yolov8l-modified
76481135061,FORWARD_PROPAGATE_LAYER,307,/model.21/cv2/conv/Conv:OpId_1633 (cycles),0,cycles,DSP,yolov8l-modified
76481135061,FORWARD_PROPAGATE_LAYER,308,/model.21/cv2/act/Sigmoid:OpId_1636 (cycles),0,cycles,DSP,yolov8l-modified
76481135061,FORWARD_PROPAGATE_LAYER,309,/model.21/cv2/act/Mul:OpId_1643 (cycles),103076,cycles,DSP,yolov8l-modified
76481135061,FORWARD_PROPAGATE_LAYER,310,/model.22/cv2.0/cv2.0.0/conv/Conv:OpId_1650 (cycles),0,cycles,DSP,yolov8l-modified
76481135061,FORWARD_PROPAGATE_LAYER,311,/model.22/cv2.0/cv2.0.0/act/Sigmoid:OpId_1653 (cycles),0,cycles,DSP,yolov8l-modified
76481135061,FORWARD_PROPAGATE_LAYER,312,/model.22/cv2.0/cv2.0.0/act/Mul:OpId_1660 (cycles),255959,cycles,DSP,yolov8l-modified
76481135061,FORWARD_PROPAGATE_LAYER,313,/model.22/cv2.0/cv2.0.1/conv/Conv:OpId_1667 (cycles),0,cycles,DSP,yolov8l-modified
76481135061,FORWARD_PROPAGATE_LAYER,314,/model.22/cv2.0/cv2.0.1/act/Sigmoid:OpId_1670 (cycles),0,cycles,DSP,yolov8l-modified
76481135061,FORWARD_PROPAGATE_LAYER,315,/model.22/cv2.0/cv2.0.1/act/Mul:OpId_1677 (cycles),82010,cycles,DSP,yolov8l-modified
76481135061,FORWARD_PROPAGATE_LAYER,316,/model.22/cv2.0/cv2.0.2/Conv:OpId_1684 (cycles),10855,cycles,DSP,yolov8l-modified
76481135061,FORWARD_PROPAGATE_LAYER,317,/model.22/cv2.0/cv2.0.2/Conv_output_0.nchw:OpId_1688 (cycles),205414,cycles,DSP,yolov8l-modified
76481135061,FORWARD_PROPAGATE_LAYER,318,/model.22/Reshape:OpId_1689 (cycles),365119,cycles,DSP,yolov8l-modified
76481135061,FORWARD_PROPAGATE_LAYER,319,/model.22/Transpose:OpId_1691 (cycles),323997,cycles,DSP,yolov8l-modified
76481135061,FORWARD_PROPAGATE_LAYER,320,/model.22/Softmax:OpId_1692 (cycles),1851256,cycles,DSP,yolov8l-modified
76481135061,FORWARD_PROPAGATE_LAYER,321,/model.22/Transpose_1:OpId_1696 (cycles),108496,cycles,DSP,yolov8l-modified
76481135061,FORWARD_PROPAGATE_LAYER,322,/model.22/proj_conv/Conv:OpId_1702 (cycles),186026,cycles,DSP,yolov8l-modified
76481135061,FORWARD_PROPAGATE_LAYER,323,/model.22/Gather_output_0_pre_reshape.nchw:OpId_1706 (cycles),0,cycles,DSP,yolov8l-modified
76481135061,FORWARD_PROPAGATE_LAYER,324,Reshape_post_/model.22/Gather:OpId_1707 (cycles),158988,cycles,DSP,yolov8l-modified
76481135061,FORWARD_PROPAGATE_LAYER,325,/model.22/Reshape_1_output_0.nhwc:OpId_1709 (cycles),30524,cycles,DSP,yolov8l-modified
76481135061,FORWARD_PROPAGATE_LAYER,326,/model.22/cv3.0/cv3.0.0/conv/Conv:OpId_1715 (cycles),0,cycles,DSP,yolov8l-modified
76481135061,FORWARD_PROPAGATE_LAYER,327,/model.22/cv3.0/cv3.0.0/act/Sigmoid:OpId_1718 (cycles),0,cycles,DSP,yolov8l-modified
76481135061,FORWARD_PROPAGATE_LAYER,328,/model.22/cv3.0/cv3.0.0/act/Mul:OpId_1725 (cycles),1019605,cycles,DSP,yolov8l-modified
76481135061,FORWARD_PROPAGATE_LAYER,329,/model.22/cv3.0/cv3.0.1/conv/Conv:OpId_1732 (cycles),0,cycles,DSP,yolov8l-modified
76481135061,FORWARD_PROPAGATE_LAYER,330,/model.22/cv3.0/cv3.0.1/act/Sigmoid:OpId_1735 (cycles),0,cycles,DSP,yolov8l-modified
76481135061,FORWARD_PROPAGATE_LAYER,331,/model.22/cv3.0/cv3.0.1/act/Mul:OpId_1742 (cycles),1027054,cycles,DSP,yolov8l-modified
76481135061,FORWARD_PROPAGATE_LAYER,332,/model.22/cv3.0/cv3.0.2/Conv:OpId_1749 (cycles),0,cycles,DSP,yolov8l-modified
76481135061,FORWARD_PROPAGATE_LAYER,333,/model.22/Sigmoid:OpId_1752 (cycles),72424,cycles,DSP,yolov8l-modified
76481135061,FORWARD_PROPAGATE_LAYER,334,/model.22/ReduceMax:OpId_1760 (cycles),439322,cycles,DSP,yolov8l-modified
76481135061,FORWARD_PROPAGATE_LAYER,335,/model.22/Concat:OpId_1762 (cycles),94455,cycles,DSP,yolov8l-modified
76481135061,FORWARD_PROPAGATE_LAYER,336,/model.22/cv2.1/cv2.1.0/conv/Conv:OpId_1769 (cycles),0,cycles,DSP,yolov8l-modified
76481135061,FORWARD_PROPAGATE_LAYER,337,/model.22/cv2.1/cv2.1.0/act/Sigmoid:OpId_1772 (cycles),0,cycles,DSP,yolov8l-modified
76481135061,FORWARD_PROPAGATE_LAYER,338,/model.22/cv2.1/cv2.1.0/act/Mul:OpId_1779 (cycles),122839,cycles,DSP,yolov8l-modified
76481135061,FORWARD_PROPAGATE_LAYER,339,/model.22/cv2.1/cv2.1.1/conv/Conv:OpId_1786 (cycles),0,cycles,DSP,yolov8l-modified
76481135061,FORWARD_PROPAGATE_LAYER,340,/model.22/cv2.1/cv2.1.1/act/Sigmoid:OpId_1789 (cycles),0,cycles,DSP,yolov8l-modified
76481135061,FORWARD_PROPAGATE_LAYER,341,/model.22/cv2.1/cv2.1.1/act/Mul:OpId_1796 (cycles),20857,cycles,DSP,yolov8l-modified
76481135061,FORWARD_PROPAGATE_LAYER,342,/model.22/cv2.1/cv2.1.2/Conv:OpId_1803 (cycles),4465,cycles,DSP,yolov8l-modified
76481135061,FORWARD_PROPAGATE_LAYER,343,/model.22/cv2.1/cv2.1.2/Conv_output_0.nchw:OpId_1807 (cycles),266828,cycles,DSP,yolov8l-modified
76481135061,FORWARD_PROPAGATE_LAYER,344,/model.22/Reshape_2:OpId_1808 (cycles),3733,cycles,DSP,yolov8l-modified
76481135061,FORWARD_PROPAGATE_LAYER,345,/model.22/Transpose_2:OpId_1810 (cycles),101049,cycles,DSP,yolov8l-modified
76481135061,FORWARD_PROPAGATE_LAYER,346,/model.22/Softmax_1:OpId_1811 (cycles),525628,cycles,DSP,yolov8l-modified
76481135061,FORWARD_PROPAGATE_LAYER,347,/model.22/Transpose_3:OpId_1815 (cycles),31471,cycles,DSP,yolov8l-modified
76481135061,FORWARD_PROPAGATE_LAYER,348,/model.22/proj_conv_1/Conv:OpId_1820 (cycles),15078,cycles,DSP,yolov8l-modified
76481135061,FORWARD_PROPAGATE_LAYER,349,/model.22/Gather_1_output_0_pre_reshape.nchw:OpId_1824 (cycles),0,cycles,DSP,yolov8l-modified
76481135061,FORWARD_PROPAGATE_LAYER,350,Reshape_post_/model.22/Gather_1:OpId_1825 (cycles),35483,cycles,DSP,yolov8l-modified
76481135061,FORWARD_PROPAGATE_LAYER,351,/model.22/Reshape_3_output_0.nhwc:OpId_1827 (cycles),7715,cycles,DSP,yolov8l-modified
76481135061,FORWARD_PROPAGATE_LAYER,352,/model.22/cv3.1/cv3.1.0/conv/Conv:OpId_1833 (cycles),0,cycles,DSP,yolov8l-modified
76481135061,FORWARD_PROPAGATE_LAYER,353,/model.22/cv3.1/cv3.1.0/act/Sigmoid:OpId_1836 (cycles),0,cycles,DSP,yolov8l-modified
76481135061,FORWARD_PROPAGATE_LAYER,354,/model.22/cv3.1/cv3.1.0/act/Mul:OpId_1843 (cycles),486577,cycles,DSP,yolov8l-modified
76481135061,FORWARD_PROPAGATE_LAYER,355,/model.22/cv3.1/cv3.1.1/conv/Conv:OpId_1850 (cycles),0,cycles,DSP,yolov8l-modified
76481135061,FORWARD_PROPAGATE_LAYER,356,/model.22/cv3.1/cv3.1.1/act/Sigmoid:OpId_1853 (cycles),0,cycles,DSP,yolov8l-modified
76481135061,FORWARD_PROPAGATE_LAYER,357,/model.22/cv3.1/cv3.1.1/act/Mul:OpId_1860 (cycles),257205,cycles,DSP,yolov8l-modified
76481135061,FORWARD_PROPAGATE_LAYER,358,/model.22/cv3.1/cv3.1.2/Conv:OpId_1867 (cycles),0,cycles,DSP,yolov8l-modified
76481135061,FORWARD_PROPAGATE_LAYER,359,/model.22/Sigmoid_1:OpId_1870 (cycles),21462,cycles,DSP,yolov8l-modified
76481135061,FORWARD_PROPAGATE_LAYER,360,/model.22/ReduceMax_1:OpId_1878 (cycles),100683,cycles,DSP,yolov8l-modified
76481135061,FORWARD_PROPAGATE_LAYER,361,/model.22/Concat_1:OpId_1880 (cycles),22871,cycles,DSP,yolov8l-modified
76481135061,FORWARD_PROPAGATE_LAYER,362,/model.22/cv2.2/cv2.2.0/conv/Conv:OpId_1887 (cycles),0,cycles,DSP,yolov8l-modified
76481135061,FORWARD_PROPAGATE_LAYER,363,/model.22/cv2.2/cv2.2.0/act/Sigmoid:OpId_1890 (cycles),0,cycles,DSP,yolov8l-modified
76481135061,FORWARD_PROPAGATE_LAYER,364,/model.22/cv2.2/cv2.2.0/act/Mul:OpId_1897 (cycles),40233,cycles,DSP,yolov8l-modified
76481135061,FORWARD_PROPAGATE_LAYER,365,/model.22/cv2.2/cv2.2.1/conv/Conv:OpId_1904 (cycles),0,cycles,DSP,yolov8l-modified
76481135061,FORWARD_PROPAGATE_LAYER,366,/model.22/cv2.2/cv2.2.1/act/Sigmoid:OpId_1907 (cycles),0,cycles,DSP,yolov8l-modified
76481135061,FORWARD_PROPAGATE_LAYER,367,/model.22/cv2.2/cv2.2.1/act/Mul:OpId_1914 (cycles),7178,cycles,DSP,yolov8l-modified
76481135061,FORWARD_PROPAGATE_LAYER,368,/model.22/cv2.2/cv2.2.2/Conv:OpId_1921 (cycles),2043,cycles,DSP,yolov8l-modified
76481135061,FORWARD_PROPAGATE_LAYER,369,/model.22/cv2.2/cv2.2.2/Conv_output_0.nchw:OpId_1925 (cycles),22937,cycles,DSP,yolov8l-modified
76481135061,FORWARD_PROPAGATE_LAYER,370,/model.22/Reshape_4:OpId_1926 (cycles),18018,cycles,DSP,yolov8l-modified
76481135061,FORWARD_PROPAGATE_LAYER,371,/model.22/Transpose_4:OpId_1928 (cycles),23801,cycles,DSP,yolov8l-modified
76481135061,FORWARD_PROPAGATE_LAYER,372,/model.22/Softmax_2:OpId_1929 (cycles),118258,cycles,DSP,yolov8l-modified
76481135061,FORWARD_PROPAGATE_LAYER,373,/model.22/Transpose_5:OpId_1933 (cycles),7145,cycles,DSP,yolov8l-modified
76481135061,FORWARD_PROPAGATE_LAYER,374,/model.22/proj_conv_2/Conv:OpId_1938 (cycles),1448,cycles,DSP,yolov8l-modified
76481135061,FORWARD_PROPAGATE_LAYER,375,/model.22/Gather_2_output_0_pre_reshape.nchw:OpId_1942 (cycles),0,cycles,DSP,yolov8l-modified
76481135061,FORWARD_PROPAGATE_LAYER,376,Reshape_post_/model.22/Gather_2:OpId_1943 (cycles),8155,cycles,DSP,yolov8l-modified
76481135061,FORWARD_PROPAGATE_LAYER,377,/model.22/Reshape_5_output_0.nhwc:OpId_1945 (cycles),2910,cycles,DSP,yolov8l-modified
76481135061,FORWARD_PROPAGATE_LAYER,378,/model.22/cv3.2/cv3.2.0/conv/Conv:OpId_1951 (cycles),0,cycles,DSP,yolov8l-modified
76481135061,FORWARD_PROPAGATE_LAYER,379,/model.22/cv3.2/cv3.2.0/act/Sigmoid:OpId_1954 (cycles),0,cycles,DSP,yolov8l-modified
76481135061,FORWARD_PROPAGATE_LAYER,380,/model.22/cv3.2/cv3.2.0/act/Mul:OpId_1961 (cycles),147087,cycles,DSP,yolov8l-modified
76481135061,FORWARD_PROPAGATE_LAYER,381,/model.22/cv3.2/cv3.2.1/conv/Conv:OpId_1968 (cycles),0,cycles,DSP,yolov8l-modified
76481135061,FORWARD_PROPAGATE_LAYER,382,/model.22/cv3.2/cv3.2.1/act/Sigmoid:OpId_1971 (cycles),0,cycles,DSP,yolov8l-modified
76481135061,FORWARD_PROPAGATE_LAYER,383,/model.22/cv3.2/cv3.2.1/act/Mul:OpId_1978 (cycles),78526,cycles,DSP,yolov8l-modified
76481135061,FORWARD_PROPAGATE_LAYER,384,/model.22/cv3.2/cv3.2.2/Conv:OpId_1985 (cycles),0,cycles,DSP,yolov8l-modified
76481135061,FORWARD_PROPAGATE_LAYER,385,/model.22/Sigmoid_2:OpId_1988 (cycles),6953,cycles,DSP,yolov8l-modified
76481135061,FORWARD_PROPAGATE_LAYER,386,/model.22/ReduceMax_2:OpId_1996 (cycles),25997,cycles,DSP,yolov8l-modified
76481135061,FORWARD_PROPAGATE_LAYER,387,/model.22/Concat_2:OpId_1998 (cycles),7900,cycles,DSP,yolov8l-modified
76481135061,FORWARD_PROPAGATE_LAYER,388,Output OpId_3 (cycles),766367,cycles,DSP,yolov8l-modified
76481135061,EXECUTE_TIME_SUBNET_0,,,48885367,cycles,DSP,yolov8l-modified
76481135061,TOTAL_INFERENCE_TIME,,,48198,us,,yolov8l-modified
76481135061,FORWARD_PROPAGATE,,,48161,us,,yolov8l-modified
76481135061,FORWARD_PROPAGATE_LAYER,0,Input OpId_2 (cycles),0,cycles,DSP,yolov8l-modified
76481135061,FORWARD_PROPAGATE_LAYER,1,split_images:OpId_17 (cycles),4093476,cycles,DSP,yolov8l-modified
76481135061,FORWARD_PROPAGATE_LAYER,2,concat_images:OpId_19 (cycles),2780034,cycles,DSP,yolov8l-modified
76481135061,FORWARD_PROPAGATE_LAYER,3,/model.0/conv/Conv:OpId_26 (cycles),0,cycles,DSP,yolov8l-modified
76481135061,FORWARD_PROPAGATE_LAYER,4,/model.0/act/Sigmoid:OpId_29 (cycles),0,cycles,DSP,yolov8l-modified
76481135061,FORWARD_PROPAGATE_LAYER,5,/model.0/act/Mul:OpId_36 (cycles),4353848,cycles,DSP,yolov8l-modified
76481135061,FORWARD_PROPAGATE_LAYER,6,/model.1/conv/Conv:OpId_43 (cycles),0,cycles,DSP,yolov8l-modified
76481135061,FORWARD_PROPAGATE_LAYER,7,/model.1/act/Sigmoid:OpId_46 (cycles),0,cycles,DSP,yolov8l-modified
76481135061,FORWARD_PROPAGATE_LAYER,8,/model.1/act/Mul:OpId_53 (cycles),2213743,cycles,DSP,yolov8l-modified
76481135061,FORWARD_PROPAGATE_LAYER,9,/model.2/cv1/conv/Conv:OpId_60 (cycles),0,cycles,DSP,yolov8l-modified
76481135061,FORWARD_PROPAGATE_LAYER,10,/model.2/cv1/act/Sigmoid:OpId_63 (cycles),0,cycles,DSP,yolov8l-modified
76481135061,FORWARD_PROPAGATE_LAYER,11,/model.2/cv1/act/Mul:OpId_70 (cycles),316325,cycles,DSP,yolov8l-modified
76481135061,FORWARD_PROPAGATE_LAYER,12,/model.2/Slice:OpId_73 (cycles),0,cycles,DSP,yolov8l-modified
76481135061,FORWARD_PROPAGATE_LAYER,13,/model.2/Slice_1:OpId_79 (cycles),0,cycles,DSP,yolov8l-modified
76481135061,FORWARD_PROPAGATE_LAYER,14,/model.2/m.0/cv1/conv/Conv:OpId_89 (cycles),0,cycles,DSP,yolov8l-modified
76481135061,FORWARD_PROPAGATE_LAYER,15,/model.2/m.0/cv1/act/Sigmoid:OpId_92 (cycles),0,cycles,DSP,yolov8l-modified
76481135061,FORWARD_PROPAGATE_LAYER,16,/model.2/m.0/cv1/act/Mul:OpId_99 (cycles),324364,cycles,DSP,yolov8l-modified
76481135061,FORWARD_PROPAGATE_LAYER,17,/model.2/m.0/cv2/conv/Conv:OpId_106 (cycles),0,cycles,DSP,yolov8l-modified
76481135061,FORWARD_PROPAGATE_LAYER,18,/model.2/m.0/cv2/act/Sigmoid:OpId_109 (cycles),0,cycles,DSP,yolov8l-modified
76481135061,FORWARD_PROPAGATE_LAYER,19,/model.2/m.0/cv2/act/Mul:OpId_116 (cycles),315415,cycles,DSP,yolov8l-modified
76481135061,FORWARD_PROPAGATE_LAYER,20,/model.2/m.0/Add:OpId_118 (cycles),38291,cycles,DSP,yolov8l-modified
76481135061,FORWARD_PROPAGATE_LAYER,21,/model.2/m.1/cv1/conv/Conv:OpId_125 (cycles),0,cycles,DSP,yolov8l-modified
76481135061,FORWARD_PROPAGATE_LAYER,22,/model.2/m.1/cv1/act/Sigmoid:OpId_128 (cycles),0,cycles,DSP,yolov8l-modified
76481135061,FORWARD_PROPAGATE_LAYER,23,/model.2/m.1/cv1/act/Mul:OpId_135 (cycles),318662,cycles,DSP,yolov8l-modified
76481135061,FORWARD_PROPAGATE_LAYER,24,/model.2/m.1/cv2/conv/Conv:OpId_142 (cycles),0,cycles,DSP,yolov8l-modified
76481135061,FORWARD_PROPAGATE_LAYER,25,/model.2/m.1/cv2/act/Sigmoid:OpId_145 (cycles),0,cycles,DSP,yolov8l-modified
76481135061,FORWARD_PROPAGATE_LAYER,26,/model.2/m.1/cv2/act/Mul:OpId_152 (cycles),316126,cycles,DSP,yolov8l-modified
76481135061,FORWARD_PROPAGATE_LAYER,27,/model.2/m.1/Add:OpId_154 (cycles),28754,cycles,DSP,yolov8l-modified
76481135061,FORWARD_PROPAGATE_LAYER,28,/model.2/m.2/cv1/conv/Conv:OpId_161 (cycles),0,cycles,DSP,yolov8l-modified
76481135061,FORWARD_PROPAGATE_LAYER,29,/model.2/m.2/cv1/act/Sigmoid:OpId_164 (cycles),0,cycles,DSP,yolov8l-modified
76481135061,FORWARD_PROPAGATE_LAYER,30,/model.2/m.2/cv1/act/Mul:OpId_171 (cycles),319753,cycles,DSP,yolov8l-modified
76481135061,FORWARD_PROPAGATE_LAYER,31,/model.2/m.2/cv2/conv/Conv:OpId_178 (cycles),0,cycles,DSP,yolov8l-modified
76481135061,FORWARD_PROPAGATE_LAYER,32,/model.2/m.2/cv2/act/Sigmoid:OpId_181 (cycles),0,cycles,DSP,yolov8l-modified
76481135061,FORWARD_PROPAGATE_LAYER,33,/model.2/m.2/cv2/act/Mul:OpId_188 (cycles),314965,cycles,DSP,yolov8l-modified
76481135061,FORWARD_PROPAGATE_LAYER,34,/model.2/m.2/Add:OpId_190 (cycles),28526,cycles,DSP,yolov8l-modified
76481135061,FORWARD_PROPAGATE_LAYER,35,/model.2/Concat:OpId_192 (cycles),0,cycles,DSP,yolov8l-modified
76481135061,FORWARD_PROPAGATE_LAYER,36,/model.2/cv2/conv/Conv:OpId_199 (cycles),0,cycles,DSP,yolov8l-modified
76481135061,FORWARD_PROPAGATE_LAYER,37,/model.2/cv2/act/Sigmoid:OpId_202 (cycles),0,cycles,DSP,yolov8l-modified
76481135061,FORWARD_PROPAGATE_LAYER,38,/model.2/cv2/act/Mul:OpId_209 (cycles),471422,cycles,DSP,yolov8l-modified
76481135061,FORWARD_PROPAGATE_LAYER,39,/model.3/conv/Conv:OpId_216 (cycles),0,cycles,DSP,yolov8l-modified
76481135061,FORWARD_PROPAGATE_LAYER,40,/model.3/act/Sigmoid:OpId_219 (cycles),0,cycles,DSP,yolov8l-modified
76481135061,FORWARD_PROPAGATE_LAYER,41,/model.3/act/Mul:OpId_226 (cycles),1458893,cycles,DSP,yolov8l-modified
76481135061,FORWARD_PROPAGATE_LAYER,42,/model.4/cv1/conv/Conv:OpId_233 (cycles),0,cycles,DSP,yolov8l-modified
76481135061,FORWARD_PROPAGATE_LAYER,43,/model.4/cv1/act/Sigmoid:OpId_236 (cycles),0,cycles,DSP,yolov8l-modified
76481135061,FORWARD_PROPAGATE_LAYER,44,/model.4/cv1/act/Mul:OpId_243 (cycles),210342,cycles,DSP,yolov8l-modified
76481135061,FORWARD_PROPAGATE_LAYER,45,/model.4/Slice:OpId_246 (cycles),0,cycles,DSP,yolov8l-modified
76481135061,FORWARD_PROPAGATE_LAYER,46,/model.4/Slice_1:OpId_252 (cycles),0,cycles,DSP,yolov8l-modified
76481135061,FORWARD_PROPAGATE_LAYER,47,/model.4/m.0/cv1/conv/Conv:OpId_262 (cycles),0,cycles,DSP,yolov8l-modified
76481135061,FORWARD_PROPAGATE_LAYER,48,/model.4/m.0/cv1/act/Sigmoid:OpId_265 (cycles),0,cycles,DSP,yolov8l-modified
76481135061,FORWARD_PROPAGATE_LAYER,49,/model.4/m.0/cv1/act/Mul:OpId_272 (cycles),275412,cycles,DSP,yolov8l-modified
76481135061,FORWARD_PROPAGATE_LAYER,50,/model.4/m.0/cv2/conv/Conv:OpId_279 (cycles),0,cycles,DSP,yolov8l-modified
76481135061,FORWARD_PROPAGATE_LAYER,51,/model.4/m.0/cv2/act/Sigmoid:OpId_282 (cycles),0,cycles,DSP,yolov8l-modified
76481135061,FORWARD_PROPAGATE_LAYER,52,/model.4/m.0/cv2/act/Mul:OpId_289 (cycles),275035,cycles,DSP,yolov8l-modified
76481135061,FORWARD_PROPAGATE_LAYER,53,/model.4/m.0/Add:OpId_291 (cycles),35669,cycles,DSP,yolov8l-modified
76481135061,FORWARD_PROPAGATE_LAYER,54,/model.4/m.1/cv1/conv/Conv:OpId_298 (cycles),0,cycles,DSP,yolov8l-modified
76481135061,FORWARD_PROPAGATE_LAYER,55,/model.4/m.1/cv1/act/Sigmoid:OpId_301 (cycles),0,cycles,DSP,yolov8l-modified
76481135061,FORWARD_PROPAGATE_LAYER,56,/model.4/m.1/cv1/act/Mul:OpId_308 (cycles),278022,cycles,DSP,yolov8l-modified
76481135061,FORWARD_PROPAGATE_LAYER,57,/model.4/m.1/cv2/conv/Conv:OpId_315 (cycles),0,cycles,DSP,yolov8l-modified
76481135061,FORWARD_PROPAGATE_LAYER,58,/model.4/m.1/cv2/act/Sigmoid:OpId_318 (cycles),0,cycles,DSP,yolov8l-modified
76481135061,FORWARD_PROPAGATE_LAYER,59,/model.4/m.1/cv2/act/Mul:OpId_325 (cycles),273881,cycles,DSP,yolov8l-modified
76481135061,FORWARD_PROPAGATE_LAYER,60,/model.4/m.1/Add:OpId_327 (cycles),34139,cycles,DSP,yolov8l-modified
76481135061,FORWARD_PROPAGATE_LAYER,61,/model.4/m.2/cv1/conv/Conv:OpId_334 (cycles),0,cycles,DSP,yolov8l-modified
76481135061,FORWARD_PROPAGATE_LAYER,62,/model.4/m.2/cv1/act/Sigmoid:OpId_337 (cycles),0,cycles,DSP,yolov8l-modified
76481135061,FORWARD_PROPAGATE_LAYER,63,/model.4/m.2/cv1/act/Mul:OpId_344 (cycles),286107,cycles,DSP,yolov8l-modified
76481135061,FORWARD_PROPAGATE_LAYER,64,/model.4/m.2/cv2/conv/Conv:OpId_351 (cycles),0,cycles,DSP,yolov8l-modified
76481135061,FORWARD_PROPAGATE_LAYER,65,/model.4/m.2/cv2/act/Sigmoid:OpId_354 (cycles),0,cycles,DSP,yolov8l-modified
76481135061,FORWARD_PROPAGATE_LAYER,66,/model.4/m.2/cv2/act/Mul:OpId_361 (cycles),275245,cycles,DSP,yolov8l-modified
76481135061,FORWARD_PROPAGATE_LAYER,67,/model.4/m.2/Add:OpId_363 (cycles),35134,cycles,DSP,yolov8l-modified
76481135061,FORWARD_PROPAGATE_LAYER,68,/model.4/m.3/cv1/conv/Conv:OpId_370 (cycles),0,cycles,DSP,yolov8l-modified
76481135061,FORWARD_PROPAGATE_LAYER,69,/model.4/m.3/cv1/act/Sigmoid:OpId_373 (cycles),0,cycles,DSP,yolov8l-modified
76481135061,FORWARD_PROPAGATE_LAYER,70,/model.4/m.3/cv1/act/Mul:OpId_380 (cycles),303346,cycles,DSP,yolov8l-modified
76481135061,FORWARD_PROPAGATE_LAYER,71,/model.4/m.3/cv2/conv/Conv:OpId_387 (cycles),0,cycles,DSP,yolov8l-modified
76481135061,FORWARD_PROPAGATE_LAYER,72,/model.4/m.3/cv2/act/Sigmoid:OpId_390 (cycles),0,cycles,DSP,yolov8l-modified
76481135061,FORWARD_PROPAGATE_LAYER,73,/model.4/m.3/cv2/act/Mul:OpId_397 (cycles),274182,cycles,DSP,yolov8l-modified
76481135061,FORWARD_PROPAGATE_LAYER,74,/model.4/m.3/Add:OpId_399 (cycles),21227,cycles,DSP,yolov8l-modified
76481135061,FORWARD_PROPAGATE_LAYER,75,/model.4/m.4/cv1/conv/Conv:OpId_406 (cycles),0,cycles,DSP,yolov8l-modified
76481135061,FORWARD_PROPAGATE_LAYER,76,/model.4/m.4/cv1/act/Sigmoid:OpId_409 (cycles),0,cycles,DSP,yolov8l-modified
76481135061,FORWARD_PROPAGATE_LAYER,77,/model.4/m.4/cv1/act/Mul:OpId_416 (cycles),303640,cycles,DSP,yolov8l-modified
76481135061,FORWARD_PROPAGATE_LAYER,78,/model.4/m.4/cv2/conv/Conv:OpId_423 (cycles),0,cycles,DSP,yolov8l-modified
76481135061,FORWARD_PROPAGATE_LAYER,79,/model.4/m.4/cv2/act/Sigmoid:OpId_426 (cycles),0,cycles,DSP,yolov8l-modified
76481135061,FORWARD_PROPAGATE_LAYER,80,/model.4/m.4/cv2/act/Mul:OpId_433 (cycles),273567,cycles,DSP,yolov8l-modified
76481135061,FORWARD_PROPAGATE_LAYER,81,/model.4/m.4/Add:OpId_435 (cycles),16459,cycles,DSP,yolov8l-modified
76481135061,FORWARD_PROPAGATE_LAYER,82,/model.4/m.5/cv1/conv/Conv:OpId_442 (cycles),0,cycles,DSP,yolov8l-modified
76481135061,FORWARD_PROPAGATE_LAYER,83,/model.4/m.5/cv1/act/Sigmoid:OpId_445 (cycles),0,cycles,DSP,yolov8l-modified
76481135061,FORWARD_PROPAGATE_LAYER,84,/model.4/m.5/cv1/act/Mul:OpId_452 (cycles),305909,cycles,DSP,yolov8l-modified
76481135061,FORWARD_PROPAGATE_LAYER,85,/model.4/m.5/cv2/conv/Conv:OpId_459 (cycles),0,cycles,DSP,yolov8l-modified
76481135061,FORWARD_PROPAGATE_LAYER,86,/model.4/m.5/cv2/act/Sigmoid:OpId_462 (cycles),0,cycles,DSP,yolov8l-modified
76481135061,FORWARD_PROPAGATE_LAYER,87,/model.4/m.5/cv2/act/Mul:OpId_469 (cycles),274972,cycles,DSP,yolov8l-modified
76481135061,FORWARD_PROPAGATE_LAYER,88,/model.4/m.5/Add:OpId_471 (cycles),16924,cycles,DSP,yolov8l-modified
76481135061,FORWARD_PROPAGATE_LAYER,89,/model.4/Concat:OpId_473 (cycles),0,cycles,DSP,yolov8l-modified
76481135061,FORWARD_PROPAGATE_LAYER,90,/model.4/cv2/conv/Conv:OpId_480 (cycles),0,cycles,DSP,yolov8l-modified
76481135061,FORWARD_PROPAGATE_LAYER,91,/model.4/cv2/act/Sigmoid:OpId_483 (cycles),0,cycles,DSP,yolov8l-modified
76481135061,FORWARD_PROPAGATE_LAYER,92,/model.4/cv2/act/Mul:OpId_490 (cycles),611400,cycles,DSP,yolov8l-modified
76481135061,FORWARD_PROPAGATE_LAYER,93,/model.5/conv/Conv:OpId_497 (cycles),0,cycles,DSP,yolov8l-modified
76481135061,FORWARD_PROPAGATE_LAYER,94,/model.5/act/Sigmoid:OpId_500 (cycles),0,cycles,DSP,yolov8l-modified
76481135061,FORWARD_PROPAGATE_LAYER,95,/model.5/act/Mul:OpId_507 (cycles),1104567,cycles,DSP,yolov8l-modified
76481135061,FORWARD_PROPAGATE_LAYER,96,/model.6/cv1/conv/Conv:OpId_514 (cycles),0,cycles,DSP,yolov8l-modified
76481135061,FORWARD_PROPAGATE_LAYER,97,/model.6/cv1/act/Sigmoid:OpId_517 (cycles),0,cycles,DSP,yolov8l-modified
76481135061,FORWARD_PROPAGATE_LAYER,98,/model.6/cv1/act/Mul:OpId_524 (cycles),156269,cycles,DSP,yolov8l-modified
76481135061,FORWARD_PROPAGATE_LAYER,99,/model.6/Slice:OpId_527 (cycles),0,cycles,DSP,yolov8l-modified
76481135061,FORWARD_PROPAGATE_LAYER,100,/model.6/Slice_1:OpId_533 (cycles),0,cycles,DSP,yolov8l-modified
76481135061,FORWARD_PROPAGATE_LAYER,101,/model.6/m.0/cv1/conv/Conv:OpId_543 (cycles),0,cycles,DSP,yolov8l-modified
76481135061,FORWARD_PROPAGATE_LAYER,102,/model.6/m.0/cv1/act/Sigmoid:OpId_546 (cycles),0,cycles,DSP,yolov8l-modified
76481135061,FORWARD_PROPAGATE_LAYER,103,/model.6/m.0/cv1/act/Mul:OpId_553 (cycles),257223,cycles,DSP,yolov8l-modified
76481135061,FORWARD_PROPAGATE_LAYER,104,/model.6/m.0/cv2/conv/Conv:OpId_560 (cycles),0,cycles,DSP,yolov8l-modified
76481135061,FORWARD_PROPAGATE_LAYER,105,/model.6/m.0/cv2/act/Sigmoid:OpId_563 (cycles),0,cycles,DSP,yolov8l-modified
76481135061,FORWARD_PROPAGATE_LAYER,106,/model.6/m.0/cv2/act/Mul:OpId_570 (cycles),286280,cycles,DSP,yolov8l-modified
76481135061,FORWARD_PROPAGATE_LAYER,107,/model.6/m.0/Add:OpId_572 (cycles),18743,cycles,DSP,yolov8l-modified
76481135061,FORWARD_PROPAGATE_LAYER,108,/model.6/m.1/cv1/conv/Conv:OpId_579 (cycles),0,cycles,DSP,yolov8l-modified
76481135061,FORWARD_PROPAGATE_LAYER,109,/model.6/m.1/cv1/act/Sigmoid:OpId_582 (cycles),0,cycles,DSP,yolov8l-modified
76481135061,FORWARD_PROPAGATE_LAYER,110,/model.6/m.1/cv1/act/Mul:OpId_589 (cycles),255716,cycles,DSP,yolov8l-modified
76481135061,FORWARD_PROPAGATE_LAYER,111,/model.6/m.1/cv2/conv/Conv:OpId_596 (cycles),0,cycles,DSP,yolov8l-modified
76481135061,FORWARD_PROPAGATE_LAYER,112,/model.6/m.1/cv2/act/Sigmoid:OpId_599 (cycles),0,cycles,DSP,yolov8l-modified
76481135061,FORWARD_PROPAGATE_LAYER,113,/model.6/m.1/cv2/act/Mul:OpId_606 (cycles),288291,cycles,DSP,yolov8l-modified
76481135061,FORWARD_PROPAGATE_LAYER,114,/model.6/m.1/Add:OpId_608 (cycles),18575,cycles,DSP,yolov8l-modified
76481135061,FORWARD_PROPAGATE_LAYER,115,/model.6/m.2/cv1/conv/Conv:OpId_615 (cycles),0,cycles,DSP,yolov8l-modified
76481135061,FORWARD_PROPAGATE_LAYER,116,/model.6/m.2/cv1/act/Sigmoid:OpId_618 (cycles),0,cycles,DSP,yolov8l-modified
76481135061,FORWARD_PROPAGATE_LAYER,117,/model.6/m.2/cv1/act/Mul:OpId_625 (cycles),279373,cycles,DSP,yolov8l-modified
76481135061,FORWARD_PROPAGATE_LAYER,118,/model.6/m.2/cv2/conv/Conv:OpId_632 (cycles),0,cycles,DSP,yolov8l-modified
76481135061,FORWARD_PROPAGATE_LAYER,119,/model.6/m.2/cv2/act/Sigmoid:OpId_635 (cycles),0,cycles,DSP,yolov8l-modified
76481135061,FORWARD_PROPAGATE_LAYER,120,/model.6/m.2/cv2/act/Mul:OpId_642 (cycles),285108,cycles,DSP,yolov8l-modified
76481135061,FORWARD_PROPAGATE_LAYER,121,/model.6/m.2/Add:OpId_644 (cycles),19723,cycles,DSP,yolov8l-modified
76481135061,FORWARD_PROPAGATE_LAYER,122,/model.6/m.3/cv1/conv/Conv:OpId_651 (cycles),0,cycles,DSP,yolov8l-modified
76481135061,FORWARD_PROPAGATE_LAYER,123,/model.6/m.3/cv1/act/Sigmoid:OpId_654 (cycles),0,cycles,DSP,yolov8l-modified
76481135061,FORWARD_PROPAGATE_LAYER,124,/model.6/m.3/cv1/act/Mul:OpId_661 (cycles),282239,cycles,DSP,yolov8l-modified
76481135061,FORWARD_PROPAGATE_LAYER,125,/model.6/m.3/cv2/conv/Conv:OpId_668 (cycles),0,cycles,DSP,yolov8l-modified
76481135061,FORWARD_PROPAGATE_LAYER,126,/model.6/m.3/cv2/act/Sigmoid:OpId_671 (cycles),0,cycles,DSP,yolov8l-modified
76481135061,FORWARD_PROPAGATE_LAYER,127,/model.6/m.3/cv2/act/Mul:OpId_678 (cycles),283576,cycles,DSP,yolov8l-modified
76481135061,FORWARD_PROPAGATE_LAYER,128,/model.6/m.3/Add:OpId_680 (cycles),15733,cycles,DSP,yolov8l-modified
76481135061,FORWARD_PROPAGATE_LAYER,129,/model.6/m.4/cv1/conv/Conv:OpId_687 (cycles),0,cycles,DSP,yolov8l-modified
76481135061,FORWARD_PROPAGATE_LAYER,130,/model.6/m.4/cv1/act/Sigmoid:OpId_690 (cycles),0,cycles,DSP,yolov8l-modified
76481135061,FORWARD_PROPAGATE_LAYER,131,/model.6/m.4/cv1/act/Mul:OpId_697 (cycles),288249,cycles,DSP,yolov8l-modified
76481135061,FORWARD_PROPAGATE_LAYER,132,/model.6/m.4/cv2/conv/Conv:OpId_704 (cycles),0,cycles,DSP,yolov8l-modified
76481135061,FORWARD_PROPAGATE_LAYER,133,/model.6/m.4/cv2/act/Sigmoid:OpId_707 (cycles),0,cycles,DSP,yolov8l-modified
76481135061,FORWARD_PROPAGATE_LAYER,134,/model.6/m.4/cv2/act/Mul:OpId_714 (cycles),284775,cycles,DSP,yolov8l-modified
76481135061,FORWARD_PROPAGATE_LAYER,135,/model.6/m.4/Add:OpId_716 (cycles),17613,cycles,DSP,yolov8l-modified
76481135061,FORWARD_PROPAGATE_LAYER,136,/model.6/m.5/cv1/conv/Conv:OpId_723 (cycles),0,cycles,DSP,yolov8l-modified
76481135061,FORWARD_PROPAGATE_LAYER,137,/model.6/m.5/cv1/act/Sigmoid:OpId_726 (cycles),0,cycles,DSP,yolov8l-modified
76481135061,FORWARD_PROPAGATE_LAYER,138,/model.6/m.5/cv1/act/Mul:OpId_733 (cycles),298423,cycles,DSP,yolov8l-modified
76481135061,FORWARD_PROPAGATE_LAYER,139,/model.6/m.5/cv2/conv/Conv:OpId_740 (cycles),0,cycles,DSP,yolov8l-modified
76481135061,FORWARD_PROPAGATE_LAYER,140,/model.6/m.5/cv2/act/Sigmoid:OpId_743 (cycles),0,cycles,DSP,yolov8l-modified
76481135061,FORWARD_PROPAGATE_LAYER,141,/model.6/m.5/cv2/act/Mul:OpId_750 (cycles),283850,cycles,DSP,yolov8l-modified
76481135061,FORWARD_PROPAGATE_LAYER,142,/model.6/m.5/Add:OpId_752 (cycles),18629,cycles,DSP,yolov8l-modified
76481135061,FORWARD_PROPAGATE_LAYER,143,/model.6/Concat:OpId_754 (cycles),0,cycles,DSP,yolov8l-modified
76481135061,FORWARD_PROPAGATE_LAYER,144,/model.6/cv2/conv/Conv:OpId_761 (cycles),0,cycles,DSP,yolov8l-modified
76481135061,FORWARD_PROPAGATE_LAYER,145,/model.6/cv2/act/Sigmoid:OpId_764 (cycles),0,cycles,DSP,yolov8l-modified
76481135061,FORWARD_PROPAGATE_LAYER,146,/model.6/cv2/act/Mul:OpId_771 (cycles),551469,cycles,DSP,yolov8l-modified
76481135061,FORWARD_PROPAGATE_LAYER,147,/model.7/conv/Conv:OpId_778 (cycles),0,cycles,DSP,yolov8l-modified
76481135061,FORWARD_PROPAGATE_LAYER,148,/model.7/act/Sigmoid:OpId_781 (cycles),0,cycles,DSP,yolov8l-modified
76481135061,FORWARD_PROPAGATE_LAYER,149,/model.7/act/Mul:OpId_788 (cycles),1004373,cycles,DSP,yolov8l-modified
76481135061,FORWARD_PROPAGATE_LAYER,150,/model.8/cv1/conv/Conv:OpId_795 (cycles),0,cycles,DSP,yolov8l-modified
76481135061,FORWARD_PROPAGATE_LAYER,151,/model.8/cv1/act/Sigmoid:OpId_798 (cycles),0,cycles,DSP,yolov8l-modified
76481135061,FORWARD_PROPAGATE_LAYER,152,/model.8/cv1/act/Mul:OpId_805 (cycles),52018,cycles,DSP,yolov8l-modified
76481135061,FORWARD_PROPAGATE_LAYER,153,/model.8/Slice:OpId_808 (cycles),0,cycles,DSP,yolov8l-modified
76481135061,FORWARD_PROPAGATE_LAYER,154,/model.8/Slice_1:OpId_814 (cycles),0,cycles,DSP,yolov8l-modified
76481135061,FORWARD_PROPAGATE_LAYER,155,/model.8/m.0/cv1/conv/Conv:OpId_824 (cycles),0,cycles,DSP,yolov8l-modified
76481135061,FORWARD_PROPAGATE_LAYER,156,/model.8/m.0/cv1/act/Sigmoid:OpId_827 (cycles),0,cycles,DSP,yolov8l-modified
76481135061,FORWARD_PROPAGATE_LAYER,157,/model.8/m.0/cv1/act/Mul:OpId_834 (cycles),85164,cycles,DSP,yolov8l-modified
76481135061,FORWARD_PROPAGATE_LAYER,158,/model.8/m.0/cv2/conv/Conv:OpId_841 (cycles),0,cycles,DSP,yolov8l-modified
76481135061,FORWARD_PROPAGATE_LAYER,159,/model.8/m.0/cv2/act/Sigmoid:OpId_844 (cycles),0,cycles,DSP,yolov8l-modified
76481135061,FORWARD_PROPAGATE_LAYER,160,/model.8/m.0/cv2/act/Mul:OpId_851 (cycles),78668,cycles,DSP,yolov8l-modified
76481135061,FORWARD_PROPAGATE_LAYER,161,/model.8/m.0/Add:OpId_853 (cycles),4665,cycles,DSP,yolov8l-modified
76481135061,FORWARD_PROPAGATE_LAYER,162,/model.8/m.1/cv1/conv/Conv:OpId_860 (cycles),0,cycles,DSP,yolov8l-modified
76481135061,FORWARD_PROPAGATE_LAYER,163,/model.8/m.1/cv1/act/Sigmoid:OpId_863 (cycles),0,cycles,DSP,yolov8l-modified
76481135061,FORWARD_PROPAGATE_LAYER,164,/model.8/m.1/cv1/act/Mul:OpId_870 (cycles),81317,cycles,DSP,yolov8l-modified
76481135061,FORWARD_PROPAGATE_LAYER,165,/model.8/m.1/cv2/conv/Conv:OpId_877 (cycles),0,cycles,DSP,yolov8l-modified
76481135061,FORWARD_PROPAGATE_LAYER,166,/model.8/m.1/cv2/act/Sigmoid:OpId_880 (cycles),0,cycles,DSP,yolov8l-modified
76481135061,FORWARD_PROPAGATE_LAYER,167,/model.8/m.1/cv2/act/Mul:OpId_887 (cycles),79443,cycles,DSP,yolov8l-modified
76481135061,FORWARD_PROPAGATE_LAYER,168,/model.8/m.1/Add:OpId_889 (cycles),5380,cycles,DSP,yolov8l-modified
76481135061,FORWARD_PROPAGATE_LAYER,169,/model.8/m.2/cv1/conv/Conv:OpId_896 (cycles),0,cycles,DSP,yolov8l-modified
76481135061,FORWARD_PROPAGATE_LAYER,170,/model.8/m.2/cv1/act/Sigmoid:OpId_899 (cycles),0,cycles,DSP,yolov8l-modified
76481135061,FORWARD_PROPAGATE_LAYER,171,/model.8/m.2/cv1/act/Mul:OpId_906 (cycles),81507,cycles,DSP,yolov8l-modified
76481135061,FORWARD_PROPAGATE_LAYER,172,/model.8/m.2/cv2/conv/Conv:OpId_913 (cycles),0,cycles,DSP,yolov8l-modified
76481135061,FORWARD_PROPAGATE_LAYER,173,/model.8/m.2/cv2/act/Sigmoid:OpId_916 (cycles),0,cycles,DSP,yolov8l-modified
76481135061,FORWARD_PROPAGATE_LAYER,174,/model.8/m.2/cv2/act/Mul:OpId_923 (cycles),79149,cycles,DSP,yolov8l-modified
76481135061,FORWARD_PROPAGATE_LAYER,175,/model.8/m.2/Add:OpId_925 (cycles),4170,cycles,DSP,yolov8l-modified
76481135061,FORWARD_PROPAGATE_LAYER,176,/model.8/Concat:OpId_927 (cycles),0,cycles,DSP,yolov8l-modified
76481135061,FORWARD_PROPAGATE_LAYER,177,/model.8/cv2/conv/Conv:OpId_934 (cycles),0,cycles,DSP,yolov8l-modified
76481135061,FORWARD_PROPAGATE_LAYER,178,/model.8/cv2/act/Sigmoid:OpId_937 (cycles),0,cycles,DSP,yolov8l-modified
76481135061,FORWARD_PROPAGATE_LAYER,179,/model.8/cv2/act/Mul:OpId_944 (cycles),97768,cycles,DSP,yolov8l-modified
76481135061,FORWARD_PROPAGATE_LAYER,180,/model.9/cv1/conv/Conv:OpId_951 (cycles),0,cycles,DSP,yolov8l-modified
76481135061,FORWARD_PROPAGATE_LAYER,181,/model.9/cv1/act/Sigmoid:OpId_954 (cycles),0,cycles,DSP,yolov8l-modified
76481135061,FORWARD_PROPAGATE_LAYER,182,/model.9/cv1/act/Mul:OpId_961 (cycles),22868,cycles,DSP,yolov8l-modified
76481135061,FORWARD_PROPAGATE_LAYER,183,/model.9/m/MaxPool:OpId_966 (cycles),231943,cycles,DSP,yolov8l-modified
76481135061,FORWARD_PROPAGATE_LAYER,184,/model.9/m_1/MaxPool:OpId_971 (cycles),195859,cycles,DSP,yolov8l-modified
76481135061,FORWARD_PROPAGATE_LAYER,185,/model.9/m_2/MaxPool:OpId_976 (cycles),194949,cycles,DSP,yolov8l-modified
76481135061,FORWARD_PROPAGATE_LAYER,186,/model.9/Concat:OpId_978 (cycles),0,cycles,DSP,yolov8l-modified
76481135061,FORWARD_PROPAGATE_LAYER,187,/model.9/cv2/conv/Conv:OpId_985 (cycles),0,cycles,DSP,yolov8l-modified
76481135061,FORWARD_PROPAGATE_LAYER,188,/model.9/cv2/act/Sigmoid:OpId_988 (cycles),0,cycles,DSP,yolov8l-modified
76481135061,FORWARD_PROPAGATE_LAYER,189,/model.9/cv2/act/Mul:OpId_995 (cycles),94370,cycles,DSP,yolov8l-modified
76481135061,FORWARD_PROPAGATE_LAYER,190,/model.10/Resize:OpId_997 (cycles),103186,cycles,DSP,yolov8l-modified
76481135061,FORWARD_PROPAGATE_LAYER,191,/model.11/Concat:OpId_1000 (cycles),0,cycles,DSP,yolov8l-modified
76481135061,FORWARD_PROPAGATE_LAYER,192,/model.12/cv1/conv/Conv:OpId_1007 (cycles),0,cycles,DSP,yolov8l-modified
76481135061,FORWARD_PROPAGATE_LAYER,193,/model.12/cv1/act/Sigmoid:OpId_1010 (cycles),0,cycles,DSP,yolov8l-modified
76481135061,FORWARD_PROPAGATE_LAYER,194,/model.12/cv1/act/Mul:OpId_1017 (cycles),267330,cycles,DSP,yolov8l-modified
76481135061,FORWARD_PROPAGATE_LAYER,195,/model.12/Slice:OpId_1020 (cycles),0,cycles,DSP,yolov8l-modified
76481135061,FORWARD_PROPAGATE_LAYER,196,/model.12/Slice_1:OpId_1026 (cycles),0,cycles,DSP,yolov8l-modified
76481135061,FORWARD_PROPAGATE_LAYER,197,/model.12/m.0/cv1/conv/Conv:OpId_1036 (cycles),0,cycles,DSP,yolov8l-modified
76481135061,FORWARD_PROPAGATE_LAYER,198,/model.12/m.0/cv1/act/Sigmoid:OpId_1039 (cycles),0,cycles,DSP,yolov8l-modified
76481135061,FORWARD_PROPAGATE_LAYER,199,/model.12/m.0/cv1/act/Mul:OpId_1046 (cycles),255727,cycles,DSP,yolov8l-modified
76481135061,FORWARD_PROPAGATE_LAYER,200,/model.12/m.0/cv2/conv/Conv:OpId_1053 (cycles),0,cycles,DSP,yolov8l-modified
76481135061,FORWARD_PROPAGATE_LAYER,201,/model.12/m.0/cv2/act/Sigmoid:OpId_1056 (cycles),0,cycles,DSP,yolov8l-modified
76481135061,FORWARD_PROPAGATE_LAYER,202,/model.12/m.0/cv2/act/Mul:OpId_1063 (cycles),257987,cycles,DSP,yolov8l-modified
76481135061,FORWARD_PROPAGATE_LAYER,203,/model.12/m.1/cv1/conv/Conv:OpId_1070 (cycles),0,cycles,DSP,yolov8l-modified
76481135061,FORWARD_PROPAGATE_LAYER,204,/model.12/m.1/cv1/act/Sigmoid:OpId_1073 (cycles),0,cycles,DSP,yolov8l-modified
76481135061,FORWARD_PROPAGATE_LAYER,205,/model.12/m.1/cv1/act/Mul:OpId_1080 (cycles),258400,cycles,DSP,yolov8l-modified
76481135061,FORWARD_PROPAGATE_LAYER,206,/model.12/m.1/cv2/conv/Conv:OpId_1087 (cycles),0,cycles,DSP,yolov8l-modified
76481135061,FORWARD_PROPAGATE_LAYER,207,/model.12/m.1/cv2/act/Sigmoid:OpId_1090 (cycles),0,cycles,DSP,yolov8l-modified
76481135061,FORWARD_PROPAGATE_LAYER,208,/model.12/m.1/cv2/act/Mul:OpId_1097 (cycles),255642,cycles,DSP,yolov8l-modified
76481135061,FORWARD_PROPAGATE_LAYER,209,/model.12/m.2/cv1/conv/Conv:OpId_1104 (cycles),0,cycles,DSP,yolov8l-modified
76481135061,FORWARD_PROPAGATE_LAYER,210,/model.12/m.2/cv1/act/Sigmoid:OpId_1107 (cycles),0,cycles,DSP,yolov8l-modified
76481135061,FORWARD_PROPAGATE_LAYER,211,/model.12/m.2/cv1/act/Mul:OpId_1114 (cycles),255273,cycles,DSP,yolov8l-modified
76481135061,FORWARD_PROPAGATE_LAYER,212,/model.12/m.2/cv2/conv/Conv:OpId_1121 (cycles),0,cycles,DSP,yolov8l-modified
76481135061,FORWARD_PROPAGATE_LAYER,213,/model.12/m.2/cv2/act/Sigmoid:OpId_1124 (cycles),0,cycles,DSP,yolov8l-modified
76481135061,FORWARD_PROPAGATE_LAYER,214,/model.12/m.2/cv2/act/Mul:OpId_1131 (cycles),258392,cycles,DSP,yolov8l-modified
76481135061,FORWARD_PROPAGATE_LAYER,215,/model.12/Concat:OpId_1133 (cycles),0,cycles,DSP,yolov8l-modified
76481135061,FORWARD_PROPAGATE_LAYER,216,/model.12/cv2/conv/Conv:OpId_1140 (cycles),0,cycles,DSP,yolov8l-modified
76481135061,FORWARD_PROPAGATE_LAYER,217,/model.12/cv2/act/Sigmoid:OpId_1143 (cycles),0,cycles,DSP,yolov8l-modified
76481135061,FORWARD_PROPAGATE_LAYER,218,/model.12/cv2/act/Mul:OpId_1150 (cycles),353324,cycles,DSP,yolov8l-modified
76481135061,FORWARD_PROPAGATE_LAYER,219,/model.13/Resize:OpId_1152 (cycles),391042,cycles,DSP,yolov8l-modified
76481135061,FORWARD_PROPAGATE_LAYER,220,/model.14/Concat:OpId_1155 (cycles),0,cycles,DSP,yolov8l-modified
76481135061,FORWARD_PROPAGATE_LAYER,221,/model.15/cv1/conv/Conv:OpId_1162 (cycles),0,cycles,DSP,yolov8l-modified
76481135061,FORWARD_PROPAGATE_LAYER,222,/model.15/cv1/act/Sigmoid:OpId_1165 (cycles),0,cycles,DSP,yolov8l-modified
76481135061,FORWARD_PROPAGATE_LAYER,223,/model.15/cv1/act/Mul:OpId_1172 (cycles),429686,cycles,DSP,yolov8l-modified
76481135061,FORWARD_PROPAGATE_LAYER,224,/model.15/Slice:OpId_1175 (cycles),0,cycles,DSP,yolov8l-modified
76481135061,FORWARD_PROPAGATE_LAYER,225,/model.15/Slice_1:OpId_1181 (cycles),0,cycles,DSP,yolov8l-modified
76481135061,FORWARD_PROPAGATE_LAYER,226,/model.15/m.0/cv1/conv/Conv:OpId_1191 (cycles),0,cycles,DSP,yolov8l-modified
76481135061,FORWARD_PROPAGATE_LAYER,227,/model.15/m.0/cv1/act/Sigmoid:OpId_1194 (cycles),0,cycles,DSP,yolov8l-modified
76481135061,FORWARD_PROPAGATE_LAYER,228,/model.15/m.0/cv1/act/Mul:OpId_1201 (cycles),278564,cycles,DSP,yolov8l-modified
76481135061,FORWARD_PROPAGATE_LAYER,229,/model.15/m.0/cv2/conv/Conv:OpId_1208 (cycles),0,cycles,DSP,yolov8l-modified
76481135061,FORWARD_PROPAGATE_LAYER,230,/model.15/m.0/cv2/act/Sigmoid:OpId_1211 (cycles),0,cycles,DSP,yolov8l-modified
76481135061,FORWARD_PROPAGATE_LAYER,231,/model.15/m.0/cv2/act/Mul:OpId_1218 (cycles),278454,cycles,DSP,yolov8l-modified
76481135061,FORWARD_PROPAGATE_LAYER,232,/model.15/m.1/cv1/conv/Conv:OpId_1225 (cycles),0,cycles,DSP,yolov8l-modified
76481135061,FORWARD_PROPAGATE_LAYER,233,/model.15/m.1/cv1/act/Sigmoid:OpId_1228 (cycles),0,cycles,DSP,yolov8l-modified
76481135061,FORWARD_PROPAGATE_LAYER,234,/model.15/m.1/cv1/act/Mul:OpId_1235 (cycles),279845,cycles,DSP,yolov8l-modified
76481135061,FORWARD_PROPAGATE_LAYER,235,/model.15/m.1/cv2/conv/Conv:OpId_1242 (cycles),0,cycles,DSP,yolov8l-modified
76481135061,FORWARD_PROPAGATE_LAYER,236,/model.15/m.1/cv2/act/Sigmoid:OpId_1245 (cycles),0,cycles,DSP,yolov8l-modified
76481135061,FORWARD_PROPAGATE_LAYER,237,/model.15/m.1/cv2/act/Mul:OpId_1252 (cycles),274872,cycles,DSP,yolov8l-modified
76481135061,FORWARD_PROPAGATE_LAYER,238,/model.15/m.2/cv1/conv/Conv:OpId_1259 (cycles),0,cycles,DSP,yolov8l-modified
76481135061,FORWARD_PROPAGATE_LAYER,239,/model.15/m.2/cv1/act/Sigmoid:OpId_1262 (cycles),0,cycles,DSP,yolov8l-modified
76481135061,FORWARD_PROPAGATE_LAYER,240,/model.15/m.2/cv1/act/Mul:OpId_1269 (cycles),276960,cycles,DSP,yolov8l-modified
76481135061,FORWARD_PROPAGATE_LAYER,241,/model.15/m.2/cv2/conv/Conv:OpId_1276 (cycles),0,cycles,DSP,yolov8l-modified
76481135061,FORWARD_PROPAGATE_LAYER,242,/model.15/m.2/cv2/act/Sigmoid:OpId_1279 (cycles),0,cycles,DSP,yolov8l-modified
76481135061,FORWARD_PROPAGATE_LAYER,243,/model.15/m.2/cv2/act/Mul:OpId_1286 (cycles),276751,cycles,DSP,yolov8l-modified
76481135061,FORWARD_PROPAGATE_LAYER,244,/model.15/Concat:OpId_1288 (cycles),0,cycles,DSP,yolov8l-modified
76481135061,FORWARD_PROPAGATE_LAYER,245,/model.15/cv2/conv/Conv:OpId_1295 (cycles),0,cycles,DSP,yolov8l-modified
76481135061,FORWARD_PROPAGATE_LAYER,246,/model.15/cv2/act/Sigmoid:OpId_1298 (cycles),0,cycles,DSP,yolov8l-modified
76481135061,FORWARD_PROPAGATE_LAYER,247,/model.15/cv2/act/Mul:OpId_1305 (cycles),433770,cycles,DSP,yolov8l-modified
76481135061,FORWARD_PROPAGATE_LAYER,248,/model.16/conv/Conv:OpId_1312 (cycles),0,cycles,DSP,yolov8l-modified
76481135061,FORWARD_PROPAGATE_LAYER,249,/model.16/act/Sigmoid:OpId_1315 (cycles),0,cycles,DSP,yolov8l-modified
76481135061,FORWARD_PROPAGATE_LAYER,250,/model.16/act/Mul:OpId_1322 (cycles),719089,cycles,DSP,yolov8l-modified
76481135061,FORWARD_PROPAGATE_LAYER,251,/model.17/Concat:OpId_1324 (cycles),0,cycles,DSP,yolov8l-modified
76481135061,FORWARD_PROPAGATE_LAYER,252,/model.18/cv1/conv/Conv:OpId_1331 (cycles),0,cycles,DSP,yolov8l-modified
76481135061,FORWARD_PROPAGATE_LAYER,253,/model.18/cv1/act/Sigmoid:OpId_1334 (cycles),0,cycles,DSP,yolov8l-modified
76481135061,FORWARD_PROPAGATE_LAYER,254,/model.18/cv1/act/Mul:OpId_1341 (cycles),205806,cycles,DSP,yolov8l-modified
76481135061,FORWARD_PROPAGATE_LAYER,255,/model.18/Slice:OpId_1344 (cycles),0,cycles,DSP,yolov8l-modified
76481135061,FORWARD_PROPAGATE_LAYER,256,/model.18/Slice_1:OpId_1350 (cycles),0,cycles,DSP,yolov8l-modified
76481135061,FORWARD_PROPAGATE_LAYER,257,/model.18/m.0/cv1/conv/Conv:OpId_1360 (cycles),0,cycles,DSP,yolov8l-modified
76481135061,FORWARD_PROPAGATE_LAYER,258,/model.18/m.0/cv1/act/Sigmoid:OpId_1363 (cycles),0,cycles,DSP,yolov8l-modified
76481135061,FORWARD_PROPAGATE_LAYER,259,/model.18/m.0/cv1/act/Mul:OpId_1370 (cycles),262959,cycles,DSP,yolov8l-modified
76481135061,FORWARD_PROPAGATE_LAYER,260,/model.18/m.0/cv2/conv/Conv:OpId_1377 (cycles),0,cycles,DSP,yolov8l-modified
76481135061,FORWARD_PROPAGATE_LAYER,261,/model.18/m.0/cv2/act/Sigmoid:OpId_1380 (cycles),0,cycles,DSP,yolov8l-modified
76481135061,FORWARD_PROPAGATE_LAYER,262,/model.18/m.0/cv2/act/Mul:OpId_1387 (cycles),256890,cycles,DSP,yolov8l-modified
76481135061,FORWARD_PROPAGATE_LAYER,263,/model.18/m.1/cv1/conv/Conv:OpId_1394 (cycles),0,cycles,DSP,yolov8l-modified
76481135061,FORWARD_PROPAGATE_LAYER,264,/model.18/m.1/cv1/act/Sigmoid:OpId_1397 (cycles),0,cycles,DSP,yolov8l-modified
76481135061,FORWARD_PROPAGATE_LAYER,265,/model.18/m.1/cv1/act/Mul:OpId_1404 (cycles),257072,cycles,DSP,yolov8l-modified
76481135061,FORWARD_PROPAGATE_LAYER,266,/model.18/m.1/cv2/conv/Conv:OpId_1411 (cycles),0,cycles,DSP,yolov8l-modified
76481135061,FORWARD_PROPAGATE_LAYER,267,/model.18/m.1/cv2/act/Sigmoid:OpId_1414 (cycles),0,cycles,DSP,yolov8l-modified
76481135061,FORWARD_PROPAGATE_LAYER,268,/model.18/m.1/cv2/act/Mul:OpId_1421 (cycles),255925,cycles,DSP,yolov8l-modified
76481135061,FORWARD_PROPAGATE_LAYER,269,/model.18/m.2/cv1/conv/Conv:OpId_1428 (cycles),0,cycles,DSP,yolov8l-modified
76481135061,FORWARD_PROPAGATE_LAYER,270,/model.18/m.2/cv1/act/Sigmoid:OpId_1431 (cycles),0,cycles,DSP,yolov8l-modified
76481135061,FORWARD_PROPAGATE_LAYER,271,/model.18/m.2/cv1/act/Mul:OpId_1438 (cycles),254275,cycles,DSP,yolov8l-modified
76481135061,FORWARD_PROPAGATE_LAYER,272,/model.18/m.2/cv2/conv/Conv:OpId_1445 (cycles),0,cycles,DSP,yolov8l-modified
76481135061,FORWARD_PROPAGATE_LAYER,273,/model.18/m.2/cv2/act/Sigmoid:OpId_1448 (cycles),0,cycles,DSP,yolov8l-modified
76481135061,FORWARD_PROPAGATE_LAYER,274,/model.18/m.2/cv2/act/Mul:OpId_1455 (cycles),255761,cycles,DSP,yolov8l-modified
76481135061,FORWARD_PROPAGATE_LAYER,275,/model.18/Concat:OpId_1457 (cycles),0,cycles,DSP,yolov8l-modified
76481135061,FORWARD_PROPAGATE_LAYER,276,/model.18/cv2/conv/Conv:OpId_1464 (cycles),0,cycles,DSP,yolov8l-modified
76481135061,FORWARD_PROPAGATE_LAYER,277,/model.18/cv2/act/Sigmoid:OpId_1467 (cycles),0,cycles,DSP,yolov8l-modified
76481135061,FORWARD_PROPAGATE_LAYER,278,/model.18/cv2/act/Mul:OpId_1474 (cycles),320163,cycles,DSP,yolov8l-modified
76481135061,FORWARD_PROPAGATE_LAYER,279,/model.19/conv/Conv:OpId_1481 (cycles),0,cycles,DSP,yolov8l-modified
76481135061,FORWARD_PROPAGATE_LAYER,280,/model.19/act/Sigmoid:OpId_1484 (cycles),0,cycles,DSP,yolov8l-modified
76481135061,FORWARD_PROPAGATE_LAYER,281,/model.19/act/Mul:OpId_1491 (cycles),951834,cycles,DSP,yolov8l-modified
76481135061,FORWARD_PROPAGATE_LAYER,282,/model.20/Concat:OpId_1493 (cycles),0,cycles,DSP,yolov8l-modified
76481135061,FORWARD_PROPAGATE_LAYER,283,/model.21/cv1/conv/Conv:OpId_1500 (cycles),0,cycles,DSP,yolov8l-modified
76481135061,FORWARD_PROPAGATE_LAYER,284,/model.21/cv1/act/Sigmoid:OpId_1503 (cycles),0,cycles,DSP,yolov8l-modified
76481135061,FORWARD_PROPAGATE_LAYER,285,/model.21/cv1/act/Mul:OpId_1510 (cycles),86789,cycles,DSP,yolov8l-modified
76481135061,FORWARD_PROPAGATE_LAYER,286,/model.21/Slice:OpId_1513 (cycles),0,cycles,DSP,yolov8l-modified
76481135061,FORWARD_PROPAGATE_LAYER,287,/model.21/Slice_1:OpId_1519 (cycles),0,cycles,DSP,yolov8l-modified
76481135061,FORWARD_PROPAGATE_LAYER,288,/model.21/m.0/cv1/conv/Conv:OpId_1529 (cycles),0,cycles,DSP,yolov8l-modified
76481135061,FORWARD_PROPAGATE_LAYER,289,/model.21/m.0/cv1/act/Sigmoid:OpId_1532 (cycles),0,cycles,DSP,yolov8l-modified
76481135061,FORWARD_PROPAGATE_LAYER,290,/model.21/m.0/cv1/act/Mul:OpId_1539 (cycles),82867,cycles,DSP,yolov8l-modified
76481135061,FORWARD_PROPAGATE_LAYER,291,/model.21/m.0/cv2/conv/Conv:OpId_1546 (cycles),0,cycles,DSP,yolov8l-modified
76481135061,FORWARD_PROPAGATE_LAYER,292,/model.21/m.0/cv2/act/Sigmoid:OpId_1549 (cycles),0,cycles,DSP,yolov8l-modified
76481135061,FORWARD_PROPAGATE_LAYER,293,/model.21/m.0/cv2/act/Mul:OpId_1556 (cycles),79268,cycles,DSP,yolov8l-modified
76481135061,FORWARD_PROPAGATE_LAYER,294,/model.21/m.1/cv1/conv/Conv:OpId_1563 (cycles),0,cycles,DSP,yolov8l-modified
76481135061,FORWARD_PROPAGATE_LAYER,295,/model.21/m.1/cv1/act/Sigmoid:OpId_1566 (cycles),0,cycles,DSP,yolov8l-modified
76481135061,FORWARD_PROPAGATE_LAYER,296,/model.21/m.1/cv1/act/Mul:OpId_1573 (cycles),80562,cycles,DSP,yolov8l-modified
76481135061,FORWARD_PROPAGATE_LAYER,297,/model.21/m.1/cv2/conv/Conv:OpId_1580 (cycles),0,cycles,DSP,yolov8l-modified
76481135061,FORWARD_PROPAGATE_LAYER,298,/model.21/m.1/cv2/act/Sigmoid:OpId_1583 (cycles),0,cycles,DSP,yolov8l-modified
76481135061,FORWARD_PROPAGATE_LAYER,299,/model.21/m.1/cv2/act/Mul:OpId_1590 (cycles),80018,cycles,DSP,yolov8l-modified
76481135061,FORWARD_PROPAGATE_LAYER,300,/model.21/m.2/cv1/conv/Conv:OpId_1597 (cycles),0,cycles,DSP,yolov8l-modified
76481135061,FORWARD_PROPAGATE_LAYER,301,/model.21/m.2/cv1/act/Sigmoid:OpId_1600 (cycles),0,cycles,DSP,yolov8l-modified
76481135061,FORWARD_PROPAGATE_LAYER,302,/model.21/m.2/cv1/act/Mul:OpId_1607 (cycles),80457,cycles,DSP,yolov8l-modified
76481135061,FORWARD_PROPAGATE_LAYER,303,/model.21/m.2/cv2/conv/Conv:OpId_1614 (cycles),0,cycles,DSP,yolov8l-modified
76481135061,FORWARD_PROPAGATE_LAYER,304,/model.21/m.2/cv2/act/Sigmoid:OpId_1617 (cycles),0,cycles,DSP,yolov8l-modified
76481135061,FORWARD_PROPAGATE_LAYER,305,/model.21/m.2/cv2/act/Mul:OpId_1624 (cycles),78985,cycles,DSP,yolov8l-modified
76481135061,FORWARD_PROPAGATE_LAYER,306,/model.21/Concat:OpId_1626 (cycles),0,cycles,DSP,yolov8l-modified
76481135061,FORWARD_PROPAGATE_LAYER,307,/model.21/cv2/conv/Conv:OpId_1633 (cycles),0,cycles,DSP,yolov8l-modified
76481135061,FORWARD_PROPAGATE_LAYER,308,/model.21/cv2/act/Sigmoid:OpId_1636 (cycles),0,cycles,DSP,yolov8l-modified
76481135061,FORWARD_PROPAGATE_LAYER,309,/model.21/cv2/act/Mul:OpId_1643 (cycles),98673,cycles,DSP,yolov8l-modified
76481135061,FORWARD_PROPAGATE_LAYER,310,/model.22/cv2.0/cv2.0.0/conv/Conv:OpId_1650 (cycles),0,cycles,DSP,yolov8l-modified
76481135061,FORWARD_PROPAGATE_LAYER,311,/model.22/cv2.0/cv2.0.0/act/Sigmoid:OpId_1653 (cycles),0,cycles,DSP,yolov8l-modified
76481135061,FORWARD_PROPAGATE_LAYER,312,/model.22/cv2.0/cv2.0.0/act/Mul:OpId_1660 (cycles),254427,cycles,DSP,yolov8l-modified
76481135061,FORWARD_PROPAGATE_LAYER,313,/model.22/cv2.0/cv2.0.1/conv/Conv:OpId_1667 (cycles),0,cycles,DSP,yolov8l-modified
76481135061,FORWARD_PROPAGATE_LAYER,314,/model.22/cv2.0/cv2.0.1/act/Sigmoid:OpId_1670 (cycles),0,cycles,DSP,yolov8l-modified
76481135061,FORWARD_PROPAGATE_LAYER,315,/model.22/cv2.0/cv2.0.1/act/Mul:OpId_1677 (cycles),81937,cycles,DSP,yolov8l-modified
76481135061,FORWARD_PROPAGATE_LAYER,316,/model.22/cv2.0/cv2.0.2/Conv:OpId_1684 (cycles),10851,cycles,DSP,yolov8l-modified
76481135061,FORWARD_PROPAGATE_LAYER,317,/model.22/cv2.0/cv2.0.2/Conv_output_0.nchw:OpId_1688 (cycles),206554,cycles,DSP,yolov8l-modified
76481135061,FORWARD_PROPAGATE_LAYER,318,/model.22/Reshape:OpId_1689 (cycles),362459,cycles,DSP,yolov8l-modified
76481135061,FORWARD_PROPAGATE_LAYER,319,/model.22/Transpose:OpId_1691 (cycles),324223,cycles,DSP,yolov8l-modified
76481135061,FORWARD_PROPAGATE_LAYER,320,/model.22/Softmax:OpId_1692 (cycles),1838365,cycles,DSP,yolov8l-modified
76481135061,FORWARD_PROPAGATE_LAYER,321,/model.22/Transpose_1:OpId_1696 (cycles),110387,cycles,DSP,yolov8l-modified
76481135061,FORWARD_PROPAGATE_LAYER,322,/model.22/proj_conv/Conv:OpId_1702 (cycles),184945,cycles,DSP,yolov8l-modified
76481135061,FORWARD_PROPAGATE_LAYER,323,/model.22/Gather_output_0_pre_reshape.nchw:OpId_1706 (cycles),0,cycles,DSP,yolov8l-modified
76481135061,FORWARD_PROPAGATE_LAYER,324,Reshape_post_/model.22/Gather:OpId_1707 (cycles),155833,cycles,DSP,yolov8l-modified
76481135061,FORWARD_PROPAGATE_LAYER,325,/model.22/Reshape_1_output_0.nhwc:OpId_1709 (cycles),29865,cycles,DSP,yolov8l-modified
76481135061,FORWARD_PROPAGATE_LAYER,326,/model.22/cv3.0/cv3.0.0/conv/Conv:OpId_1715 (cycles),0,cycles,DSP,yolov8l-modified
76481135061,FORWARD_PROPAGATE_LAYER,327,/model.22/cv3.0/cv3.0.0/act/Sigmoid:OpId_1718 (cycles),0,cycles,DSP,yolov8l-modified
76481135061,FORWARD_PROPAGATE_LAYER,328,/model.22/cv3.0/cv3.0.0/act/Mul:OpId_1725 (cycles),1015059,cycles,DSP,yolov8l-modified
76481135061,FORWARD_PROPAGATE_LAYER,329,/model.22/cv3.0/cv3.0.1/conv/Conv:OpId_1732 (cycles),0,cycles,DSP,yolov8l-modified
76481135061,FORWARD_PROPAGATE_LAYER,330,/model.22/cv3.0/cv3.0.1/act/Sigmoid:OpId_1735 (cycles),0,cycles,DSP,yolov8l-modified
76481135061,FORWARD_PROPAGATE_LAYER,331,/model.22/cv3.0/cv3.0.1/act/Mul:OpId_1742 (cycles),1030714,cycles,DSP,yolov8l-modified
76481135061,FORWARD_PROPAGATE_LAYER,332,/model.22/cv3.0/cv3.0.2/Conv:OpId_1749 (cycles),0,cycles,DSP,yolov8l-modified
76481135061,FORWARD_PROPAGATE_LAYER,333,/model.22/Sigmoid:OpId_1752 (cycles),72362,cycles,DSP,yolov8l-modified
76481135061,FORWARD_PROPAGATE_LAYER,334,/model.22/ReduceMax:OpId_1760 (cycles),437608,cycles,DSP,yolov8l-modified
76481135061,FORWARD_PROPAGATE_LAYER,335,/model.22/Concat:OpId_1762 (cycles),93160,cycles,DSP,yolov8l-modified
76481135061,FORWARD_PROPAGATE_LAYER,336,/model.22/cv2.1/cv2.1.0/conv/Conv:OpId_1769 (cycles),0,cycles,DSP,yolov8l-modified
76481135061,FORWARD_PROPAGATE_LAYER,337,/model.22/cv2.1/cv2.1.0/act/Sigmoid:OpId_1772 (cycles),0,cycles,DSP,yolov8l-modified
76481135061,FORWARD_PROPAGATE_LAYER,338,/model.22/cv2.1/cv2.1.0/act/Mul:OpId_1779 (cycles),122211,cycles,DSP,yolov8l-modified
76481135061,FORWARD_PROPAGATE_LAYER,339,/model.22/cv2.1/cv2.1.1/conv/Conv:OpId_1786 (cycles),0,cycles,DSP,yolov8l-modified
76481135061,FORWARD_PROPAGATE_LAYER,340,/model.22/cv2.1/cv2.1.1/act/Sigmoid:OpId_1789 (cycles),0,cycles,DSP,yolov8l-modified
76481135061,FORWARD_PROPAGATE_LAYER,341,/model.22/cv2.1/cv2.1.1/act/Mul:OpId_1796 (cycles),21627,cycles,DSP,yolov8l-modified
76481135061,FORWARD_PROPAGATE_LAYER,342,/model.22/cv2.1/cv2.1.2/Conv:OpId_1803 (cycles),4284,cycles,DSP,yolov8l-modified
76481135061,FORWARD_PROPAGATE_LAYER,343,/model.22/cv2.1/cv2.1.2/Conv_output_0.nchw:OpId_1807 (cycles),270589,cycles,DSP,yolov8l-modified
76481135061,FORWARD_PROPAGATE_LAYER,344,/model.22/Reshape_2:OpId_1808 (cycles),3814,cycles,DSP,yolov8l-modified
76481135061,FORWARD_PROPAGATE_LAYER,345,/model.22/Transpose_2:OpId_1810 (cycles),97770,cycles,DSP,yolov8l-modified
76481135061,FORWARD_PROPAGATE_LAYER,346,/model.22/Softmax_1:OpId_1811 (cycles),524954,cycles,DSP,yolov8l-modified
76481135061,FORWARD_PROPAGATE_LAYER,347,/model.22/Transpose_3:OpId_1815 (cycles),31490,cycles,DSP,yolov8l-modified
76481135061,FORWARD_PROPAGATE_LAYER,348,/model.22/proj_conv_1/Conv:OpId_1820 (cycles),14387,cycles,DSP,yolov8l-modified
76481135061,FORWARD_PROPAGATE_LAYER,349,/model.22/Gather_1_output_0_pre_reshape.nchw:OpId_1824 (cycles),0,cycles,DSP,yolov8l-modified
76481135061,FORWARD_PROPAGATE_LAYER,350,Reshape_post_/model.22/Gather_1:OpId_1825 (cycles),35652,cycles,DSP,yolov8l-modified
76481135061,FORWARD_PROPAGATE_LAYER,351,/model.22/Reshape_3_output_0.nhwc:OpId_1827 (cycles),6833,cycles,DSP,yolov8l-modified
76481135061,FORWARD_PROPAGATE_LAYER,352,/model.22/cv3.1/cv3.1.0/conv/Conv:OpId_1833 (cycles),0,cycles,DSP,yolov8l-modified
76481135061,FORWARD_PROPAGATE_LAYER,353,/model.22/cv3.1/cv3.1.0/act/Sigmoid:OpId_1836 (cycles),0,cycles,DSP,yolov8l-modified
76481135061,FORWARD_PROPAGATE_LAYER,354,/model.22/cv3.1/cv3.1.0/act/Mul:OpId_1843 (cycles),486346,cycles,DSP,yolov8l-modified
76481135061,FORWARD_PROPAGATE_LAYER,355,/model.22/cv3.1/cv3.1.1/conv/Conv:OpId_1850 (cycles),0,cycles,DSP,yolov8l-modified
76481135061,FORWARD_PROPAGATE_LAYER,356,/model.22/cv3.1/cv3.1.1/act/Sigmoid:OpId_1853 (cycles),0,cycles,DSP,yolov8l-modified
76481135061,FORWARD_PROPAGATE_LAYER,357,/model.22/cv3.1/cv3.1.1/act/Mul:OpId_1860 (cycles),257631,cycles,DSP,yolov8l-modified
76481135061,FORWARD_PROPAGATE_LAYER,358,/model.22/cv3.1/cv3.1.2/Conv:OpId_1867 (cycles),0,cycles,DSP,yolov8l-modified
76481135061,FORWARD_PROPAGATE_LAYER,359,/model.22/Sigmoid_1:OpId_1870 (cycles),21323,cycles,DSP,yolov8l-modified
76481135061,FORWARD_PROPAGATE_LAYER,360,/model.22/ReduceMax_1:OpId_1878 (cycles),101295,cycles,DSP,yolov8l-modified
76481135061,FORWARD_PROPAGATE_LAYER,361,/model.22/Concat_1:OpId_1880 (cycles),26586,cycles,DSP,yolov8l-modified
76481135061,FORWARD_PROPAGATE_LAYER,362,/model.22/cv2.2/cv2.2.0/conv/Conv:OpId_1887 (cycles),0,cycles,DSP,yolov8l-modified
76481135061,FORWARD_PROPAGATE_LAYER,363,/model.22/cv2.2/cv2.2.0/act/Sigmoid:OpId_1890 (cycles),0,cycles,DSP,yolov8l-modified
76481135061,FORWARD_PROPAGATE_LAYER,364,/model.22/cv2.2/cv2.2.0/act/Mul:OpId_1897 (cycles),40208,cycles,DSP,yolov8l-modified
76481135061,FORWARD_PROPAGATE_LAYER,365,/model.22/cv2.2/cv2.2.1/conv/Conv:OpId_1904 (cycles),0,cycles,DSP,yolov8l-modified
76481135061,FORWARD_PROPAGATE_LAYER,366,/model.22/cv2.2/cv2.2.1/act/Sigmoid:OpId_1907 (cycles),0,cycles,DSP,yolov8l-modified
76481135061,FORWARD_PROPAGATE_LAYER,367,/model.22/cv2.2/cv2.2.1/act/Mul:OpId_1914 (cycles),7253,cycles,DSP,yolov8l-modified
76481135061,FORWARD_PROPAGATE_LAYER,368,/model.22/cv2.2/cv2.2.2/Conv:OpId_1921 (cycles),1964,cycles,DSP,yolov8l-modified
76481135061,FORWARD_PROPAGATE_LAYER,369,/model.22/cv2.2/cv2.2.2/Conv_output_0.nchw:OpId_1925 (cycles),23229,cycles,DSP,yolov8l-modified
76481135061,FORWARD_PROPAGATE_LAYER,370,/model.22/Reshape_4:OpId_1926 (cycles),17809,cycles,DSP,yolov8l-modified
76481135061,FORWARD_PROPAGATE_LAYER,371,/model.22/Transpose_4:OpId_1928 (cycles),23879,cycles,DSP,yolov8l-modified
76481135061,FORWARD_PROPAGATE_LAYER,372,/model.22/Softmax_2:OpId_1929 (cycles),118524,cycles,DSP,yolov8l-modified
76481135061,FORWARD_PROPAGATE_LAYER,373,/model.22/Transpose_5:OpId_1933 (cycles),7305,cycles,DSP,yolov8l-modified
76481135061,FORWARD_PROPAGATE_LAYER,374,/model.22/proj_conv_2/Conv:OpId_1938 (cycles),1440,cycles,DSP,yolov8l-modified
76481135061,FORWARD_PROPAGATE_LAYER,375,/model.22/Gather_2_output_0_pre_reshape.nchw:OpId_1942 (cycles),0,cycles,DSP,yolov8l-modified
76481135061,FORWARD_PROPAGATE_LAYER,376,Reshape_post_/model.22/Gather_2:OpId_1943 (cycles),8089,cycles,DSP,yolov8l-modified
76481135061,FORWARD_PROPAGATE_LAYER,377,/model.22/Reshape_5_output_0.nhwc:OpId_1945 (cycles),2887,cycles,DSP,yolov8l-modified
76481135061,FORWARD_PROPAGATE_LAYER,378,/model.22/cv3.2/cv3.2.0/conv/Conv:OpId_1951 (cycles),0,cycles,DSP,yolov8l-modified
76481135061,FORWARD_PROPAGATE_LAYER,379,/model.22/cv3.2/cv3.2.0/act/Sigmoid:OpId_1954 (cycles),0,cycles,DSP,yolov8l-modified
76481135061,FORWARD_PROPAGATE_LAYER,380,/model.22/cv3.2/cv3.2.0/act/Mul:OpId_1961 (cycles),147071,cycles,DSP,yolov8l-modified
76481135061,FORWARD_PROPAGATE_LAYER,381,/model.22/cv3.2/cv3.2.1/conv/Conv:OpId_1968 (cycles),0,cycles,DSP,yolov8l-modified
76481135061,FORWARD_PROPAGATE_LAYER,382,/model.22/cv3.2/cv3.2.1/act/Sigmoid:OpId_1971 (cycles),0,cycles,DSP,yolov8l-modified
76481135061,FORWARD_PROPAGATE_LAYER,383,/model.22/cv3.2/cv3.2.1/act/Mul:OpId_1978 (cycles),78793,cycles,DSP,yolov8l-modified
76481135061,FORWARD_PROPAGATE_LAYER,384,/model.22/cv3.2/cv3.2.2/Conv:OpId_1985 (cycles),0,cycles,DSP,yolov8l-modified
76481135061,FORWARD_PROPAGATE_LAYER,385,/model.22/Sigmoid_2:OpId_1988 (cycles),6213,cycles,DSP,yolov8l-modified
76481135061,FORWARD_PROPAGATE_LAYER,386,/model.22/ReduceMax_2:OpId_1996 (cycles),26324,cycles,DSP,yolov8l-modified
76481135061,FORWARD_PROPAGATE_LAYER,387,/model.22/Concat_2:OpId_1998 (cycles),6314,cycles,DSP,yolov8l-modified
76481135061,FORWARD_PROPAGATE_LAYER,388,Output OpId_3 (cycles),778682,cycles,DSP,yolov8l-modified
